ISO-10303-21;
HEADER;
FILE_DESCRIPTION(('Open CASCADE Model'),'2;1');
FILE_NAME('hall_thruster','2026-08-04T21:27:56',('Author'),(
    'Open CASCADE'),'Open CASCADE STEP processor 7.9','build123d',
  'Unknown');
FILE_SCHEMA(('AUTOMOTIVE_DESIGN { 1 0 10303 214 1 1 1 1 }'));
ENDSEC;
DATA;
#1 = APPLICATION_PROTOCOL_DEFINITION('international standard',
  'automotive_design',2000,#2);
#2 = APPLICATION_CONTEXT(
  'core data for automotive mechanical design processes');
#3 = SHAPE_DEFINITION_REPRESENTATION(#4,#10);
#4 = PRODUCT_DEFINITION_SHAPE('','',#5);
#5 = PRODUCT_DEFINITION('design','',#6,#9);
#6 = PRODUCT_DEFINITION_FORMATION('','',#7);
#7 = PRODUCT('hall_thruster','hall_thruster','',(#8));
#8 = PRODUCT_CONTEXT('',#2,'mechanical');
#9 = PRODUCT_DEFINITION_CONTEXT('part definition',#2,'design');
#10 = SHAPE_REPRESENTATION('',(#11,#15,#19,#23,#27,#31,#35,#39,#43,#47,
    #51),#55);
#11 = AXIS2_PLACEMENT_3D('',#12,#13,#14);
#12 = CARTESIAN_POINT('',(0.,0.,0.));
#13 = DIRECTION('',(0.,0.,1.));
#14 = DIRECTION('',(1.,0.,-0.));
#15 = AXIS2_PLACEMENT_3D('',#16,#17,#18);
#16 = CARTESIAN_POINT('',(0.,0.,0.));
#17 = DIRECTION('',(0.,0.,1.));
#18 = DIRECTION('',(1.,0.,-0.));
#19 = AXIS2_PLACEMENT_3D('',#20,#21,#22);
#20 = CARTESIAN_POINT('',(0.,0.,0.));
#21 = DIRECTION('',(0.,0.,1.));
#22 = DIRECTION('',(1.,0.,-0.));
#23 = AXIS2_PLACEMENT_3D('',#24,#25,#26);
#24 = CARTESIAN_POINT('',(0.,0.,0.));
#25 = DIRECTION('',(0.,0.,1.));
#26 = DIRECTION('',(1.,0.,-0.));
#27 = AXIS2_PLACEMENT_3D('',#28,#29,#30);
#28 = CARTESIAN_POINT('',(0.,0.,0.));
#29 = DIRECTION('',(0.,0.,1.));
#30 = DIRECTION('',(1.,0.,-0.));
#31 = AXIS2_PLACEMENT_3D('',#32,#33,#34);
#32 = CARTESIAN_POINT('',(0.,0.,28.));
#33 = DIRECTION('',(0.,0.,1.));
#34 = DIRECTION('',(1.,0.,-0.));
#35 = AXIS2_PLACEMENT_3D('',#36,#37,#38);
#36 = CARTESIAN_POINT('',(0.,0.,0.));
#37 = DIRECTION('',(0.,0.,1.));
#38 = DIRECTION('',(1.,0.,-0.));
#39 = AXIS2_PLACEMENT_3D('',#40,#41,#42);
#40 = CARTESIAN_POINT('',(0.,0.,0.));
#41 = DIRECTION('',(0.,0.,1.));
#42 = DIRECTION('',(1.,0.,-0.));
#43 = AXIS2_PLACEMENT_3D('',#44,#45,#46);
#44 = CARTESIAN_POINT('',(0.,0.,0.));
#45 = DIRECTION('',(0.,0.,1.));
#46 = DIRECTION('',(1.,0.,-0.));
#47 = AXIS2_PLACEMENT_3D('',#48,#49,#50);
#48 = CARTESIAN_POINT('',(0.,0.,0.));
#49 = DIRECTION('',(0.,0.,1.));
#50 = DIRECTION('',(1.,0.,-0.));
#51 = AXIS2_PLACEMENT_3D('',#52,#53,#54);
#52 = CARTESIAN_POINT('',(0.,0.,0.));
#53 = DIRECTION('',(0.,0.,1.));
#54 = DIRECTION('',(1.,0.,-0.));
#55 = ( GEOMETRIC_REPRESENTATION_CONTEXT(3) 
GLOBAL_UNCERTAINTY_ASSIGNED_CONTEXT((#59)) GLOBAL_UNIT_ASSIGNED_CONTEXT(
(#56,#57,#58)) REPRESENTATION_CONTEXT('Context #1',
  '3D Context with UNIT and UNCERTAINTY') );
#56 = ( LENGTH_UNIT() NAMED_UNIT(*) SI_UNIT(.MILLI.,.METRE.) );
#57 = ( NAMED_UNIT(*) PLANE_ANGLE_UNIT() SI_UNIT($,.RADIAN.) );
#58 = ( NAMED_UNIT(*) SI_UNIT($,.STERADIAN.) SOLID_ANGLE_UNIT() );
#59 = UNCERTAINTY_MEASURE_WITH_UNIT(LENGTH_MEASURE(5.E-07),#56,
  'distance_accuracy_value','confusion accuracy');
#60 = PRODUCT_RELATED_PRODUCT_CATEGORY('part',$,(#7));
#61 = SHAPE_DEFINITION_REPRESENTATION(#62,#68);
#62 = PRODUCT_DEFINITION_SHAPE('','',#63);
#63 = PRODUCT_DEFINITION('design','',#64,#67);
#64 = PRODUCT_DEFINITION_FORMATION('','',#65);
#65 = PRODUCT('Outer_Shell','Outer_Shell','',(#66));
#66 = PRODUCT_CONTEXT('',#2,'mechanical');
#67 = PRODUCT_DEFINITION_CONTEXT('part definition',#2,'design');
#68 = ADVANCED_BREP_SHAPE_REPRESENTATION('',(#11,#69),#251);
#69 = MANIFOLD_SOLID_BREP('',#70);
#70 = CLOSED_SHELL('',(#71,#159,#194,#224));
#71 = ADVANCED_FACE('',(#72),#85,.T.);
#72 = FACE_BOUND('',#73,.T.);
#73 = EDGE_LOOP('',(#74,#108,#131,#158));
#74 = ORIENTED_EDGE('',*,*,#75,.F.);
#75 = EDGE_CURVE('',#76,#76,#78,.T.);
#76 = VERTEX_POINT('',#77);
#77 = CARTESIAN_POINT('',(106.,-2.596251214192E-14,122.));
#78 = SURFACE_CURVE('',#79,(#84,#96),.PCURVE_S1.);
#79 = CIRCLE('',#80,106.);
#80 = AXIS2_PLACEMENT_3D('',#81,#82,#83);
#81 = CARTESIAN_POINT('',(0.,0.,122.));
#82 = DIRECTION('',(0.,0.,1.));
#83 = DIRECTION('',(1.,0.,-0.));
#84 = PCURVE('',#85,#90);
#85 = CYLINDRICAL_SURFACE('',#86,106.);
#86 = AXIS2_PLACEMENT_3D('',#87,#88,#89);
#87 = CARTESIAN_POINT('',(0.,0.,0.));
#88 = DIRECTION('',(0.,0.,1.));
#89 = DIRECTION('',(1.,0.,-0.));
#90 = DEFINITIONAL_REPRESENTATION('',(#91),#95);
#91 = LINE('',#92,#93);
#92 = CARTESIAN_POINT('',(0.,122.));
#93 = VECTOR('',#94,1.);
#94 = DIRECTION('',(1.,0.));
#95 = ( GEOMETRIC_REPRESENTATION_CONTEXT(2) 
PARAMETRIC_REPRESENTATION_CONTEXT() REPRESENTATION_CONTEXT('2D SPACE',''
  ) );
#96 = PCURVE('',#97,#102);
#97 = PLANE('',#98);
#98 = AXIS2_PLACEMENT_3D('',#99,#100,#101);
#99 = CARTESIAN_POINT('',(0.,0.,122.));
#100 = DIRECTION('',(0.,0.,1.));
#101 = DIRECTION('',(1.,0.,-0.));
#102 = DEFINITIONAL_REPRESENTATION('',(#103),#107);
#103 = CIRCLE('',#104,106.);
#104 = AXIS2_PLACEMENT_2D('',#105,#106);
#105 = CARTESIAN_POINT('',(0.,0.));
#106 = DIRECTION('',(1.,0.));
#107 = ( GEOMETRIC_REPRESENTATION_CONTEXT(2) 
PARAMETRIC_REPRESENTATION_CONTEXT() REPRESENTATION_CONTEXT('2D SPACE',''
  ) );
#108 = ORIENTED_EDGE('',*,*,#109,.F.);
#109 = EDGE_CURVE('',#110,#76,#112,.T.);
#110 = VERTEX_POINT('',#111);
#111 = CARTESIAN_POINT('',(106.,-2.596251214192E-14,0.));
#112 = SEAM_CURVE('',#113,(#117,#124),.PCURVE_S1.);
#113 = LINE('',#114,#115);
#114 = CARTESIAN_POINT('',(106.,-2.596251214192E-14,0.));
#115 = VECTOR('',#116,1.);
#116 = DIRECTION('',(0.,0.,1.));
#117 = PCURVE('',#85,#118);
#118 = DEFINITIONAL_REPRESENTATION('',(#119),#123);
#119 = LINE('',#120,#121);
#120 = CARTESIAN_POINT('',(6.28318530718,-0.));
#121 = VECTOR('',#122,1.);
#122 = DIRECTION('',(0.,1.));
#123 = ( GEOMETRIC_REPRESENTATION_CONTEXT(2) 
PARAMETRIC_REPRESENTATION_CONTEXT() REPRESENTATION_CONTEXT('2D SPACE',''
  ) );
#124 = PCURVE('',#85,#125);
#125 = DEFINITIONAL_REPRESENTATION('',(#126),#130);
#126 = LINE('',#127,#128);
#127 = CARTESIAN_POINT('',(0.,-0.));
#128 = VECTOR('',#129,1.);
#129 = DIRECTION('',(0.,1.));
#130 = ( GEOMETRIC_REPRESENTATION_CONTEXT(2) 
PARAMETRIC_REPRESENTATION_CONTEXT() REPRESENTATION_CONTEXT('2D SPACE',''
  ) );
#131 = ORIENTED_EDGE('',*,*,#132,.T.);
#132 = EDGE_CURVE('',#110,#110,#133,.T.);
#133 = SURFACE_CURVE('',#134,(#139,#146),.PCURVE_S1.);
#134 = CIRCLE('',#135,106.);
#135 = AXIS2_PLACEMENT_3D('',#136,#137,#138);
#136 = CARTESIAN_POINT('',(0.,0.,0.));
#137 = DIRECTION('',(0.,0.,1.));
#138 = DIRECTION('',(1.,0.,-0.));
#139 = PCURVE('',#85,#140);
#140 = DEFINITIONAL_REPRESENTATION('',(#141),#145);
#141 = LINE('',#142,#143);
#142 = CARTESIAN_POINT('',(0.,0.));
#143 = VECTOR('',#144,1.);
#144 = DIRECTION('',(1.,0.));
#145 = ( GEOMETRIC_REPRESENTATION_CONTEXT(2) 
PARAMETRIC_REPRESENTATION_CONTEXT() REPRESENTATION_CONTEXT('2D SPACE',''
  ) );
#146 = PCURVE('',#147,#152);
#147 = PLANE('',#148);
#148 = AXIS2_PLACEMENT_3D('',#149,#150,#151);
#149 = CARTESIAN_POINT('',(0.,0.,0.));
#150 = DIRECTION('',(0.,0.,1.));
#151 = DIRECTION('',(1.,0.,-0.));
#152 = DEFINITIONAL_REPRESENTATION('',(#153),#157);
#153 = CIRCLE('',#154,106.);
#154 = AXIS2_PLACEMENT_2D('',#155,#156);
#155 = CARTESIAN_POINT('',(0.,0.));
#156 = DIRECTION('',(1.,0.));
#157 = ( GEOMETRIC_REPRESENTATION_CONTEXT(2) 
PARAMETRIC_REPRESENTATION_CONTEXT() REPRESENTATION_CONTEXT('2D SPACE',''
  ) );
#158 = ORIENTED_EDGE('',*,*,#109,.T.);
#159 = ADVANCED_FACE('',(#160,#163),#97,.T.);
#160 = FACE_BOUND('',#161,.T.);
#161 = EDGE_LOOP('',(#162));
#162 = ORIENTED_EDGE('',*,*,#75,.T.);
#163 = FACE_BOUND('',#164,.T.);
#164 = EDGE_LOOP('',(#165));
#165 = ORIENTED_EDGE('',*,*,#166,.F.);
#166 = EDGE_CURVE('',#167,#167,#169,.T.);
#167 = VERTEX_POINT('',#168);
#168 = CARTESIAN_POINT('',(100.,-2.449293598295E-14,122.));
#169 = SURFACE_CURVE('',#170,(#175,#182),.PCURVE_S1.);
#170 = CIRCLE('',#171,100.);
#171 = AXIS2_PLACEMENT_3D('',#172,#173,#174);
#172 = CARTESIAN_POINT('',(0.,0.,122.));
#173 = DIRECTION('',(0.,0.,1.));
#174 = DIRECTION('',(1.,0.,-0.));
#175 = PCURVE('',#97,#176);
#176 = DEFINITIONAL_REPRESENTATION('',(#177),#181);
#177 = CIRCLE('',#178,100.);
#178 = AXIS2_PLACEMENT_2D('',#179,#180);
#179 = CARTESIAN_POINT('',(0.,0.));
#180 = DIRECTION('',(1.,0.));
#181 = ( GEOMETRIC_REPRESENTATION_CONTEXT(2) 
PARAMETRIC_REPRESENTATION_CONTEXT() REPRESENTATION_CONTEXT('2D SPACE',''
  ) );
#182 = PCURVE('',#183,#188);
#183 = CYLINDRICAL_SURFACE('',#184,100.);
#184 = AXIS2_PLACEMENT_3D('',#185,#186,#187);
#185 = CARTESIAN_POINT('',(0.,0.,0.));
#186 = DIRECTION('',(0.,0.,1.));
#187 = DIRECTION('',(1.,0.,-0.));
#188 = DEFINITIONAL_REPRESENTATION('',(#189),#193);
#189 = LINE('',#190,#191);
#190 = CARTESIAN_POINT('',(0.,122.));
#191 = VECTOR('',#192,1.);
#192 = DIRECTION('',(1.,0.));
#193 = ( GEOMETRIC_REPRESENTATION_CONTEXT(2) 
PARAMETRIC_REPRESENTATION_CONTEXT() REPRESENTATION_CONTEXT('2D SPACE',''
  ) );
#194 = ADVANCED_FACE('',(#195,#198),#147,.F.);
#195 = FACE_BOUND('',#196,.F.);
#196 = EDGE_LOOP('',(#197));
#197 = ORIENTED_EDGE('',*,*,#132,.T.);
#198 = FACE_BOUND('',#199,.F.);
#199 = EDGE_LOOP('',(#200));
#200 = ORIENTED_EDGE('',*,*,#201,.F.);
#201 = EDGE_CURVE('',#202,#202,#204,.T.);
#202 = VERTEX_POINT('',#203);
#203 = CARTESIAN_POINT('',(100.,-2.449293598295E-14,0.));
#204 = SURFACE_CURVE('',#205,(#210,#217),.PCURVE_S1.);
#205 = CIRCLE('',#206,100.);
#206 = AXIS2_PLACEMENT_3D('',#207,#208,#209);
#207 = CARTESIAN_POINT('',(0.,0.,0.));
#208 = DIRECTION('',(0.,0.,1.));
#209 = DIRECTION('',(1.,0.,-0.));
#210 = PCURVE('',#147,#211);
#211 = DEFINITIONAL_REPRESENTATION('',(#212),#216);
#212 = CIRCLE('',#213,100.);
#213 = AXIS2_PLACEMENT_2D('',#214,#215);
#214 = CARTESIAN_POINT('',(0.,0.));
#215 = DIRECTION('',(1.,0.));
#216 = ( GEOMETRIC_REPRESENTATION_CONTEXT(2) 
PARAMETRIC_REPRESENTATION_CONTEXT() REPRESENTATION_CONTEXT('2D SPACE',''
  ) );
#217 = PCURVE('',#183,#218);
#218 = DEFINITIONAL_REPRESENTATION('',(#219),#223);
#219 = LINE('',#220,#221);
#220 = CARTESIAN_POINT('',(0.,0.));
#221 = VECTOR('',#222,1.);
#222 = DIRECTION('',(1.,0.));
#223 = ( GEOMETRIC_REPRESENTATION_CONTEXT(2) 
PARAMETRIC_REPRESENTATION_CONTEXT() REPRESENTATION_CONTEXT('2D SPACE',''
  ) );
#224 = ADVANCED_FACE('',(#225),#183,.F.);
#225 = FACE_BOUND('',#226,.F.);
#226 = EDGE_LOOP('',(#227,#228,#249,#250));
#227 = ORIENTED_EDGE('',*,*,#166,.F.);
#228 = ORIENTED_EDGE('',*,*,#229,.F.);
#229 = EDGE_CURVE('',#202,#167,#230,.T.);
#230 = SEAM_CURVE('',#231,(#235,#242),.PCURVE_S1.);
#231 = LINE('',#232,#233);
#232 = CARTESIAN_POINT('',(100.,-2.449293598295E-14,0.));
#233 = VECTOR('',#234,1.);
#234 = DIRECTION('',(0.,0.,1.));
#235 = PCURVE('',#183,#236);
#236 = DEFINITIONAL_REPRESENTATION('',(#237),#241);
#237 = LINE('',#238,#239);
#238 = CARTESIAN_POINT('',(6.28318530718,-0.));
#239 = VECTOR('',#240,1.);
#240 = DIRECTION('',(0.,1.));
#241 = ( GEOMETRIC_REPRESENTATION_CONTEXT(2) 
PARAMETRIC_REPRESENTATION_CONTEXT() REPRESENTATION_CONTEXT('2D SPACE',''
  ) );
#242 = PCURVE('',#183,#243);
#243 = DEFINITIONAL_REPRESENTATION('',(#244),#248);
#244 = LINE('',#245,#246);
#245 = CARTESIAN_POINT('',(0.,-0.));
#246 = VECTOR('',#247,1.);
#247 = DIRECTION('',(0.,1.));
#248 = ( GEOMETRIC_REPRESENTATION_CONTEXT(2) 
PARAMETRIC_REPRESENTATION_CONTEXT() REPRESENTATION_CONTEXT('2D SPACE',''
  ) );
#249 = ORIENTED_EDGE('',*,*,#201,.T.);
#250 = ORIENTED_EDGE('',*,*,#229,.T.);
#251 = ( GEOMETRIC_REPRESENTATION_CONTEXT(3) 
GLOBAL_UNCERTAINTY_ASSIGNED_CONTEXT((#255)) GLOBAL_UNIT_ASSIGNED_CONTEXT
((#252,#253,#254)) REPRESENTATION_CONTEXT('Context #1',
  '3D Context with UNIT and UNCERTAINTY') );
#252 = ( LENGTH_UNIT() NAMED_UNIT(*) SI_UNIT(.MILLI.,.METRE.) );
#253 = ( NAMED_UNIT(*) PLANE_ANGLE_UNIT() SI_UNIT($,.RADIAN.) );
#254 = ( NAMED_UNIT(*) SI_UNIT($,.STERADIAN.) SOLID_ANGLE_UNIT() );
#255 = UNCERTAINTY_MEASURE_WITH_UNIT(LENGTH_MEASURE(1.E-07),#252,
  'distance_accuracy_value','confusion accuracy');
#256 = CONTEXT_DEPENDENT_SHAPE_REPRESENTATION(#257,#259);
#257 = ( REPRESENTATION_RELATIONSHIP('','',#68,#10) 
REPRESENTATION_RELATIONSHIP_WITH_TRANSFORMATION(#258) 
SHAPE_REPRESENTATION_RELATIONSHIP() );
#258 = ITEM_DEFINED_TRANSFORMATION('','',#11,#15);
#259 = PRODUCT_DEFINITION_SHAPE('Placement','Placement of an item',#260
  );
#260 = NEXT_ASSEMBLY_USAGE_OCCURRENCE('1','Outer_Shell','',#5,#63,$);
#261 = PRODUCT_RELATED_PRODUCT_CATEGORY('part',$,(#65));
#262 = SHAPE_DEFINITION_REPRESENTATION(#263,#269);
#263 = PRODUCT_DEFINITION_SHAPE('','',#264);
#264 = PRODUCT_DEFINITION('design','',#265,#268);
#265 = PRODUCT_DEFINITION_FORMATION('','',#266);
#266 = PRODUCT('Magnetic_Core_Outer','Magnetic_Core_Outer','',(#267));
#267 = PRODUCT_CONTEXT('',#2,'mechanical');
#268 = PRODUCT_DEFINITION_CONTEXT('part definition',#2,'design');
#269 = ADVANCED_BREP_SHAPE_REPRESENTATION('',(#11,#270),#1052);
#270 = MANIFOLD_SOLID_BREP('',#271);
#271 = CLOSED_SHELL('',(#272,#360,#550,#606,#661,#688,#738,#765,#815,
    #865,#940,#995,#1045));
#272 = ADVANCED_FACE('',(#273),#286,.T.);
#273 = FACE_BOUND('',#274,.T.);
#274 = EDGE_LOOP('',(#275,#309,#332,#359));
#275 = ORIENTED_EDGE('',*,*,#276,.F.);
#276 = EDGE_CURVE('',#277,#277,#279,.T.);
#277 = VERTEX_POINT('',#278);
#278 = CARTESIAN_POINT('',(100.,-2.449293598295E-14,20.));
#279 = SURFACE_CURVE('',#280,(#285,#297),.PCURVE_S1.);
#280 = CIRCLE('',#281,100.);
#281 = AXIS2_PLACEMENT_3D('',#282,#283,#284);
#282 = CARTESIAN_POINT('',(0.,0.,20.));
#283 = DIRECTION('',(0.,0.,1.));
#284 = DIRECTION('',(1.,0.,-0.));
#285 = PCURVE('',#286,#291);
#286 = CYLINDRICAL_SURFACE('',#287,100.);
#287 = AXIS2_PLACEMENT_3D('',#288,#289,#290);
#288 = CARTESIAN_POINT('',(0.,0.,0.));
#289 = DIRECTION('',(0.,0.,1.));
#290 = DIRECTION('',(1.,0.,-0.));
#291 = DEFINITIONAL_REPRESENTATION('',(#292),#296);
#292 = LINE('',#293,#294);
#293 = CARTESIAN_POINT('',(0.,20.));
#294 = VECTOR('',#295,1.);
#295 = DIRECTION('',(1.,0.));
#296 = ( GEOMETRIC_REPRESENTATION_CONTEXT(2) 
PARAMETRIC_REPRESENTATION_CONTEXT() REPRESENTATION_CONTEXT('2D SPACE',''
  ) );
#297 = PCURVE('',#298,#303);
#298 = PLANE('',#299);
#299 = AXIS2_PLACEMENT_3D('',#300,#301,#302);
#300 = CARTESIAN_POINT('',(0.,0.,20.));
#301 = DIRECTION('',(0.,0.,1.));
#302 = DIRECTION('',(1.,0.,-0.));
#303 = DEFINITIONAL_REPRESENTATION('',(#304),#308);
#304 = CIRCLE('',#305,100.);
#305 = AXIS2_PLACEMENT_2D('',#306,#307);
#306 = CARTESIAN_POINT('',(0.,0.));
#307 = DIRECTION('',(1.,0.));
#308 = ( GEOMETRIC_REPRESENTATION_CONTEXT(2) 
PARAMETRIC_REPRESENTATION_CONTEXT() REPRESENTATION_CONTEXT('2D SPACE',''
  ) );
#309 = ORIENTED_EDGE('',*,*,#310,.F.);
#310 = EDGE_CURVE('',#311,#277,#313,.T.);
#311 = VERTEX_POINT('',#312);
#312 = CARTESIAN_POINT('',(100.,-2.449293598295E-14,0.));
#313 = SEAM_CURVE('',#314,(#318,#325),.PCURVE_S1.);
#314 = LINE('',#315,#316);
#315 = CARTESIAN_POINT('',(100.,-2.449293598295E-14,0.));
#316 = VECTOR('',#317,1.);
#317 = DIRECTION('',(0.,0.,1.));
#318 = PCURVE('',#286,#319);
#319 = DEFINITIONAL_REPRESENTATION('',(#320),#324);
#320 = LINE('',#321,#322);
#321 = CARTESIAN_POINT('',(6.28318530718,-0.));
#322 = VECTOR('',#323,1.);
#323 = DIRECTION('',(0.,1.));
#324 = ( GEOMETRIC_REPRESENTATION_CONTEXT(2) 
PARAMETRIC_REPRESENTATION_CONTEXT() REPRESENTATION_CONTEXT('2D SPACE',''
  ) );
#325 = PCURVE('',#286,#326);
#326 = DEFINITIONAL_REPRESENTATION('',(#327),#331);
#327 = LINE('',#328,#329);
#328 = CARTESIAN_POINT('',(0.,-0.));
#329 = VECTOR('',#330,1.);
#330 = DIRECTION('',(0.,1.));
#331 = ( GEOMETRIC_REPRESENTATION_CONTEXT(2) 
PARAMETRIC_REPRESENTATION_CONTEXT() REPRESENTATION_CONTEXT('2D SPACE',''
  ) );
#332 = ORIENTED_EDGE('',*,*,#333,.T.);
#333 = EDGE_CURVE('',#311,#311,#334,.T.);
#334 = SURFACE_CURVE('',#335,(#340,#347),.PCURVE_S1.);
#335 = CIRCLE('',#336,100.);
#336 = AXIS2_PLACEMENT_3D('',#337,#338,#339);
#337 = CARTESIAN_POINT('',(0.,0.,0.));
#338 = DIRECTION('',(0.,0.,1.));
#339 = DIRECTION('',(1.,0.,-0.));
#340 = PCURVE('',#286,#341);
#341 = DEFINITIONAL_REPRESENTATION('',(#342),#346);
#342 = LINE('',#343,#344);
#343 = CARTESIAN_POINT('',(0.,0.));
#344 = VECTOR('',#345,1.);
#345 = DIRECTION('',(1.,0.));
#346 = ( GEOMETRIC_REPRESENTATION_CONTEXT(2) 
PARAMETRIC_REPRESENTATION_CONTEXT() REPRESENTATION_CONTEXT('2D SPACE',''
  ) );
#347 = PCURVE('',#348,#353);
#348 = PLANE('',#349);
#349 = AXIS2_PLACEMENT_3D('',#350,#351,#352);
#350 = CARTESIAN_POINT('',(0.,0.,0.));
#351 = DIRECTION('',(0.,0.,1.));
#352 = DIRECTION('',(1.,0.,-0.));
#353 = DEFINITIONAL_REPRESENTATION('',(#354),#358);
#354 = CIRCLE('',#355,100.);
#355 = AXIS2_PLACEMENT_2D('',#356,#357);
#356 = CARTESIAN_POINT('',(0.,0.));
#357 = DIRECTION('',(1.,0.));
#358 = ( GEOMETRIC_REPRESENTATION_CONTEXT(2) 
PARAMETRIC_REPRESENTATION_CONTEXT() REPRESENTATION_CONTEXT('2D SPACE',''
  ) );
#359 = ORIENTED_EDGE('',*,*,#310,.T.);
#360 = ADVANCED_FACE('',(#361,#364,#395,#426,#457,#488,#519),#298,.T.);
#361 = FACE_BOUND('',#362,.T.);
#362 = EDGE_LOOP('',(#363));
#363 = ORIENTED_EDGE('',*,*,#276,.T.);
#364 = FACE_BOUND('',#365,.T.);
#365 = EDGE_LOOP('',(#366));
#366 = ORIENTED_EDGE('',*,*,#367,.F.);
#367 = EDGE_CURVE('',#368,#368,#370,.T.);
#368 = VERTEX_POINT('',#369);
#369 = CARTESIAN_POINT('',(-2.130020026202E-14,-86.,20.));
#370 = SURFACE_CURVE('',#371,(#376,#383),.PCURVE_S1.);
#371 = CIRCLE('',#372,9.);
#372 = AXIS2_PLACEMENT_3D('',#373,#374,#375);
#373 = CARTESIAN_POINT('',(-1.709743457923E-14,-77.,20.));
#374 = DIRECTION('',(0.,0.,1.));
#375 = DIRECTION('',(-2.22044604925E-16,-1.,0.));
#376 = PCURVE('',#298,#377);
#377 = DEFINITIONAL_REPRESENTATION('',(#378),#382);
#378 = CIRCLE('',#379,9.);
#379 = AXIS2_PLACEMENT_2D('',#380,#381);
#380 = CARTESIAN_POINT('',(-1.709743457923E-14,-77.));
#381 = DIRECTION('',(-2.22044604925E-16,-1.));
#382 = ( GEOMETRIC_REPRESENTATION_CONTEXT(2) 
PARAMETRIC_REPRESENTATION_CONTEXT() REPRESENTATION_CONTEXT('2D SPACE',''
  ) );
#383 = PCURVE('',#384,#389);
#384 = CYLINDRICAL_SURFACE('',#385,9.);
#385 = AXIS2_PLACEMENT_3D('',#386,#387,#388);
#386 = CARTESIAN_POINT('',(-1.709743457923E-14,-77.,20.));
#387 = DIRECTION('',(0.,0.,1.));
#388 = DIRECTION('',(-2.22044604925E-16,-1.,0.));
#389 = DEFINITIONAL_REPRESENTATION('',(#390),#394);
#390 = LINE('',#391,#392);
#391 = CARTESIAN_POINT('',(0.,0.));
#392 = VECTOR('',#393,1.);
#393 = DIRECTION('',(1.,0.));
#394 = ( GEOMETRIC_REPRESENTATION_CONTEXT(2) 
PARAMETRIC_REPRESENTATION_CONTEXT() REPRESENTATION_CONTEXT('2D SPACE',''
  ) );
#395 = FACE_BOUND('',#396,.T.);
#396 = EDGE_LOOP('',(#397));
#397 = ORIENTED_EDGE('',*,*,#398,.F.);
#398 = EDGE_CURVE('',#399,#399,#401,.T.);
#399 = VERTEX_POINT('',#400);
#400 = CARTESIAN_POINT('',(-1.223873949784E-14,-48.5,20.));
#401 = SURFACE_CURVE('',#402,(#407,#414),.PCURVE_S1.);
#402 = CIRCLE('',#403,6.);
#403 = AXIS2_PLACEMENT_3D('',#404,#405,#406);
#404 = CARTESIAN_POINT('',(-9.436895709314E-15,-42.5,20.));
#405 = DIRECTION('',(0.,0.,1.));
#406 = DIRECTION('',(-2.22044604925E-16,-1.,0.));
#407 = PCURVE('',#298,#408);
#408 = DEFINITIONAL_REPRESENTATION('',(#409),#413);
#409 = CIRCLE('',#410,6.);
#410 = AXIS2_PLACEMENT_2D('',#411,#412);
#411 = CARTESIAN_POINT('',(-9.436895709314E-15,-42.5));
#412 = DIRECTION('',(-2.22044604925E-16,-1.));
#413 = ( GEOMETRIC_REPRESENTATION_CONTEXT(2) 
PARAMETRIC_REPRESENTATION_CONTEXT() REPRESENTATION_CONTEXT('2D SPACE',''
  ) );
#414 = PCURVE('',#415,#420);
#415 = CYLINDRICAL_SURFACE('',#416,6.);
#416 = AXIS2_PLACEMENT_3D('',#417,#418,#419);
#417 = CARTESIAN_POINT('',(-9.436895709314E-15,-42.5,-2.));
#418 = DIRECTION('',(0.,0.,1.));
#419 = DIRECTION('',(-2.22044604925E-16,-1.,0.));
#420 = DEFINITIONAL_REPRESENTATION('',(#421),#425);
#421 = LINE('',#422,#423);
#422 = CARTESIAN_POINT('',(0.,22.));
#423 = VECTOR('',#424,1.);
#424 = DIRECTION('',(1.,0.));
#425 = ( GEOMETRIC_REPRESENTATION_CONTEXT(2) 
PARAMETRIC_REPRESENTATION_CONTEXT() REPRESENTATION_CONTEXT('2D SPACE',''
  ) );
#426 = FACE_BOUND('',#427,.T.);
#427 = EDGE_LOOP('',(#428));
#428 = ORIENTED_EDGE('',*,*,#429,.F.);
#429 = EDGE_CURVE('',#430,#430,#432,.T.);
#430 = VERTEX_POINT('',#431);
#431 = CARTESIAN_POINT('',(-86.,1.273632671113E-14,20.));
#432 = SURFACE_CURVE('',#433,(#438,#445),.PCURVE_S1.);
#433 = CIRCLE('',#434,9.);
#434 = AXIS2_PLACEMENT_3D('',#435,#436,#437);
#435 = CARTESIAN_POINT('',(-77.,9.429780353435E-15,20.));
#436 = DIRECTION('',(0.,0.,1.));
#437 = DIRECTION('',(-1.,1.224646799147E-16,0.));
#438 = PCURVE('',#298,#439);
#439 = DEFINITIONAL_REPRESENTATION('',(#440),#444);
#440 = CIRCLE('',#441,9.);
#441 = AXIS2_PLACEMENT_2D('',#442,#443);
#442 = CARTESIAN_POINT('',(-77.,9.429780353435E-15));
#443 = DIRECTION('',(-1.,1.224646799147E-16));
#444 = ( GEOMETRIC_REPRESENTATION_CONTEXT(2) 
PARAMETRIC_REPRESENTATION_CONTEXT() REPRESENTATION_CONTEXT('2D SPACE',''
  ) );
#445 = PCURVE('',#446,#451);
#446 = CYLINDRICAL_SURFACE('',#447,9.);
#447 = AXIS2_PLACEMENT_3D('',#448,#449,#450);
#448 = CARTESIAN_POINT('',(-77.,9.429780353435E-15,20.));
#449 = DIRECTION('',(0.,0.,1.));
#450 = DIRECTION('',(-1.,1.224646799147E-16,0.));
#451 = DEFINITIONAL_REPRESENTATION('',(#452),#456);
#452 = LINE('',#453,#454);
#453 = CARTESIAN_POINT('',(0.,0.));
#454 = VECTOR('',#455,1.);
#455 = DIRECTION('',(1.,0.));
#456 = ( GEOMETRIC_REPRESENTATION_CONTEXT(2) 
PARAMETRIC_REPRESENTATION_CONTEXT() REPRESENTATION_CONTEXT('2D SPACE',''
  ) );
#457 = FACE_BOUND('',#458,.T.);
#458 = EDGE_LOOP('',(#459));
#459 = ORIENTED_EDGE('',*,*,#460,.F.);
#460 = EDGE_CURVE('',#461,#461,#463,.T.);
#461 = VERTEX_POINT('',#462);
#462 = CARTESIAN_POINT('',(1.469576158977E-15,48.5,20.));
#463 = SURFACE_CURVE('',#464,(#469,#476),.PCURVE_S1.);
#464 = CIRCLE('',#465,6.);
#465 = AXIS2_PLACEMENT_3D('',#466,#467,#468);
#466 = CARTESIAN_POINT('',(0.,42.5,20.));
#467 = DIRECTION('',(0.,-0.,1.));
#468 = DIRECTION('',(0.,1.,0.));
#469 = PCURVE('',#298,#470);
#470 = DEFINITIONAL_REPRESENTATION('',(#471),#475);
#471 = CIRCLE('',#472,6.);
#472 = AXIS2_PLACEMENT_2D('',#473,#474);
#473 = CARTESIAN_POINT('',(0.,42.5));
#474 = DIRECTION('',(0.,1.));
#475 = ( GEOMETRIC_REPRESENTATION_CONTEXT(2) 
PARAMETRIC_REPRESENTATION_CONTEXT() REPRESENTATION_CONTEXT('2D SPACE',''
  ) );
#476 = PCURVE('',#477,#482);
#477 = CYLINDRICAL_SURFACE('',#478,6.);
#478 = AXIS2_PLACEMENT_3D('',#479,#480,#481);
#479 = CARTESIAN_POINT('',(0.,42.5,-2.));
#480 = DIRECTION('',(0.,0.,1.));
#481 = DIRECTION('',(0.,1.,0.));
#482 = DEFINITIONAL_REPRESENTATION('',(#483),#487);
#483 = LINE('',#484,#485);
#484 = CARTESIAN_POINT('',(0.,22.));
#485 = VECTOR('',#486,1.);
#486 = DIRECTION('',(1.,0.));
#487 = ( GEOMETRIC_REPRESENTATION_CONTEXT(2) 
PARAMETRIC_REPRESENTATION_CONTEXT() REPRESENTATION_CONTEXT('2D SPACE',''
  ) );
#488 = FACE_BOUND('',#489,.T.);
#489 = EDGE_LOOP('',(#490));
#490 = ORIENTED_EDGE('',*,*,#491,.F.);
#491 = EDGE_CURVE('',#492,#492,#494,.T.);
#492 = VERTEX_POINT('',#493);
#493 = CARTESIAN_POINT('',(86.,-2.204364238465E-15,20.));
#494 = SURFACE_CURVE('',#495,(#500,#507),.PCURVE_S1.);
#495 = CIRCLE('',#496,9.);
#496 = AXIS2_PLACEMENT_3D('',#497,#498,#499);
#497 = CARTESIAN_POINT('',(77.,0.,20.));
#498 = DIRECTION('',(0.,0.,1.));
#499 = DIRECTION('',(1.,0.,0.));
#500 = PCURVE('',#298,#501);
#501 = DEFINITIONAL_REPRESENTATION('',(#502),#506);
#502 = CIRCLE('',#503,9.);
#503 = AXIS2_PLACEMENT_2D('',#504,#505);
#504 = CARTESIAN_POINT('',(77.,0.));
#505 = DIRECTION('',(1.,0.));
#506 = ( GEOMETRIC_REPRESENTATION_CONTEXT(2) 
PARAMETRIC_REPRESENTATION_CONTEXT() REPRESENTATION_CONTEXT('2D SPACE',''
  ) );
#507 = PCURVE('',#508,#513);
#508 = CYLINDRICAL_SURFACE('',#509,9.);
#509 = AXIS2_PLACEMENT_3D('',#510,#511,#512);
#510 = CARTESIAN_POINT('',(77.,0.,20.));
#511 = DIRECTION('',(0.,0.,1.));
#512 = DIRECTION('',(1.,0.,0.));
#513 = DEFINITIONAL_REPRESENTATION('',(#514),#518);
#514 = LINE('',#515,#516);
#515 = CARTESIAN_POINT('',(0.,0.));
#516 = VECTOR('',#517,1.);
#517 = DIRECTION('',(1.,0.));
#518 = ( GEOMETRIC_REPRESENTATION_CONTEXT(2) 
PARAMETRIC_REPRESENTATION_CONTEXT() REPRESENTATION_CONTEXT('2D SPACE',''
  ) );
#519 = FACE_BOUND('',#520,.T.);
#520 = EDGE_LOOP('',(#521));
#521 = ORIENTED_EDGE('',*,*,#522,.F.);
#522 = EDGE_CURVE('',#523,#523,#525,.T.);
#523 = VERTEX_POINT('',#524);
#524 = CARTESIAN_POINT('',(2.204364238465E-15,86.,20.));
#525 = SURFACE_CURVE('',#526,(#531,#538),.PCURVE_S1.);
#526 = CIRCLE('',#527,9.);
#527 = AXIS2_PLACEMENT_3D('',#528,#529,#530);
#528 = CARTESIAN_POINT('',(0.,77.,20.));
#529 = DIRECTION('',(0.,-0.,1.));
#530 = DIRECTION('',(0.,1.,0.));
#531 = PCURVE('',#298,#532);
#532 = DEFINITIONAL_REPRESENTATION('',(#533),#537);
#533 = CIRCLE('',#534,9.);
#534 = AXIS2_PLACEMENT_2D('',#535,#536);
#535 = CARTESIAN_POINT('',(0.,77.));
#536 = DIRECTION('',(0.,1.));
#537 = ( GEOMETRIC_REPRESENTATION_CONTEXT(2) 
PARAMETRIC_REPRESENTATION_CONTEXT() REPRESENTATION_CONTEXT('2D SPACE',''
  ) );
#538 = PCURVE('',#539,#544);
#539 = CYLINDRICAL_SURFACE('',#540,9.);
#540 = AXIS2_PLACEMENT_3D('',#541,#542,#543);
#541 = CARTESIAN_POINT('',(0.,77.,20.));
#542 = DIRECTION('',(0.,0.,1.));
#543 = DIRECTION('',(0.,1.,0.));
#544 = DEFINITIONAL_REPRESENTATION('',(#545),#549);
#545 = LINE('',#546,#547);
#546 = CARTESIAN_POINT('',(0.,0.));
#547 = VECTOR('',#548,1.);
#548 = DIRECTION('',(1.,0.));
#549 = ( GEOMETRIC_REPRESENTATION_CONTEXT(2) 
PARAMETRIC_REPRESENTATION_CONTEXT() REPRESENTATION_CONTEXT('2D SPACE',''
  ) );
#550 = ADVANCED_FACE('',(#551,#554,#580),#348,.F.);
#551 = FACE_BOUND('',#552,.F.);
#552 = EDGE_LOOP('',(#553));
#553 = ORIENTED_EDGE('',*,*,#333,.T.);
#554 = FACE_BOUND('',#555,.F.);
#555 = EDGE_LOOP('',(#556));
#556 = ORIENTED_EDGE('',*,*,#557,.F.);
#557 = EDGE_CURVE('',#558,#558,#560,.T.);
#558 = VERTEX_POINT('',#559);
#559 = CARTESIAN_POINT('',(-1.223873949784E-14,-48.5,0.));
#560 = SURFACE_CURVE('',#561,(#566,#573),.PCURVE_S1.);
#561 = CIRCLE('',#562,6.);
#562 = AXIS2_PLACEMENT_3D('',#563,#564,#565);
#563 = CARTESIAN_POINT('',(-9.436895709314E-15,-42.5,0.));
#564 = DIRECTION('',(0.,0.,1.));
#565 = DIRECTION('',(-2.22044604925E-16,-1.,0.));
#566 = PCURVE('',#348,#567);
#567 = DEFINITIONAL_REPRESENTATION('',(#568),#572);
#568 = CIRCLE('',#569,6.);
#569 = AXIS2_PLACEMENT_2D('',#570,#571);
#570 = CARTESIAN_POINT('',(-9.436895709314E-15,-42.5));
#571 = DIRECTION('',(-2.22044604925E-16,-1.));
#572 = ( GEOMETRIC_REPRESENTATION_CONTEXT(2) 
PARAMETRIC_REPRESENTATION_CONTEXT() REPRESENTATION_CONTEXT('2D SPACE',''
  ) );
#573 = PCURVE('',#415,#574);
#574 = DEFINITIONAL_REPRESENTATION('',(#575),#579);
#575 = LINE('',#576,#577);
#576 = CARTESIAN_POINT('',(0.,2.));
#577 = VECTOR('',#578,1.);
#578 = DIRECTION('',(1.,0.));
#579 = ( GEOMETRIC_REPRESENTATION_CONTEXT(2) 
PARAMETRIC_REPRESENTATION_CONTEXT() REPRESENTATION_CONTEXT('2D SPACE',''
  ) );
#580 = FACE_BOUND('',#581,.F.);
#581 = EDGE_LOOP('',(#582));
#582 = ORIENTED_EDGE('',*,*,#583,.F.);
#583 = EDGE_CURVE('',#584,#584,#586,.T.);
#584 = VERTEX_POINT('',#585);
#585 = CARTESIAN_POINT('',(1.469576158977E-15,48.5,0.));
#586 = SURFACE_CURVE('',#587,(#592,#599),.PCURVE_S1.);
#587 = CIRCLE('',#588,6.);
#588 = AXIS2_PLACEMENT_3D('',#589,#590,#591);
#589 = CARTESIAN_POINT('',(0.,42.5,0.));
#590 = DIRECTION('',(0.,-0.,1.));
#591 = DIRECTION('',(0.,1.,0.));
#592 = PCURVE('',#348,#593);
#593 = DEFINITIONAL_REPRESENTATION('',(#594),#598);
#594 = CIRCLE('',#595,6.);
#595 = AXIS2_PLACEMENT_2D('',#596,#597);
#596 = CARTESIAN_POINT('',(0.,42.5));
#597 = DIRECTION('',(0.,1.));
#598 = ( GEOMETRIC_REPRESENTATION_CONTEXT(2) 
PARAMETRIC_REPRESENTATION_CONTEXT() REPRESENTATION_CONTEXT('2D SPACE',''
  ) );
#599 = PCURVE('',#477,#600);
#600 = DEFINITIONAL_REPRESENTATION('',(#601),#605);
#601 = LINE('',#602,#603);
#602 = CARTESIAN_POINT('',(0.,2.));
#603 = VECTOR('',#604,1.);
#604 = DIRECTION('',(1.,0.));
#605 = ( GEOMETRIC_REPRESENTATION_CONTEXT(2) 
PARAMETRIC_REPRESENTATION_CONTEXT() REPRESENTATION_CONTEXT('2D SPACE',''
  ) );
#606 = ADVANCED_FACE('',(#607),#384,.T.);
#607 = FACE_BOUND('',#608,.T.);
#608 = EDGE_LOOP('',(#609,#638,#659,#660));
#609 = ORIENTED_EDGE('',*,*,#610,.F.);
#610 = EDGE_CURVE('',#611,#611,#613,.T.);
#611 = VERTEX_POINT('',#612);
#612 = CARTESIAN_POINT('',(-2.130020026202E-14,-86.,104.));
#613 = SURFACE_CURVE('',#614,(#619,#626),.PCURVE_S1.);
#614 = CIRCLE('',#615,9.);
#615 = AXIS2_PLACEMENT_3D('',#616,#617,#618);
#616 = CARTESIAN_POINT('',(-1.709743457923E-14,-77.,104.));
#617 = DIRECTION('',(0.,0.,1.));
#618 = DIRECTION('',(-2.22044604925E-16,-1.,0.));
#619 = PCURVE('',#384,#620);
#620 = DEFINITIONAL_REPRESENTATION('',(#621),#625);
#621 = LINE('',#622,#623);
#622 = CARTESIAN_POINT('',(0.,84.));
#623 = VECTOR('',#624,1.);
#624 = DIRECTION('',(1.,0.));
#625 = ( GEOMETRIC_REPRESENTATION_CONTEXT(2) 
PARAMETRIC_REPRESENTATION_CONTEXT() REPRESENTATION_CONTEXT('2D SPACE',''
  ) );
#626 = PCURVE('',#627,#632);
#627 = PLANE('',#628);
#628 = AXIS2_PLACEMENT_3D('',#629,#630,#631);
#629 = CARTESIAN_POINT('',(0.,0.,104.));
#630 = DIRECTION('',(0.,0.,1.));
#631 = DIRECTION('',(1.,0.,-0.));
#632 = DEFINITIONAL_REPRESENTATION('',(#633),#637);
#633 = CIRCLE('',#634,9.);
#634 = AXIS2_PLACEMENT_2D('',#635,#636);
#635 = CARTESIAN_POINT('',(-1.709743457923E-14,-77.));
#636 = DIRECTION('',(-2.22044604925E-16,-1.));
#637 = ( GEOMETRIC_REPRESENTATION_CONTEXT(2) 
PARAMETRIC_REPRESENTATION_CONTEXT() REPRESENTATION_CONTEXT('2D SPACE',''
  ) );
#638 = ORIENTED_EDGE('',*,*,#639,.F.);
#639 = EDGE_CURVE('',#368,#611,#640,.T.);
#640 = SEAM_CURVE('',#641,(#645,#652),.PCURVE_S1.);
#641 = LINE('',#642,#643);
#642 = CARTESIAN_POINT('',(-2.130020026202E-14,-86.,20.));
#643 = VECTOR('',#644,1.);
#644 = DIRECTION('',(0.,0.,1.));
#645 = PCURVE('',#384,#646);
#646 = DEFINITIONAL_REPRESENTATION('',(#647),#651);
#647 = LINE('',#648,#649);
#648 = CARTESIAN_POINT('',(6.28318530718,-0.));
#649 = VECTOR('',#650,1.);
#650 = DIRECTION('',(0.,1.));
#651 = ( GEOMETRIC_REPRESENTATION_CONTEXT(2) 
PARAMETRIC_REPRESENTATION_CONTEXT() REPRESENTATION_CONTEXT('2D SPACE',''
  ) );
#652 = PCURVE('',#384,#653);
#653 = DEFINITIONAL_REPRESENTATION('',(#654),#658);
#654 = LINE('',#655,#656);
#655 = CARTESIAN_POINT('',(0.,-0.));
#656 = VECTOR('',#657,1.);
#657 = DIRECTION('',(0.,1.));
#658 = ( GEOMETRIC_REPRESENTATION_CONTEXT(2) 
PARAMETRIC_REPRESENTATION_CONTEXT() REPRESENTATION_CONTEXT('2D SPACE',''
  ) );
#659 = ORIENTED_EDGE('',*,*,#367,.T.);
#660 = ORIENTED_EDGE('',*,*,#639,.T.);
#661 = ADVANCED_FACE('',(#662),#415,.F.);
#662 = FACE_BOUND('',#663,.F.);
#663 = EDGE_LOOP('',(#664,#665,#686,#687));
#664 = ORIENTED_EDGE('',*,*,#398,.F.);
#665 = ORIENTED_EDGE('',*,*,#666,.F.);
#666 = EDGE_CURVE('',#558,#399,#667,.T.);
#667 = SEAM_CURVE('',#668,(#672,#679),.PCURVE_S1.);
#668 = LINE('',#669,#670);
#669 = CARTESIAN_POINT('',(-1.223873949784E-14,-48.5,-2.));
#670 = VECTOR('',#671,1.);
#671 = DIRECTION('',(0.,0.,1.));
#672 = PCURVE('',#415,#673);
#673 = DEFINITIONAL_REPRESENTATION('',(#674),#678);
#674 = LINE('',#675,#676);
#675 = CARTESIAN_POINT('',(6.28318530718,-0.));
#676 = VECTOR('',#677,1.);
#677 = DIRECTION('',(0.,1.));
#678 = ( GEOMETRIC_REPRESENTATION_CONTEXT(2) 
PARAMETRIC_REPRESENTATION_CONTEXT() REPRESENTATION_CONTEXT('2D SPACE',''
  ) );
#679 = PCURVE('',#415,#680);
#680 = DEFINITIONAL_REPRESENTATION('',(#681),#685);
#681 = LINE('',#682,#683);
#682 = CARTESIAN_POINT('',(0.,-0.));
#683 = VECTOR('',#684,1.);
#684 = DIRECTION('',(0.,1.));
#685 = ( GEOMETRIC_REPRESENTATION_CONTEXT(2) 
PARAMETRIC_REPRESENTATION_CONTEXT() REPRESENTATION_CONTEXT('2D SPACE',''
  ) );
#686 = ORIENTED_EDGE('',*,*,#557,.T.);
#687 = ORIENTED_EDGE('',*,*,#666,.T.);
#688 = ADVANCED_FACE('',(#689),#446,.T.);
#689 = FACE_BOUND('',#690,.T.);
#690 = EDGE_LOOP('',(#691,#715,#736,#737));
#691 = ORIENTED_EDGE('',*,*,#692,.F.);
#692 = EDGE_CURVE('',#693,#693,#695,.T.);
#693 = VERTEX_POINT('',#694);
#694 = CARTESIAN_POINT('',(-86.,1.273632671113E-14,104.));
#695 = SURFACE_CURVE('',#696,(#701,#708),.PCURVE_S1.);
#696 = CIRCLE('',#697,9.);
#697 = AXIS2_PLACEMENT_3D('',#698,#699,#700);
#698 = CARTESIAN_POINT('',(-77.,9.429780353435E-15,104.));
#699 = DIRECTION('',(0.,0.,1.));
#700 = DIRECTION('',(-1.,1.224646799147E-16,0.));
#701 = PCURVE('',#446,#702);
#702 = DEFINITIONAL_REPRESENTATION('',(#703),#707);
#703 = LINE('',#704,#705);
#704 = CARTESIAN_POINT('',(0.,84.));
#705 = VECTOR('',#706,1.);
#706 = DIRECTION('',(1.,0.));
#707 = ( GEOMETRIC_REPRESENTATION_CONTEXT(2) 
PARAMETRIC_REPRESENTATION_CONTEXT() REPRESENTATION_CONTEXT('2D SPACE',''
  ) );
#708 = PCURVE('',#627,#709);
#709 = DEFINITIONAL_REPRESENTATION('',(#710),#714);
#710 = CIRCLE('',#711,9.);
#711 = AXIS2_PLACEMENT_2D('',#712,#713);
#712 = CARTESIAN_POINT('',(-77.,9.429780353435E-15));
#713 = DIRECTION('',(-1.,1.224646799147E-16));
#714 = ( GEOMETRIC_REPRESENTATION_CONTEXT(2) 
PARAMETRIC_REPRESENTATION_CONTEXT() REPRESENTATION_CONTEXT('2D SPACE',''
  ) );
#715 = ORIENTED_EDGE('',*,*,#716,.F.);
#716 = EDGE_CURVE('',#430,#693,#717,.T.);
#717 = SEAM_CURVE('',#718,(#722,#729),.PCURVE_S1.);
#718 = LINE('',#719,#720);
#719 = CARTESIAN_POINT('',(-86.,1.273632671113E-14,20.));
#720 = VECTOR('',#721,1.);
#721 = DIRECTION('',(0.,0.,1.));
#722 = PCURVE('',#446,#723);
#723 = DEFINITIONAL_REPRESENTATION('',(#724),#728);
#724 = LINE('',#725,#726);
#725 = CARTESIAN_POINT('',(6.28318530718,-0.));
#726 = VECTOR('',#727,1.);
#727 = DIRECTION('',(0.,1.));
#728 = ( GEOMETRIC_REPRESENTATION_CONTEXT(2) 
PARAMETRIC_REPRESENTATION_CONTEXT() REPRESENTATION_CONTEXT('2D SPACE',''
  ) );
#729 = PCURVE('',#446,#730);
#730 = DEFINITIONAL_REPRESENTATION('',(#731),#735);
#731 = LINE('',#732,#733);
#732 = CARTESIAN_POINT('',(0.,-0.));
#733 = VECTOR('',#734,1.);
#734 = DIRECTION('',(0.,1.));
#735 = ( GEOMETRIC_REPRESENTATION_CONTEXT(2) 
PARAMETRIC_REPRESENTATION_CONTEXT() REPRESENTATION_CONTEXT('2D SPACE',''
  ) );
#736 = ORIENTED_EDGE('',*,*,#429,.T.);
#737 = ORIENTED_EDGE('',*,*,#716,.T.);
#738 = ADVANCED_FACE('',(#739),#477,.F.);
#739 = FACE_BOUND('',#740,.F.);
#740 = EDGE_LOOP('',(#741,#742,#763,#764));
#741 = ORIENTED_EDGE('',*,*,#460,.F.);
#742 = ORIENTED_EDGE('',*,*,#743,.F.);
#743 = EDGE_CURVE('',#584,#461,#744,.T.);
#744 = SEAM_CURVE('',#745,(#749,#756),.PCURVE_S1.);
#745 = LINE('',#746,#747);
#746 = CARTESIAN_POINT('',(1.469576158977E-15,48.5,-2.));
#747 = VECTOR('',#748,1.);
#748 = DIRECTION('',(0.,0.,1.));
#749 = PCURVE('',#477,#750);
#750 = DEFINITIONAL_REPRESENTATION('',(#751),#755);
#751 = LINE('',#752,#753);
#752 = CARTESIAN_POINT('',(6.28318530718,-0.));
#753 = VECTOR('',#754,1.);
#754 = DIRECTION('',(0.,1.));
#755 = ( GEOMETRIC_REPRESENTATION_CONTEXT(2) 
PARAMETRIC_REPRESENTATION_CONTEXT() REPRESENTATION_CONTEXT('2D SPACE',''
  ) );
#756 = PCURVE('',#477,#757);
#757 = DEFINITIONAL_REPRESENTATION('',(#758),#762);
#758 = LINE('',#759,#760);
#759 = CARTESIAN_POINT('',(0.,-0.));
#760 = VECTOR('',#761,1.);
#761 = DIRECTION('',(0.,1.));
#762 = ( GEOMETRIC_REPRESENTATION_CONTEXT(2) 
PARAMETRIC_REPRESENTATION_CONTEXT() REPRESENTATION_CONTEXT('2D SPACE',''
  ) );
#763 = ORIENTED_EDGE('',*,*,#583,.T.);
#764 = ORIENTED_EDGE('',*,*,#743,.T.);
#765 = ADVANCED_FACE('',(#766),#508,.T.);
#766 = FACE_BOUND('',#767,.T.);
#767 = EDGE_LOOP('',(#768,#792,#813,#814));
#768 = ORIENTED_EDGE('',*,*,#769,.F.);
#769 = EDGE_CURVE('',#770,#770,#772,.T.);
#770 = VERTEX_POINT('',#771);
#771 = CARTESIAN_POINT('',(86.,-2.204364238465E-15,104.));
#772 = SURFACE_CURVE('',#773,(#778,#785),.PCURVE_S1.);
#773 = CIRCLE('',#774,9.);
#774 = AXIS2_PLACEMENT_3D('',#775,#776,#777);
#775 = CARTESIAN_POINT('',(77.,0.,104.));
#776 = DIRECTION('',(0.,0.,1.));
#777 = DIRECTION('',(1.,0.,0.));
#778 = PCURVE('',#508,#779);
#779 = DEFINITIONAL_REPRESENTATION('',(#780),#784);
#780 = LINE('',#781,#782);
#781 = CARTESIAN_POINT('',(0.,84.));
#782 = VECTOR('',#783,1.);
#783 = DIRECTION('',(1.,0.));
#784 = ( GEOMETRIC_REPRESENTATION_CONTEXT(2) 
PARAMETRIC_REPRESENTATION_CONTEXT() REPRESENTATION_CONTEXT('2D SPACE',''
  ) );
#785 = PCURVE('',#627,#786);
#786 = DEFINITIONAL_REPRESENTATION('',(#787),#791);
#787 = CIRCLE('',#788,9.);
#788 = AXIS2_PLACEMENT_2D('',#789,#790);
#789 = CARTESIAN_POINT('',(77.,0.));
#790 = DIRECTION('',(1.,0.));
#791 = ( GEOMETRIC_REPRESENTATION_CONTEXT(2) 
PARAMETRIC_REPRESENTATION_CONTEXT() REPRESENTATION_CONTEXT('2D SPACE',''
  ) );
#792 = ORIENTED_EDGE('',*,*,#793,.F.);
#793 = EDGE_CURVE('',#492,#770,#794,.T.);
#794 = SEAM_CURVE('',#795,(#799,#806),.PCURVE_S1.);
#795 = LINE('',#796,#797);
#796 = CARTESIAN_POINT('',(86.,-2.204364238465E-15,20.));
#797 = VECTOR('',#798,1.);
#798 = DIRECTION('',(0.,0.,1.));
#799 = PCURVE('',#508,#800);
#800 = DEFINITIONAL_REPRESENTATION('',(#801),#805);
#801 = LINE('',#802,#803);
#802 = CARTESIAN_POINT('',(6.28318530718,-0.));
#803 = VECTOR('',#804,1.);
#804 = DIRECTION('',(0.,1.));
#805 = ( GEOMETRIC_REPRESENTATION_CONTEXT(2) 
PARAMETRIC_REPRESENTATION_CONTEXT() REPRESENTATION_CONTEXT('2D SPACE',''
  ) );
#806 = PCURVE('',#508,#807);
#807 = DEFINITIONAL_REPRESENTATION('',(#808),#812);
#808 = LINE('',#809,#810);
#809 = CARTESIAN_POINT('',(0.,-0.));
#810 = VECTOR('',#811,1.);
#811 = DIRECTION('',(0.,1.));
#812 = ( GEOMETRIC_REPRESENTATION_CONTEXT(2) 
PARAMETRIC_REPRESENTATION_CONTEXT() REPRESENTATION_CONTEXT('2D SPACE',''
  ) );
#813 = ORIENTED_EDGE('',*,*,#491,.T.);
#814 = ORIENTED_EDGE('',*,*,#793,.T.);
#815 = ADVANCED_FACE('',(#816),#539,.T.);
#816 = FACE_BOUND('',#817,.T.);
#817 = EDGE_LOOP('',(#818,#842,#863,#864));
#818 = ORIENTED_EDGE('',*,*,#819,.F.);
#819 = EDGE_CURVE('',#820,#820,#822,.T.);
#820 = VERTEX_POINT('',#821);
#821 = CARTESIAN_POINT('',(2.204364238465E-15,86.,104.));
#822 = SURFACE_CURVE('',#823,(#828,#835),.PCURVE_S1.);
#823 = CIRCLE('',#824,9.);
#824 = AXIS2_PLACEMENT_3D('',#825,#826,#827);
#825 = CARTESIAN_POINT('',(0.,77.,104.));
#826 = DIRECTION('',(0.,-0.,1.));
#827 = DIRECTION('',(0.,1.,0.));
#828 = PCURVE('',#539,#829);
#829 = DEFINITIONAL_REPRESENTATION('',(#830),#834);
#830 = LINE('',#831,#832);
#831 = CARTESIAN_POINT('',(0.,84.));
#832 = VECTOR('',#833,1.);
#833 = DIRECTION('',(1.,0.));
#834 = ( GEOMETRIC_REPRESENTATION_CONTEXT(2) 
PARAMETRIC_REPRESENTATION_CONTEXT() REPRESENTATION_CONTEXT('2D SPACE',''
  ) );
#835 = PCURVE('',#627,#836);
#836 = DEFINITIONAL_REPRESENTATION('',(#837),#841);
#837 = CIRCLE('',#838,9.);
#838 = AXIS2_PLACEMENT_2D('',#839,#840);
#839 = CARTESIAN_POINT('',(0.,77.));
#840 = DIRECTION('',(0.,1.));
#841 = ( GEOMETRIC_REPRESENTATION_CONTEXT(2) 
PARAMETRIC_REPRESENTATION_CONTEXT() REPRESENTATION_CONTEXT('2D SPACE',''
  ) );
#842 = ORIENTED_EDGE('',*,*,#843,.F.);
#843 = EDGE_CURVE('',#523,#820,#844,.T.);
#844 = SEAM_CURVE('',#845,(#849,#856),.PCURVE_S1.);
#845 = LINE('',#846,#847);
#846 = CARTESIAN_POINT('',(2.204364238465E-15,86.,20.));
#847 = VECTOR('',#848,1.);
#848 = DIRECTION('',(0.,0.,1.));
#849 = PCURVE('',#539,#850);
#850 = DEFINITIONAL_REPRESENTATION('',(#851),#855);
#851 = LINE('',#852,#853);
#852 = CARTESIAN_POINT('',(6.28318530718,-0.));
#853 = VECTOR('',#854,1.);
#854 = DIRECTION('',(0.,1.));
#855 = ( GEOMETRIC_REPRESENTATION_CONTEXT(2) 
PARAMETRIC_REPRESENTATION_CONTEXT() REPRESENTATION_CONTEXT('2D SPACE',''
  ) );
#856 = PCURVE('',#539,#857);
#857 = DEFINITIONAL_REPRESENTATION('',(#858),#862);
#858 = LINE('',#859,#860);
#859 = CARTESIAN_POINT('',(0.,-0.));
#860 = VECTOR('',#861,1.);
#861 = DIRECTION('',(0.,1.));
#862 = ( GEOMETRIC_REPRESENTATION_CONTEXT(2) 
PARAMETRIC_REPRESENTATION_CONTEXT() REPRESENTATION_CONTEXT('2D SPACE',''
  ) );
#863 = ORIENTED_EDGE('',*,*,#522,.T.);
#864 = ORIENTED_EDGE('',*,*,#843,.T.);
#865 = ADVANCED_FACE('',(#866,#897,#900,#903,#934,#937),#627,.F.);
#866 = FACE_BOUND('',#867,.F.);
#867 = EDGE_LOOP('',(#868));
#868 = ORIENTED_EDGE('',*,*,#869,.T.);
#869 = EDGE_CURVE('',#870,#870,#872,.T.);
#870 = VERTEX_POINT('',#871);
#871 = CARTESIAN_POINT('',(100.,-2.449293598295E-14,104.));
#872 = SURFACE_CURVE('',#873,(#878,#885),.PCURVE_S1.);
#873 = CIRCLE('',#874,100.);
#874 = AXIS2_PLACEMENT_3D('',#875,#876,#877);
#875 = CARTESIAN_POINT('',(0.,0.,104.));
#876 = DIRECTION('',(0.,0.,1.));
#877 = DIRECTION('',(1.,0.,-0.));
#878 = PCURVE('',#627,#879);
#879 = DEFINITIONAL_REPRESENTATION('',(#880),#884);
#880 = CIRCLE('',#881,100.);
#881 = AXIS2_PLACEMENT_2D('',#882,#883);
#882 = CARTESIAN_POINT('',(0.,0.));
#883 = DIRECTION('',(1.,0.));
#884 = ( GEOMETRIC_REPRESENTATION_CONTEXT(2) 
PARAMETRIC_REPRESENTATION_CONTEXT() REPRESENTATION_CONTEXT('2D SPACE',''
  ) );
#885 = PCURVE('',#886,#891);
#886 = CYLINDRICAL_SURFACE('',#887,100.);
#887 = AXIS2_PLACEMENT_3D('',#888,#889,#890);
#888 = CARTESIAN_POINT('',(0.,0.,104.));
#889 = DIRECTION('',(0.,0.,1.));
#890 = DIRECTION('',(1.,0.,-0.));
#891 = DEFINITIONAL_REPRESENTATION('',(#892),#896);
#892 = LINE('',#893,#894);
#893 = CARTESIAN_POINT('',(0.,0.));
#894 = VECTOR('',#895,1.);
#895 = DIRECTION('',(1.,0.));
#896 = ( GEOMETRIC_REPRESENTATION_CONTEXT(2) 
PARAMETRIC_REPRESENTATION_CONTEXT() REPRESENTATION_CONTEXT('2D SPACE',''
  ) );
#897 = FACE_BOUND('',#898,.F.);
#898 = EDGE_LOOP('',(#899));
#899 = ORIENTED_EDGE('',*,*,#610,.F.);
#900 = FACE_BOUND('',#901,.F.);
#901 = EDGE_LOOP('',(#902));
#902 = ORIENTED_EDGE('',*,*,#692,.F.);
#903 = FACE_BOUND('',#904,.F.);
#904 = EDGE_LOOP('',(#905));
#905 = ORIENTED_EDGE('',*,*,#906,.F.);
#906 = EDGE_CURVE('',#907,#907,#909,.T.);
#907 = VERTEX_POINT('',#908);
#908 = CARTESIAN_POINT('',(57.,-1.396097351028E-14,104.));
#909 = SURFACE_CURVE('',#910,(#915,#922),.PCURVE_S1.);
#910 = CIRCLE('',#911,57.);
#911 = AXIS2_PLACEMENT_3D('',#912,#913,#914);
#912 = CARTESIAN_POINT('',(0.,0.,104.));
#913 = DIRECTION('',(0.,0.,1.));
#914 = DIRECTION('',(1.,0.,-0.));
#915 = PCURVE('',#627,#916);
#916 = DEFINITIONAL_REPRESENTATION('',(#917),#921);
#917 = CIRCLE('',#918,57.);
#918 = AXIS2_PLACEMENT_2D('',#919,#920);
#919 = CARTESIAN_POINT('',(0.,0.));
#920 = DIRECTION('',(1.,0.));
#921 = ( GEOMETRIC_REPRESENTATION_CONTEXT(2) 
PARAMETRIC_REPRESENTATION_CONTEXT() REPRESENTATION_CONTEXT('2D SPACE',''
  ) );
#922 = PCURVE('',#923,#928);
#923 = CYLINDRICAL_SURFACE('',#924,57.);
#924 = AXIS2_PLACEMENT_3D('',#925,#926,#927);
#925 = CARTESIAN_POINT('',(0.,0.,104.));
#926 = DIRECTION('',(0.,0.,1.));
#927 = DIRECTION('',(1.,0.,-0.));
#928 = DEFINITIONAL_REPRESENTATION('',(#929),#933);
#929 = LINE('',#930,#931);
#930 = CARTESIAN_POINT('',(0.,0.));
#931 = VECTOR('',#932,1.);
#932 = DIRECTION('',(1.,0.));
#933 = ( GEOMETRIC_REPRESENTATION_CONTEXT(2) 
PARAMETRIC_REPRESENTATION_CONTEXT() REPRESENTATION_CONTEXT('2D SPACE',''
  ) );
#934 = FACE_BOUND('',#935,.F.);
#935 = EDGE_LOOP('',(#936));
#936 = ORIENTED_EDGE('',*,*,#769,.F.);
#937 = FACE_BOUND('',#938,.F.);
#938 = EDGE_LOOP('',(#939));
#939 = ORIENTED_EDGE('',*,*,#819,.F.);
#940 = ADVANCED_FACE('',(#941),#886,.T.);
#941 = FACE_BOUND('',#942,.T.);
#942 = EDGE_LOOP('',(#943,#972,#993,#994));
#943 = ORIENTED_EDGE('',*,*,#944,.F.);
#944 = EDGE_CURVE('',#945,#945,#947,.T.);
#945 = VERTEX_POINT('',#946);
#946 = CARTESIAN_POINT('',(100.,-2.449293598295E-14,122.));
#947 = SURFACE_CURVE('',#948,(#953,#960),.PCURVE_S1.);
#948 = CIRCLE('',#949,100.);
#949 = AXIS2_PLACEMENT_3D('',#950,#951,#952);
#950 = CARTESIAN_POINT('',(0.,0.,122.));
#951 = DIRECTION('',(0.,0.,1.));
#952 = DIRECTION('',(1.,0.,-0.));
#953 = PCURVE('',#886,#954);
#954 = DEFINITIONAL_REPRESENTATION('',(#955),#959);
#955 = LINE('',#956,#957);
#956 = CARTESIAN_POINT('',(0.,18.));
#957 = VECTOR('',#958,1.);
#958 = DIRECTION('',(1.,0.));
#959 = ( GEOMETRIC_REPRESENTATION_CONTEXT(2) 
PARAMETRIC_REPRESENTATION_CONTEXT() REPRESENTATION_CONTEXT('2D SPACE',''
  ) );
#960 = PCURVE('',#961,#966);
#961 = PLANE('',#962);
#962 = AXIS2_PLACEMENT_3D('',#963,#964,#965);
#963 = CARTESIAN_POINT('',(0.,0.,122.));
#964 = DIRECTION('',(0.,0.,1.));
#965 = DIRECTION('',(1.,0.,-0.));
#966 = DEFINITIONAL_REPRESENTATION('',(#967),#971);
#967 = CIRCLE('',#968,100.);
#968 = AXIS2_PLACEMENT_2D('',#969,#970);
#969 = CARTESIAN_POINT('',(0.,0.));
#970 = DIRECTION('',(1.,0.));
#971 = ( GEOMETRIC_REPRESENTATION_CONTEXT(2) 
PARAMETRIC_REPRESENTATION_CONTEXT() REPRESENTATION_CONTEXT('2D SPACE',''
  ) );
#972 = ORIENTED_EDGE('',*,*,#973,.F.);
#973 = EDGE_CURVE('',#870,#945,#974,.T.);
#974 = SEAM_CURVE('',#975,(#979,#986),.PCURVE_S1.);
#975 = LINE('',#976,#977);
#976 = CARTESIAN_POINT('',(100.,-2.449293598295E-14,104.));
#977 = VECTOR('',#978,1.);
#978 = DIRECTION('',(0.,0.,1.));
#979 = PCURVE('',#886,#980);
#980 = DEFINITIONAL_REPRESENTATION('',(#981),#985);
#981 = LINE('',#982,#983);
#982 = CARTESIAN_POINT('',(6.28318530718,-0.));
#983 = VECTOR('',#984,1.);
#984 = DIRECTION('',(0.,1.));
#985 = ( GEOMETRIC_REPRESENTATION_CONTEXT(2) 
PARAMETRIC_REPRESENTATION_CONTEXT() REPRESENTATION_CONTEXT('2D SPACE',''
  ) );
#986 = PCURVE('',#886,#987);
#987 = DEFINITIONAL_REPRESENTATION('',(#988),#992);
#988 = LINE('',#989,#990);
#989 = CARTESIAN_POINT('',(0.,-0.));
#990 = VECTOR('',#991,1.);
#991 = DIRECTION('',(0.,1.));
#992 = ( GEOMETRIC_REPRESENTATION_CONTEXT(2) 
PARAMETRIC_REPRESENTATION_CONTEXT() REPRESENTATION_CONTEXT('2D SPACE',''
  ) );
#993 = ORIENTED_EDGE('',*,*,#869,.T.);
#994 = ORIENTED_EDGE('',*,*,#973,.T.);
#995 = ADVANCED_FACE('',(#996),#923,.F.);
#996 = FACE_BOUND('',#997,.F.);
#997 = EDGE_LOOP('',(#998,#1022,#1043,#1044));
#998 = ORIENTED_EDGE('',*,*,#999,.F.);
#999 = EDGE_CURVE('',#1000,#1000,#1002,.T.);
#1000 = VERTEX_POINT('',#1001);
#1001 = CARTESIAN_POINT('',(57.,-1.396097351028E-14,122.));
#1002 = SURFACE_CURVE('',#1003,(#1008,#1015),.PCURVE_S1.);
#1003 = CIRCLE('',#1004,57.);
#1004 = AXIS2_PLACEMENT_3D('',#1005,#1006,#1007);
#1005 = CARTESIAN_POINT('',(0.,0.,122.));
#1006 = DIRECTION('',(0.,0.,1.));
#1007 = DIRECTION('',(1.,0.,-0.));
#1008 = PCURVE('',#923,#1009);
#1009 = DEFINITIONAL_REPRESENTATION('',(#1010),#1014);
#1010 = LINE('',#1011,#1012);
#1011 = CARTESIAN_POINT('',(0.,18.));
#1012 = VECTOR('',#1013,1.);
#1013 = DIRECTION('',(1.,0.));
#1014 = ( GEOMETRIC_REPRESENTATION_CONTEXT(2) 
PARAMETRIC_REPRESENTATION_CONTEXT() REPRESENTATION_CONTEXT('2D SPACE',''
  ) );
#1015 = PCURVE('',#961,#1016);
#1016 = DEFINITIONAL_REPRESENTATION('',(#1017),#1021);
#1017 = CIRCLE('',#1018,57.);
#1018 = AXIS2_PLACEMENT_2D('',#1019,#1020);
#1019 = CARTESIAN_POINT('',(0.,0.));
#1020 = DIRECTION('',(1.,0.));
#1021 = ( GEOMETRIC_REPRESENTATION_CONTEXT(2) 
PARAMETRIC_REPRESENTATION_CONTEXT() REPRESENTATION_CONTEXT('2D SPACE',''
  ) );
#1022 = ORIENTED_EDGE('',*,*,#1023,.F.);
#1023 = EDGE_CURVE('',#907,#1000,#1024,.T.);
#1024 = SEAM_CURVE('',#1025,(#1029,#1036),.PCURVE_S1.);
#1025 = LINE('',#1026,#1027);
#1026 = CARTESIAN_POINT('',(57.,-1.396097351028E-14,104.));
#1027 = VECTOR('',#1028,1.);
#1028 = DIRECTION('',(0.,0.,1.));
#1029 = PCURVE('',#923,#1030);
#1030 = DEFINITIONAL_REPRESENTATION('',(#1031),#1035);
#1031 = LINE('',#1032,#1033);
#1032 = CARTESIAN_POINT('',(6.28318530718,-0.));
#1033 = VECTOR('',#1034,1.);
#1034 = DIRECTION('',(0.,1.));
#1035 = ( GEOMETRIC_REPRESENTATION_CONTEXT(2) 
PARAMETRIC_REPRESENTATION_CONTEXT() REPRESENTATION_CONTEXT('2D SPACE',''
  ) );
#1036 = PCURVE('',#923,#1037);
#1037 = DEFINITIONAL_REPRESENTATION('',(#1038),#1042);
#1038 = LINE('',#1039,#1040);
#1039 = CARTESIAN_POINT('',(0.,-0.));
#1040 = VECTOR('',#1041,1.);
#1041 = DIRECTION('',(0.,1.));
#1042 = ( GEOMETRIC_REPRESENTATION_CONTEXT(2) 
PARAMETRIC_REPRESENTATION_CONTEXT() REPRESENTATION_CONTEXT('2D SPACE',''
  ) );
#1043 = ORIENTED_EDGE('',*,*,#906,.T.);
#1044 = ORIENTED_EDGE('',*,*,#1023,.T.);
#1045 = ADVANCED_FACE('',(#1046,#1049),#961,.T.);
#1046 = FACE_BOUND('',#1047,.T.);
#1047 = EDGE_LOOP('',(#1048));
#1048 = ORIENTED_EDGE('',*,*,#944,.T.);
#1049 = FACE_BOUND('',#1050,.T.);
#1050 = EDGE_LOOP('',(#1051));
#1051 = ORIENTED_EDGE('',*,*,#999,.F.);
#1052 = ( GEOMETRIC_REPRESENTATION_CONTEXT(3) 
GLOBAL_UNCERTAINTY_ASSIGNED_CONTEXT((#1056)) 
GLOBAL_UNIT_ASSIGNED_CONTEXT((#1053,#1054,#1055)) REPRESENTATION_CONTEXT
('Context #1','3D Context with UNIT and UNCERTAINTY') );
#1053 = ( LENGTH_UNIT() NAMED_UNIT(*) SI_UNIT(.MILLI.,.METRE.) );
#1054 = ( NAMED_UNIT(*) PLANE_ANGLE_UNIT() SI_UNIT($,.RADIAN.) );
#1055 = ( NAMED_UNIT(*) SI_UNIT($,.STERADIAN.) SOLID_ANGLE_UNIT() );
#1056 = UNCERTAINTY_MEASURE_WITH_UNIT(LENGTH_MEASURE(1.E-07),#1053,
  'distance_accuracy_value','confusion accuracy');
#1057 = CONTEXT_DEPENDENT_SHAPE_REPRESENTATION(#1058,#1060);
#1058 = ( REPRESENTATION_RELATIONSHIP('','',#269,#10) 
REPRESENTATION_RELATIONSHIP_WITH_TRANSFORMATION(#1059) 
SHAPE_REPRESENTATION_RELATIONSHIP() );
#1059 = ITEM_DEFINED_TRANSFORMATION('','',#11,#19);
#1060 = PRODUCT_DEFINITION_SHAPE('Placement','Placement of an item',
  #1061);
#1061 = NEXT_ASSEMBLY_USAGE_OCCURRENCE('2','Magnetic_Core_Outer','',#5,
  #264,$);
#1062 = PRODUCT_RELATED_PRODUCT_CATEGORY('part',$,(#266));
#1063 = SHAPE_DEFINITION_REPRESENTATION(#1064,#1070);
#1064 = PRODUCT_DEFINITION_SHAPE('','',#1065);
#1065 = PRODUCT_DEFINITION('design','',#1066,#1069);
#1066 = PRODUCT_DEFINITION_FORMATION('','',#1067);
#1067 = PRODUCT('Magnetic_Core_Inner','Magnetic_Core_Inner','',(#1068));
#1068 = PRODUCT_CONTEXT('',#2,'mechanical');
#1069 = PRODUCT_DEFINITION_CONTEXT('part definition',#2,'design');
#1070 = ADVANCED_BREP_SHAPE_REPRESENTATION('',(#11,#1071),#1259);
#1071 = MANIFOLD_SOLID_BREP('',#1072);
#1072 = CLOSED_SHELL('',(#1073,#1161,#1165,#1200,#1255));
#1073 = ADVANCED_FACE('',(#1074),#1087,.T.);
#1074 = FACE_BOUND('',#1075,.T.);
#1075 = EDGE_LOOP('',(#1076,#1110,#1133,#1160));
#1076 = ORIENTED_EDGE('',*,*,#1077,.F.);
#1077 = EDGE_CURVE('',#1078,#1078,#1080,.T.);
#1078 = VERTEX_POINT('',#1079);
#1079 = CARTESIAN_POINT('',(29.,-7.102951435055E-15,122.));
#1080 = SURFACE_CURVE('',#1081,(#1086,#1098),.PCURVE_S1.);
#1081 = CIRCLE('',#1082,29.);
#1082 = AXIS2_PLACEMENT_3D('',#1083,#1084,#1085);
#1083 = CARTESIAN_POINT('',(0.,0.,122.));
#1084 = DIRECTION('',(0.,0.,1.));
#1085 = DIRECTION('',(1.,0.,-0.));
#1086 = PCURVE('',#1087,#1092);
#1087 = CYLINDRICAL_SURFACE('',#1088,29.);
#1088 = AXIS2_PLACEMENT_3D('',#1089,#1090,#1091);
#1089 = CARTESIAN_POINT('',(0.,0.,104.));
#1090 = DIRECTION('',(0.,0.,1.));
#1091 = DIRECTION('',(1.,0.,-0.));
#1092 = DEFINITIONAL_REPRESENTATION('',(#1093),#1097);
#1093 = LINE('',#1094,#1095);
#1094 = CARTESIAN_POINT('',(0.,18.));
#1095 = VECTOR('',#1096,1.);
#1096 = DIRECTION('',(1.,0.));
#1097 = ( GEOMETRIC_REPRESENTATION_CONTEXT(2) 
PARAMETRIC_REPRESENTATION_CONTEXT() REPRESENTATION_CONTEXT('2D SPACE',''
  ) );
#1098 = PCURVE('',#1099,#1104);
#1099 = PLANE('',#1100);
#1100 = AXIS2_PLACEMENT_3D('',#1101,#1102,#1103);
#1101 = CARTESIAN_POINT('',(0.,0.,122.));
#1102 = DIRECTION('',(0.,0.,1.));
#1103 = DIRECTION('',(1.,0.,-0.));
#1104 = DEFINITIONAL_REPRESENTATION('',(#1105),#1109);
#1105 = CIRCLE('',#1106,29.);
#1106 = AXIS2_PLACEMENT_2D('',#1107,#1108);
#1107 = CARTESIAN_POINT('',(0.,0.));
#1108 = DIRECTION('',(1.,0.));
#1109 = ( GEOMETRIC_REPRESENTATION_CONTEXT(2) 
PARAMETRIC_REPRESENTATION_CONTEXT() REPRESENTATION_CONTEXT('2D SPACE',''
  ) );
#1110 = ORIENTED_EDGE('',*,*,#1111,.F.);
#1111 = EDGE_CURVE('',#1112,#1078,#1114,.T.);
#1112 = VERTEX_POINT('',#1113);
#1113 = CARTESIAN_POINT('',(29.,-7.102951435055E-15,104.));
#1114 = SEAM_CURVE('',#1115,(#1119,#1126),.PCURVE_S1.);
#1115 = LINE('',#1116,#1117);
#1116 = CARTESIAN_POINT('',(29.,-7.102951435055E-15,104.));
#1117 = VECTOR('',#1118,1.);
#1118 = DIRECTION('',(0.,0.,1.));
#1119 = PCURVE('',#1087,#1120);
#1120 = DEFINITIONAL_REPRESENTATION('',(#1121),#1125);
#1121 = LINE('',#1122,#1123);
#1122 = CARTESIAN_POINT('',(6.28318530718,-0.));
#1123 = VECTOR('',#1124,1.);
#1124 = DIRECTION('',(0.,1.));
#1125 = ( GEOMETRIC_REPRESENTATION_CONTEXT(2) 
PARAMETRIC_REPRESENTATION_CONTEXT() REPRESENTATION_CONTEXT('2D SPACE',''
  ) );
#1126 = PCURVE('',#1087,#1127);
#1127 = DEFINITIONAL_REPRESENTATION('',(#1128),#1132);
#1128 = LINE('',#1129,#1130);
#1129 = CARTESIAN_POINT('',(0.,-0.));
#1130 = VECTOR('',#1131,1.);
#1131 = DIRECTION('',(0.,1.));
#1132 = ( GEOMETRIC_REPRESENTATION_CONTEXT(2) 
PARAMETRIC_REPRESENTATION_CONTEXT() REPRESENTATION_CONTEXT('2D SPACE',''
  ) );
#1133 = ORIENTED_EDGE('',*,*,#1134,.T.);
#1134 = EDGE_CURVE('',#1112,#1112,#1135,.T.);
#1135 = SURFACE_CURVE('',#1136,(#1141,#1148),.PCURVE_S1.);
#1136 = CIRCLE('',#1137,29.);
#1137 = AXIS2_PLACEMENT_3D('',#1138,#1139,#1140);
#1138 = CARTESIAN_POINT('',(0.,0.,104.));
#1139 = DIRECTION('',(0.,0.,1.));
#1140 = DIRECTION('',(1.,0.,-0.));
#1141 = PCURVE('',#1087,#1142);
#1142 = DEFINITIONAL_REPRESENTATION('',(#1143),#1147);
#1143 = LINE('',#1144,#1145);
#1144 = CARTESIAN_POINT('',(0.,0.));
#1145 = VECTOR('',#1146,1.);
#1146 = DIRECTION('',(1.,0.));
#1147 = ( GEOMETRIC_REPRESENTATION_CONTEXT(2) 
PARAMETRIC_REPRESENTATION_CONTEXT() REPRESENTATION_CONTEXT('2D SPACE',''
  ) );
#1148 = PCURVE('',#1149,#1154);
#1149 = PLANE('',#1150);
#1150 = AXIS2_PLACEMENT_3D('',#1151,#1152,#1153);
#1151 = CARTESIAN_POINT('',(0.,0.,104.));
#1152 = DIRECTION('',(0.,0.,1.));
#1153 = DIRECTION('',(1.,0.,-0.));
#1154 = DEFINITIONAL_REPRESENTATION('',(#1155),#1159);
#1155 = CIRCLE('',#1156,29.);
#1156 = AXIS2_PLACEMENT_2D('',#1157,#1158);
#1157 = CARTESIAN_POINT('',(0.,0.));
#1158 = DIRECTION('',(1.,0.));
#1159 = ( GEOMETRIC_REPRESENTATION_CONTEXT(2) 
PARAMETRIC_REPRESENTATION_CONTEXT() REPRESENTATION_CONTEXT('2D SPACE',''
  ) );
#1160 = ORIENTED_EDGE('',*,*,#1111,.T.);
#1161 = ADVANCED_FACE('',(#1162),#1099,.T.);
#1162 = FACE_BOUND('',#1163,.T.);
#1163 = EDGE_LOOP('',(#1164));
#1164 = ORIENTED_EDGE('',*,*,#1077,.T.);
#1165 = ADVANCED_FACE('',(#1166,#1169),#1149,.F.);
#1166 = FACE_BOUND('',#1167,.F.);
#1167 = EDGE_LOOP('',(#1168));
#1168 = ORIENTED_EDGE('',*,*,#1134,.T.);
#1169 = FACE_BOUND('',#1170,.F.);
#1170 = EDGE_LOOP('',(#1171));
#1171 = ORIENTED_EDGE('',*,*,#1172,.F.);
#1172 = EDGE_CURVE('',#1173,#1173,#1175,.T.);
#1173 = VERTEX_POINT('',#1174);
#1174 = CARTESIAN_POINT('',(12.,-2.939152317954E-15,104.));
#1175 = SURFACE_CURVE('',#1176,(#1181,#1188),.PCURVE_S1.);
#1176 = CIRCLE('',#1177,12.);
#1177 = AXIS2_PLACEMENT_3D('',#1178,#1179,#1180);
#1178 = CARTESIAN_POINT('',(0.,0.,104.));
#1179 = DIRECTION('',(0.,0.,1.));
#1180 = DIRECTION('',(1.,0.,-0.));
#1181 = PCURVE('',#1149,#1182);
#1182 = DEFINITIONAL_REPRESENTATION('',(#1183),#1187);
#1183 = CIRCLE('',#1184,12.);
#1184 = AXIS2_PLACEMENT_2D('',#1185,#1186);
#1185 = CARTESIAN_POINT('',(0.,0.));
#1186 = DIRECTION('',(1.,0.));
#1187 = ( GEOMETRIC_REPRESENTATION_CONTEXT(2) 
PARAMETRIC_REPRESENTATION_CONTEXT() REPRESENTATION_CONTEXT('2D SPACE',''
  ) );
#1188 = PCURVE('',#1189,#1194);
#1189 = CYLINDRICAL_SURFACE('',#1190,12.);
#1190 = AXIS2_PLACEMENT_3D('',#1191,#1192,#1193);
#1191 = CARTESIAN_POINT('',(0.,0.,20.));
#1192 = DIRECTION('',(0.,0.,1.));
#1193 = DIRECTION('',(1.,0.,-0.));
#1194 = DEFINITIONAL_REPRESENTATION('',(#1195),#1199);
#1195 = LINE('',#1196,#1197);
#1196 = CARTESIAN_POINT('',(0.,84.));
#1197 = VECTOR('',#1198,1.);
#1198 = DIRECTION('',(1.,0.));
#1199 = ( GEOMETRIC_REPRESENTATION_CONTEXT(2) 
PARAMETRIC_REPRESENTATION_CONTEXT() REPRESENTATION_CONTEXT('2D SPACE',''
  ) );
#1200 = ADVANCED_FACE('',(#1201),#1189,.T.);
#1201 = FACE_BOUND('',#1202,.T.);
#1202 = EDGE_LOOP('',(#1203,#1204,#1227,#1254));
#1203 = ORIENTED_EDGE('',*,*,#1172,.F.);
#1204 = ORIENTED_EDGE('',*,*,#1205,.F.);
#1205 = EDGE_CURVE('',#1206,#1173,#1208,.T.);
#1206 = VERTEX_POINT('',#1207);
#1207 = CARTESIAN_POINT('',(12.,-2.939152317954E-15,20.));
#1208 = SEAM_CURVE('',#1209,(#1213,#1220),.PCURVE_S1.);
#1209 = LINE('',#1210,#1211);
#1210 = CARTESIAN_POINT('',(12.,-2.939152317954E-15,20.));
#1211 = VECTOR('',#1212,1.);
#1212 = DIRECTION('',(0.,0.,1.));
#1213 = PCURVE('',#1189,#1214);
#1214 = DEFINITIONAL_REPRESENTATION('',(#1215),#1219);
#1215 = LINE('',#1216,#1217);
#1216 = CARTESIAN_POINT('',(6.28318530718,-0.));
#1217 = VECTOR('',#1218,1.);
#1218 = DIRECTION('',(0.,1.));
#1219 = ( GEOMETRIC_REPRESENTATION_CONTEXT(2) 
PARAMETRIC_REPRESENTATION_CONTEXT() REPRESENTATION_CONTEXT('2D SPACE',''
  ) );
#1220 = PCURVE('',#1189,#1221);
#1221 = DEFINITIONAL_REPRESENTATION('',(#1222),#1226);
#1222 = LINE('',#1223,#1224);
#1223 = CARTESIAN_POINT('',(0.,-0.));
#1224 = VECTOR('',#1225,1.);
#1225 = DIRECTION('',(0.,1.));
#1226 = ( GEOMETRIC_REPRESENTATION_CONTEXT(2) 
PARAMETRIC_REPRESENTATION_CONTEXT() REPRESENTATION_CONTEXT('2D SPACE',''
  ) );
#1227 = ORIENTED_EDGE('',*,*,#1228,.T.);
#1228 = EDGE_CURVE('',#1206,#1206,#1229,.T.);
#1229 = SURFACE_CURVE('',#1230,(#1235,#1242),.PCURVE_S1.);
#1230 = CIRCLE('',#1231,12.);
#1231 = AXIS2_PLACEMENT_3D('',#1232,#1233,#1234);
#1232 = CARTESIAN_POINT('',(0.,0.,20.));
#1233 = DIRECTION('',(0.,0.,1.));
#1234 = DIRECTION('',(1.,0.,-0.));
#1235 = PCURVE('',#1189,#1236);
#1236 = DEFINITIONAL_REPRESENTATION('',(#1237),#1241);
#1237 = LINE('',#1238,#1239);
#1238 = CARTESIAN_POINT('',(0.,0.));
#1239 = VECTOR('',#1240,1.);
#1240 = DIRECTION('',(1.,0.));
#1241 = ( GEOMETRIC_REPRESENTATION_CONTEXT(2) 
PARAMETRIC_REPRESENTATION_CONTEXT() REPRESENTATION_CONTEXT('2D SPACE',''
  ) );
#1242 = PCURVE('',#1243,#1248);
#1243 = PLANE('',#1244);
#1244 = AXIS2_PLACEMENT_3D('',#1245,#1246,#1247);
#1245 = CARTESIAN_POINT('',(0.,0.,20.));
#1246 = DIRECTION('',(0.,0.,1.));
#1247 = DIRECTION('',(1.,0.,-0.));
#1248 = DEFINITIONAL_REPRESENTATION('',(#1249),#1253);
#1249 = CIRCLE('',#1250,12.);
#1250 = AXIS2_PLACEMENT_2D('',#1251,#1252);
#1251 = CARTESIAN_POINT('',(0.,0.));
#1252 = DIRECTION('',(1.,0.));
#1253 = ( GEOMETRIC_REPRESENTATION_CONTEXT(2) 
PARAMETRIC_REPRESENTATION_CONTEXT() REPRESENTATION_CONTEXT('2D SPACE',''
  ) );
#1254 = ORIENTED_EDGE('',*,*,#1205,.T.);
#1255 = ADVANCED_FACE('',(#1256),#1243,.F.);
#1256 = FACE_BOUND('',#1257,.T.);
#1257 = EDGE_LOOP('',(#1258));
#1258 = ORIENTED_EDGE('',*,*,#1228,.F.);
#1259 = ( GEOMETRIC_REPRESENTATION_CONTEXT(3) 
GLOBAL_UNCERTAINTY_ASSIGNED_CONTEXT((#1263)) 
GLOBAL_UNIT_ASSIGNED_CONTEXT((#1260,#1261,#1262)) REPRESENTATION_CONTEXT
('Context #1','3D Context with UNIT and UNCERTAINTY') );
#1260 = ( LENGTH_UNIT() NAMED_UNIT(*) SI_UNIT(.MILLI.,.METRE.) );
#1261 = ( NAMED_UNIT(*) PLANE_ANGLE_UNIT() SI_UNIT($,.RADIAN.) );
#1262 = ( NAMED_UNIT(*) SI_UNIT($,.STERADIAN.) SOLID_ANGLE_UNIT() );
#1263 = UNCERTAINTY_MEASURE_WITH_UNIT(LENGTH_MEASURE(1.E-07),#1260,
  'distance_accuracy_value','confusion accuracy');
#1264 = CONTEXT_DEPENDENT_SHAPE_REPRESENTATION(#1265,#1267);
#1265 = ( REPRESENTATION_RELATIONSHIP('','',#1070,#10) 
REPRESENTATION_RELATIONSHIP_WITH_TRANSFORMATION(#1266) 
SHAPE_REPRESENTATION_RELATIONSHIP() );
#1266 = ITEM_DEFINED_TRANSFORMATION('','',#11,#23);
#1267 = PRODUCT_DEFINITION_SHAPE('Placement','Placement of an item',
  #1268);
#1268 = NEXT_ASSEMBLY_USAGE_OCCURRENCE('3','Magnetic_Core_Inner','',#5,
  #1065,$);
#1269 = PRODUCT_RELATED_PRODUCT_CATEGORY('part',$,(#1067));
#1270 = SHAPE_DEFINITION_REPRESENTATION(#1271,#1277);
#1271 = PRODUCT_DEFINITION_SHAPE('','',#1272);
#1272 = PRODUCT_DEFINITION('design','',#1273,#1276);
#1273 = PRODUCT_DEFINITION_FORMATION('','',#1274);
#1274 = PRODUCT('Coil_Outer','Coil_Outer','',(#1275));
#1275 = PRODUCT_CONTEXT('',#2,'mechanical');
#1276 = PRODUCT_DEFINITION_CONTEXT('part definition',#2,'design');
#1277 = SHAPE_REPRESENTATION('',(#11,#1278,#2038,#2798,#3558),#4318);
#1278 = MANIFOLD_SOLID_BREP('',#1279);
#1279 = CLOSED_SHELL('',(#1280,#2030,#2034));
#1280 = ADVANCED_FACE('',(#1281),#1374,.T.);
#1281 = FACE_BOUND('',#1282,.T.);
#1282 = EDGE_LOOP('',(#1283,#1961,#1995,#1996));
#1283 = ORIENTED_EDGE('',*,*,#1284,.T.);
#1284 = EDGE_CURVE('',#1285,#1287,#1289,.T.);
#1285 = VERTEX_POINT('',#1286);
#1286 = CARTESIAN_POINT('',(91.5,-0.414846486656,31.978429639004));
#1287 = VERTEX_POINT('',#1288);
#1288 = CARTESIAN_POINT('',(90.579649571607,-5.10051126354,
    97.978429639004));
#1289 = SEAM_CURVE('',#1290,(#1373,#1954),.PCURVE_S1.);
#1290 = ( BOUNDED_CURVE() B_SPLINE_CURVE(11,(#1291,#1292,#1293,#1294,
    #1295,#1296,#1297,#1298,#1299,#1300,#1301,#1302,#1303,#1304,#1305,
    #1306,#1307,#1308,#1309,#1310,#1311,#1312,#1313,#1314,#1315,#1316,
    #1317,#1318,#1319,#1320,#1321,#1322,#1323,#1324,#1325,#1326,#1327,
    #1328,#1329,#1330,#1331,#1332,#1333,#1334,#1335,#1336,#1337,#1338,
    #1339,#1340,#1341,#1342,#1343,#1344,#1345,#1346,#1347,#1348,#1349,
    #1350,#1351,#1352,#1353,#1354,#1355,#1356,#1357,#1358,#1359,#1360,
    #1361,#1362,#1363,#1364,#1365,#1366,#1367,#1368,#1369,#1370,#1371,
#1372),.UNSPECIFIED.,.F.,.F.) B_SPLINE_CURVE_WITH_KNOTS((12,10,10,10,10,
    10,10,10,12),(0.,9.891175407885,19.78235081577,29.673526223655,
    39.56470163154,49.455877039424,59.347052447309,69.238227855194,
79.129403263079),.UNSPECIFIED.) CURVE() GEOMETRIC_REPRESENTATION_ITEM() 
RATIONAL_B_SPLINE_CURVE((1.669078461068,1.669078461068,1.669078461068,
    1.669078461068,1.669078461068,1.669078461068,1.669078461068,
    1.669078461068,1.669078461068,1.669078461068,1.669078461068,
    1.669078461068,1.669078461068,1.669078461069,1.669078461068,
    1.669078461069,1.669078461068,1.669078461068,1.669078461068,
    1.669078461068,1.669078461068,1.669078461068,1.669078461068,
    1.669078461068,1.669078461068,1.669078461069,1.669078461068,
    1.669078461069,1.669078461068,1.669078461068,1.669078461068,
    1.669078461068,1.669078461069,1.669078461067,1.66907846107,
    1.669078461066,1.66907846107,1.669078461067,1.669078461069,
    1.669078461068,1.669078461068,1.669078461068,1.669078461068,
    1.669078461068,1.669078461068,1.669078461068,1.669078461068,
    1.669078461068,1.669078461068,1.669078461068,1.669078461068,
    1.669078461068,1.669078461069,1.669078461068,1.669078461069,
    1.669078461067,1.66907846107,1.669078461067,1.669078461069,
    1.669078461068,1.669078461068,1.669078461068,1.669078461068,
    1.669078461069,1.669078461068,1.669078461069,1.669078461067,
    1.669078461069,1.669078461068,1.669078461068,1.669078461068,
    1.669078461068,1.669078461069,1.669078461067,1.66907846107,
    1.669078461066,1.66907846107,1.669078461067,1.669078461069,
1.669078461068,1.669078461068,1.669078461068)) REPRESENTATION_ITEM('') 
  );
#1291 = CARTESIAN_POINT('',(91.5,-0.414846486656,31.978429639004));
#1292 = CARTESIAN_POINT('',(91.705780852046,6.777747220525,
    32.728429639031));
#1293 = CARTESIAN_POINT('',(87.987141973044,14.082502525015,
    33.478429638893));
#1294 = CARTESIAN_POINT('',(80.274260118539,19.121267391546,
    34.228429639241));
#1295 = CARTESIAN_POINT('',(70.130126058936,19.462016955053,
    34.978429638714));
#1296 = CARTESIAN_POINT('',(60.743567044489,13.918878440956,
    35.728429639181));
#1297 = CARTESIAN_POINT('',(55.928960157328,3.744074239427,
    36.478429639044));
#1298 = CARTESIAN_POINT('',(57.594877942373,-7.028975737786,
    37.228429638824));
#1299 = CARTESIAN_POINT('',(64.290855219071,-14.65678290728,
    37.978429639167));
#1300 = CARTESIAN_POINT('',(73.077859418374,-17.42558408726,
    38.728429638935));
#1301 = CARTESIAN_POINT('',(81.084235561301,-15.66897786338,
    39.47842963901));
#1302 = CARTESIAN_POINT('',(91.946505057525,-6.22895130778,
    40.978429639016));
#1303 = CARTESIAN_POINT('',(94.802222613604,1.454316382303,
    41.728429638907));
#1304 = CARTESIAN_POINT('',(93.285569660936,10.541530572386,
    42.478429639239));
#1305 = CARTESIAN_POINT('',(86.665832203929,18.235595950423,
    43.228429638698));
#1306 = CARTESIAN_POINT('',(76.230269218266,21.38724629631,
    43.978429639205));
#1307 = CARTESIAN_POINT('',(65.483577960114,18.038260316264,
    44.728429639027));
#1308 = CARTESIAN_POINT('',(58.68588291786,9.516216556379,
    45.478429638831));
#1309 = CARTESIAN_POINT('',(57.608984810156,-0.576347265198,
    46.228429639166));
#1310 = CARTESIAN_POINT('',(61.52318759231,-8.916414369329,
    46.978429638936));
#1311 = CARTESIAN_POINT('',(68.238135809957,-13.61717971243,
    47.728429639009));
#1312 = CARTESIAN_POINT('',(82.540204020105,-15.21525508326,
    49.22842963902));
#1313 = CARTESIAN_POINT('',(90.127092646473,-12.1125391537,
    49.978429638883));
#1314 = CARTESIAN_POINT('',(95.785572311331,-4.84209860855,
    50.72842963931));
#1315 = CARTESIAN_POINT('',(96.962853993882,5.239249222123,
    51.478429638569));
#1316 = CARTESIAN_POINT('',(92.213784007238,15.05149711728,
    52.228429639362));
#1317 = CARTESIAN_POINT('',(82.47131900641,20.689888363805,
    52.978429638894));
#1318 = CARTESIAN_POINT('',(71.597494056344,19.919291940645,
    53.728429638909));
#1319 = CARTESIAN_POINT('',(63.442790294738,13.876084148024,
    54.478429639135));
#1320 = CARTESIAN_POINT('',(59.957820919087,5.347737811359,
    55.228429638943));
#1321 = CARTESIAN_POINT('',(61.047266140755,-2.776351889967,
    55.978429639008));
#1322 = CARTESIAN_POINT('',(69.55805111404,-14.38107244313,
    57.478429639021));
#1323 = CARTESIAN_POINT('',(76.97925326439,-17.86151549187,
    58.228429638875));
#1324 = CARTESIAN_POINT('',(86.160674214065,-17.10045888095,
    58.978429639327));
#1325 = CARTESIAN_POINT('',(94.375114055166,-11.13870206105,
    59.728429638551));
#1326 = CARTESIAN_POINT('',(98.377761861524,-0.999043043031,
    60.478429639366));
#1327 = CARTESIAN_POINT('',(95.927669115736,9.98749989161,
    61.228429638912));
#1328 = CARTESIAN_POINT('',(87.996081647049,17.465722151843,
    61.978429638875));
#1329 = CARTESIAN_POINT('',(78.026918598469,19.372379421783,
    62.728429639169));
#1330 = CARTESIAN_POINT('',(69.392104744213,16.160262909338,
    63.478429638921));
#1331 = CARTESIAN_POINT('',(64.152878869853,9.856435769476,
    64.228429639018));
#1332 = CARTESIAN_POINT('',(61.379206305796,-4.264815608672,
    65.728429639005));
#1333 = CARTESIAN_POINT('',(63.844804585619,-12.08201141385,
    66.478429638975));
#1334 = CARTESIAN_POINT('',(70.6231393577,-18.32155272475,
    67.228429639064));
#1335 = CARTESIAN_POINT('',(80.572835097096,-20.32732449803,
    67.978429638973));
#1336 = CARTESIAN_POINT('',(90.743744314897,-16.40476399964,
    68.728429638928));
#1337 = CARTESIAN_POINT('',(97.167403951421,-7.161189121393,
    69.478429639198));
#1338 = CARTESIAN_POINT('',(97.297392868967,3.739131560885,
    70.228429638777));
#1339 = CARTESIAN_POINT('',(91.948235789266,12.365027010605,
    70.978429639161));
#1340 = CARTESIAN_POINT('',(83.736804568706,16.542358712403,
    71.728429638948));
#1341 = CARTESIAN_POINT('',(75.550497080168,16.12751650672,
    72.478429639004));
#1342 = CARTESIAN_POINT('',(63.282597478221,8.604110407309,
    73.978429639026));
#1343 = CARTESIAN_POINT('',(59.201203891626,1.495668132416,
    74.728429638846));
#1344 = CARTESIAN_POINT('',(59.20146537408,-7.717241162956,
    75.478429639402));
#1345 = CARTESIAN_POINT('',(64.464516709199,-16.39594251056,
    76.228429638422));
#1346 = CARTESIAN_POINT('',(74.23900761174,-21.22224563998,
    76.978429639523));
#1347 = CARTESIAN_POINT('',(85.390352989888,-19.68778273887,
    77.728429638775));
#1348 = CARTESIAN_POINT('',(93.498018630288,-12.40083235303,
    78.478429638957));
#1349 = CARTESIAN_POINT('',(96.221410658581,-2.623169565616,
    79.228429639136));
#1350 = CARTESIAN_POINT('',(93.733322429114,6.24740650331,79.97842963893
    ));
#1351 = CARTESIAN_POINT('',(87.883677898261,11.989303683388,
    80.728429639016));
#1352 = CARTESIAN_POINT('',(74.039705817955,15.919626445829,
    82.228429639008));
#1353 = CARTESIAN_POINT('',(66.045602207712,14.107988346301,
    82.978429638962));
#1354 = CARTESIAN_POINT('',(59.267621642373,7.86806226285,83.72842963908
    ));
#1355 = CARTESIAN_POINT('',(56.447061245028,-1.882014900184,
    84.478429638993));
#1356 = CARTESIAN_POINT('',(59.516317161217,-12.34210779169,
    85.22842963882));
#1357 = CARTESIAN_POINT('',(68.197858972104,-19.507155723,
    85.978429639388));
#1358 = CARTESIAN_POINT('',(79.050215094546,-20.53684202767,
    86.728429638585));
#1359 = CARTESIAN_POINT('',(88.088378658704,-15.91827581639,
    87.478429639287));
#1360 = CARTESIAN_POINT('',(92.92953725369,-8.079852123423,
    88.228429638893));
#1361 = CARTESIAN_POINT('',(93.192131864857,0.112752375919,
    88.978429639021));
#1362 = CARTESIAN_POINT('',(86.707497128702,12.960028831073,
    90.478429639001));
#1363 = CARTESIAN_POINT('',(79.960372605428,17.614492903094,
    91.228429638991));
#1364 = CARTESIAN_POINT('',(70.778908455362,18.3750283242,91.97842963902
    ));
#1365 = CARTESIAN_POINT('',(61.695229971592,13.846634470641,
    92.728429639063));
#1366 = CARTESIAN_POINT('',(56.07824000944,4.504081343373,
    93.478429638783));
#1367 = CARTESIAN_POINT('',(56.686591180912,-6.735891460298,
    94.228429639375));
#1368 = CARTESIAN_POINT('',(63.279127187083,-15.41761691742,
    94.978429638621));
#1369 = CARTESIAN_POINT('',(72.798498379393,-18.93914016864,
    95.728429639264));
#1370 = CARTESIAN_POINT('',(81.844241629748,-17.19207638991,
    96.478429638893));
#1371 = CARTESIAN_POINT('',(88.049587134529,-11.83657347075,
    97.22842963903));
#1372 = CARTESIAN_POINT('',(90.579649571607,-5.10051126354,
    97.978429639004));
#1373 = PCURVE('',#1374,#1949);
#1374 = ( BOUNDED_SURFACE() B_SPLINE_SURFACE(6,11,(
    (#1375,#1376,#1377,#1378,#1379,#1380,#1381,#1382,#1383,#1384,#1385
      ,#1386,#1387,#1388,#1389,#1390,#1391,#1392,#1393,#1394,#1395,#1396
      ,#1397,#1398,#1399,#1400,#1401,#1402,#1403,#1404,#1405,#1406,#1407
      ,#1408,#1409,#1410,#1411,#1412,#1413,#1414,#1415,#1416,#1417,#1418
      ,#1419,#1420,#1421,#1422,#1423,#1424,#1425,#1426,#1427,#1428,#1429
      ,#1430,#1431,#1432,#1433,#1434,#1435,#1436,#1437,#1438,#1439,#1440
      ,#1441,#1442,#1443,#1444,#1445,#1446,#1447,#1448,#1449,#1450,#1451
      ,#1452,#1453,#1454,#1455,#1456)
    ,(#1457,#1458,#1459,#1460,#1461,#1462,#1463,#1464,#1465,#1466,#1467
      ,#1468,#1469,#1470,#1471,#1472,#1473,#1474,#1475,#1476,#1477,#1478
      ,#1479,#1480,#1481,#1482,#1483,#1484,#1485,#1486,#1487,#1488,#1489
      ,#1490,#1491,#1492,#1493,#1494,#1495,#1496,#1497,#1498,#1499,#1500
      ,#1501,#1502,#1503,#1504,#1505,#1506,#1507,#1508,#1509,#1510,#1511
      ,#1512,#1513,#1514,#1515,#1516,#1517,#1518,#1519,#1520,#1521,#1522
      ,#1523,#1524,#1525,#1526,#1527,#1528,#1529,#1530,#1531,#1532,#1533
      ,#1534,#1535,#1536,#1537,#1538)
    ,(#1539,#1540,#1541,#1542,#1543,#1544,#1545,#1546,#1547,#1548,#1549
      ,#1550,#1551,#1552,#1553,#1554,#1555,#1556,#1557,#1558,#1559,#1560
      ,#1561,#1562,#1563,#1564,#1565,#1566,#1567,#1568,#1569,#1570,#1571
      ,#1572,#1573,#1574,#1575,#1576,#1577,#1578,#1579,#1580,#1581,#1582
      ,#1583,#1584,#1585,#1586,#1587,#1588,#1589,#1590,#1591,#1592,#1593
      ,#1594,#1595,#1596,#1597,#1598,#1599,#1600,#1601,#1602,#1603,#1604
      ,#1605,#1606,#1607,#1608,#1609,#1610,#1611,#1612,#1613,#1614,#1615
      ,#1616,#1617,#1618,#1619,#1620)
    ,(#1621,#1622,#1623,#1624,#1625,#1626,#1627,#1628,#1629,#1630,#1631
      ,#1632,#1633,#1634,#1635,#1636,#1637,#1638,#1639,#1640,#1641,#1642
      ,#1643,#1644,#1645,#1646,#1647,#1648,#1649,#1650,#1651,#1652,#1653
      ,#1654,#1655,#1656,#1657,#1658,#1659,#1660,#1661,#1662,#1663,#1664
      ,#1665,#1666,#1667,#1668,#1669,#1670,#1671,#1672,#1673,#1674,#1675
      ,#1676,#1677,#1678,#1679,#1680,#1681,#1682,#1683,#1684,#1685,#1686
      ,#1687,#1688,#1689,#1690,#1691,#1692,#1693,#1694,#1695,#1696,#1697
      ,#1698,#1699,#1700,#1701,#1702)
    ,(#1703,#1704,#1705,#1706,#1707,#1708,#1709,#1710,#1711,#1712,#1713
      ,#1714,#1715,#1716,#1717,#1718,#1719,#1720,#1721,#1722,#1723,#1724
      ,#1725,#1726,#1727,#1728,#1729,#1730,#1731,#1732,#1733,#1734,#1735
      ,#1736,#1737,#1738,#1739,#1740,#1741,#1742,#1743,#1744,#1745,#1746
      ,#1747,#1748,#1749,#1750,#1751,#1752,#1753,#1754,#1755,#1756,#1757
      ,#1758,#1759,#1760,#1761,#1762,#1763,#1764,#1765,#1766,#1767,#1768
      ,#1769,#1770,#1771,#1772,#1773,#1774,#1775,#1776,#1777,#1778,#1779
      ,#1780,#1781,#1782,#1783,#1784)
    ,(#1785,#1786,#1787,#1788,#1789,#1790,#1791,#1792,#1793,#1794,#1795
      ,#1796,#1797,#1798,#1799,#1800,#1801,#1802,#1803,#1804,#1805,#1806
      ,#1807,#1808,#1809,#1810,#1811,#1812,#1813,#1814,#1815,#1816,#1817
      ,#1818,#1819,#1820,#1821,#1822,#1823,#1824,#1825,#1826,#1827,#1828
      ,#1829,#1830,#1831,#1832,#1833,#1834,#1835,#1836,#1837,#1838,#1839
      ,#1840,#1841,#1842,#1843,#1844,#1845,#1846,#1847,#1848,#1849,#1850
      ,#1851,#1852,#1853,#1854,#1855,#1856,#1857,#1858,#1859,#1860,#1861
      ,#1862,#1863,#1864,#1865,#1866)
    ,(#1867,#1868,#1869,#1870,#1871,#1872,#1873,#1874,#1875,#1876,#1877
      ,#1878,#1879,#1880,#1881,#1882,#1883,#1884,#1885,#1886,#1887,#1888
      ,#1889,#1890,#1891,#1892,#1893,#1894,#1895,#1896,#1897,#1898,#1899
      ,#1900,#1901,#1902,#1903,#1904,#1905,#1906,#1907,#1908,#1909,#1910
      ,#1911,#1912,#1913,#1914,#1915,#1916,#1917,#1918,#1919,#1920,#1921
      ,#1922,#1923,#1924,#1925,#1926,#1927,#1928,#1929,#1930,#1931,#1932
      ,#1933,#1934,#1935,#1936,#1937,#1938,#1939,#1940,#1941,#1942,#1943
      ,#1944,#1945,#1946,#1947,#1948
)),.UNSPECIFIED.,.T.,.F.,.F.) B_SPLINE_SURFACE_WITH_KNOTS((1,6,6,1),(12,
    10,10,10,10,10,10,10,12),(-6.28318530718,0.,6.28318530718,
    12.566370614359),(0.,9.891175407885,19.78235081577,29.673526223655,
    39.56470163154,49.455877039424,59.347052447309,69.238227855194,
79.129403263079),.UNSPECIFIED.) GEOMETRIC_REPRESENTATION_ITEM() 
RATIONAL_B_SPLINE_SURFACE((
    (1.669078461068,1.669078461068,1.669078461068,1.669078461068
      ,1.669078461068,1.669078461068,1.669078461068,1.669078461068
      ,1.669078461068,1.669078461068,1.669078461068,1.669078461068
      ,1.669078461068,1.669078461069,1.669078461068,1.669078461069
      ,1.669078461068,1.669078461068,1.669078461068,1.669078461068
      ,1.669078461068,1.669078461068,1.669078461068,1.669078461068
      ,1.669078461068,1.669078461069,1.669078461068,1.669078461069
      ,1.669078461068,1.669078461068,1.669078461068,1.669078461068
      ,1.669078461069,1.669078461067,1.66907846107,1.669078461066
      ,1.66907846107,1.669078461067,1.669078461069,1.669078461068
      ,1.669078461068,1.669078461068,1.669078461068,1.669078461068
      ,1.669078461068,1.669078461068,1.669078461068,1.669078461068
      ,1.669078461068,1.669078461068,1.669078461068,1.669078461068
      ,1.669078461069,1.669078461068,1.669078461069,1.669078461067
      ,1.66907846107,1.669078461067,1.669078461069,1.669078461068
      ,1.669078461068,1.669078461068,1.669078461068,1.669078461069
      ,1.669078461068,1.669078461069,1.669078461067,1.669078461069
      ,1.669078461068,1.669078461068,1.669078461068,1.669078461068
      ,1.669078461069,1.669078461067,1.66907846107,1.669078461066
      ,1.66907846107,1.669078461067,1.669078461069,1.669078461068
      ,1.669078461068,1.669078461068)
    ,(1.03672962321,1.03672962321,1.03672962321,1.03672962321
      ,1.03672962321,1.03672962321,1.03672962321,1.03672962321
      ,1.03672962321,1.03672962321,1.03672962321,1.03672962321
      ,1.03672962321,1.03672962321,1.036729623209,1.03672962321
      ,1.036729623209,1.03672962321,1.03672962321,1.03672962321
      ,1.03672962321,1.03672962321,1.03672962321,1.03672962321
      ,1.03672962321,1.03672962321,1.03672962321,1.03672962321
      ,1.03672962321,1.03672962321,1.03672962321,1.03672962321
      ,1.03672962321,1.036729623209,1.036729623211,1.036729623208
      ,1.036729623211,1.036729623208,1.03672962321,1.036729623209
      ,1.03672962321,1.03672962321,1.03672962321,1.03672962321
      ,1.036729623209,1.03672962321,1.036729623209,1.03672962321
      ,1.036729623209,1.03672962321,1.03672962321,1.03672962321
      ,1.03672962321,1.036729623209,1.036729623211,1.036729623208
      ,1.036729623211,1.036729623209,1.03672962321,1.036729623209
      ,1.03672962321,1.03672962321,1.036729623209,1.03672962321
      ,1.036729623209,1.03672962321,1.036729623209,1.03672962321
      ,1.036729623209,1.03672962321,1.03672962321,1.03672962321
      ,1.03672962321,1.036729623209,1.036729623211,1.036729623208
      ,1.036729623211,1.036729623209,1.03672962321,1.036729623209
      ,1.03672962321,1.03672962321)
    ,(1.038346699848,1.038346699847,1.038346699848,1.038346699847
      ,1.038346699848,1.038346699847,1.038346699848,1.038346699847
      ,1.038346699848,1.038346699847,1.038346699848,1.038346699848
      ,1.038346699847,1.038346699848,1.038346699847,1.038346699848
      ,1.038346699848,1.038346699847,1.038346699848,1.038346699847
      ,1.038346699848,1.038346699848,1.038346699848,1.038346699848
      ,1.038346699847,1.038346699848,1.038346699847,1.038346699848
      ,1.038346699847,1.038346699848,1.038346699848,1.038346699847
      ,1.038346699848,1.038346699847,1.038346699848,1.038346699846
      ,1.038346699848,1.038346699847,1.038346699848,1.038346699847
      ,1.038346699848,1.038346699848,1.038346699847,1.038346699848
      ,1.038346699847,1.038346699848,1.038346699847,1.038346699848
      ,1.038346699847,1.038346699848,1.038346699848,1.038346699847
      ,1.038346699848,1.038346699847,1.038346699848,1.038346699847
      ,1.038346699848,1.038346699847,1.038346699848,1.038346699847
      ,1.038346699848,1.038346699848,1.038346699847,1.038346699848
      ,1.038346699847,1.038346699849,1.038346699846,1.038346699848
      ,1.038346699847,1.038346699848,1.038346699847,1.038346699847
      ,1.038346699848,1.038346699847,1.038346699849,1.038346699846
      ,1.038346699849,1.038346699846,1.038346699848,1.038346699847
      ,1.038346699848,1.038346699848)
    ,(0.853534330196,0.853534330196,0.853534330196,0.853534330196
      ,0.853534330196,0.853534330196,0.853534330196,0.853534330196
      ,0.853534330196,0.853534330196,0.853534330196,0.853534330196
      ,0.853534330196,0.853534330197,0.853534330196,0.853534330197
      ,0.853534330196,0.853534330197,0.853534330196,0.853534330196
      ,0.853534330196,0.853534330196,0.853534330196,0.853534330196
      ,0.853534330196,0.853534330196,0.853534330196,0.853534330196
      ,0.853534330196,0.853534330196,0.853534330196,0.853534330196
      ,0.853534330196,0.853534330196,0.853534330197,0.853534330195
      ,0.853534330197,0.853534330195,0.853534330197,0.853534330196
      ,0.853534330196,0.853534330196,0.853534330196,0.853534330196
      ,0.853534330196,0.853534330196,0.853534330196,0.853534330196
      ,0.853534330196,0.853534330196,0.853534330196,0.853534330196
      ,0.853534330196,0.853534330196,0.853534330197,0.853534330195
      ,0.853534330197,0.853534330195,0.853534330197,0.853534330196
      ,0.853534330196,0.853534330196,0.853534330196,0.853534330196
      ,0.853534330196,0.853534330196,0.853534330196,0.853534330196
      ,0.853534330196,0.853534330196,0.853534330196,0.853534330196
      ,0.853534330196,0.853534330195,0.853534330198,0.853534330194
      ,0.853534330198,0.853534330195,0.853534330197,0.853534330196
      ,0.853534330196,0.853534330196)
    ,(1.038346699848,1.038346699848,1.038346699848,1.038346699847
      ,1.038346699848,1.038346699848,1.038346699848,1.038346699847
      ,1.038346699848,1.038346699848,1.038346699848,1.038346699848
      ,1.038346699847,1.038346699848,1.038346699847,1.038346699848
      ,1.038346699847,1.038346699848,1.038346699847,1.038346699848
      ,1.038346699848,1.038346699848,1.038346699848,1.038346699847
      ,1.038346699848,1.038346699848,1.038346699847,1.038346699848
      ,1.038346699847,1.038346699848,1.038346699848,1.038346699847
      ,1.038346699848,1.038346699847,1.038346699848,1.038346699846
      ,1.038346699849,1.038346699847,1.038346699848,1.038346699847
      ,1.038346699848,1.038346699848,1.038346699847,1.038346699848
      ,1.038346699847,1.038346699848,1.038346699847,1.038346699848
      ,1.038346699847,1.038346699848,1.038346699848,1.038346699847
      ,1.038346699848,1.038346699847,1.038346699849,1.038346699846
      ,1.038346699849,1.038346699847,1.038346699848,1.038346699847
      ,1.038346699848,1.038346699848,1.038346699847,1.038346699848
      ,1.038346699847,1.038346699849,1.038346699846,1.038346699848
      ,1.038346699847,1.038346699848,1.038346699847,1.038346699847
      ,1.038346699848,1.038346699847,1.038346699849,1.038346699846
      ,1.038346699849,1.038346699846,1.038346699848,1.038346699847
      ,1.038346699848,1.038346699848)
    ,(1.03672962321,1.03672962321,1.03672962321,1.036729623209
      ,1.03672962321,1.036729623209,1.03672962321,1.036729623209
      ,1.03672962321,1.03672962321,1.03672962321,1.03672962321
      ,1.03672962321,1.03672962321,1.036729623209,1.03672962321
      ,1.03672962321,1.03672962321,1.03672962321,1.03672962321
      ,1.03672962321,1.03672962321,1.03672962321,1.036729623209
      ,1.03672962321,1.036729623209,1.03672962321,1.03672962321
      ,1.03672962321,1.03672962321,1.03672962321,1.03672962321
      ,1.03672962321,1.036729623209,1.036729623211,1.036729623208
      ,1.036729623211,1.036729623209,1.03672962321,1.036729623209
      ,1.03672962321,1.03672962321,1.03672962321,1.03672962321
      ,1.036729623209,1.03672962321,1.036729623209,1.03672962321
      ,1.03672962321,1.03672962321,1.03672962321,1.03672962321
      ,1.03672962321,1.036729623209,1.036729623211,1.036729623208
      ,1.036729623211,1.036729623209,1.03672962321,1.036729623209
      ,1.03672962321,1.03672962321,1.036729623209,1.03672962321
      ,1.036729623209,1.036729623211,1.036729623209,1.03672962321
      ,1.036729623209,1.03672962321,1.03672962321,1.03672962321
      ,1.03672962321,1.036729623209,1.036729623211,1.036729623208
      ,1.036729623211,1.036729623208,1.03672962321,1.036729623209
      ,1.03672962321,1.03672962321)
    ,(1.669078461068,1.669078461068,1.669078461068,1.669078461068
      ,1.669078461068,1.669078461068,1.669078461068,1.669078461068
      ,1.669078461068,1.669078461068,1.669078461068,1.669078461068
      ,1.669078461068,1.669078461069,1.669078461068,1.669078461069
      ,1.669078461068,1.669078461068,1.669078461068,1.669078461068
      ,1.669078461068,1.669078461068,1.669078461068,1.669078461068
      ,1.669078461068,1.669078461069,1.669078461068,1.669078461069
      ,1.669078461068,1.669078461068,1.669078461068,1.669078461068
      ,1.669078461069,1.669078461067,1.66907846107,1.669078461066
      ,1.66907846107,1.669078461067,1.669078461069,1.669078461068
      ,1.669078461068,1.669078461068,1.669078461068,1.669078461068
      ,1.669078461068,1.669078461068,1.669078461068,1.669078461068
      ,1.669078461068,1.669078461068,1.669078461068,1.669078461068
      ,1.669078461069,1.669078461068,1.669078461069,1.669078461067
      ,1.66907846107,1.669078461067,1.669078461069,1.669078461068
      ,1.669078461068,1.669078461068,1.669078461068,1.669078461069
      ,1.669078461068,1.669078461069,1.669078461067,1.669078461069
      ,1.669078461068,1.669078461068,1.669078461068,1.669078461068
      ,1.669078461069,1.669078461067,1.66907846107,1.669078461066
      ,1.66907846107,1.669078461067,1.669078461069,1.669078461068
,1.669078461068,1.669078461068))) REPRESENTATION_ITEM('') SURFACE() );
#1375 = CARTESIAN_POINT('',(91.5,-0.414846486656,31.978429639004));
#1376 = CARTESIAN_POINT('',(91.705780852046,6.777747220525,
    32.728429639031));
#1377 = CARTESIAN_POINT('',(87.987141973044,14.082502525015,
    33.478429638893));
#1378 = CARTESIAN_POINT('',(80.274260118539,19.121267391546,
    34.228429639241));
#1379 = CARTESIAN_POINT('',(70.130126058936,19.462016955053,
    34.978429638714));
#1380 = CARTESIAN_POINT('',(60.743567044489,13.918878440956,
    35.728429639181));
#1381 = CARTESIAN_POINT('',(55.928960157328,3.744074239427,
    36.478429639044));
#1382 = CARTESIAN_POINT('',(57.594877942373,-7.028975737786,
    37.228429638824));
#1383 = CARTESIAN_POINT('',(64.290855219071,-14.65678290728,
    37.978429639167));
#1384 = CARTESIAN_POINT('',(73.077859418374,-17.42558408726,
    38.728429638935));
#1385 = CARTESIAN_POINT('',(81.084235561301,-15.66897786338,
    39.47842963901));
#1386 = CARTESIAN_POINT('',(91.946505057525,-6.22895130778,
    40.978429639016));
#1387 = CARTESIAN_POINT('',(94.802222613604,1.454316382303,
    41.728429638907));
#1388 = CARTESIAN_POINT('',(93.285569660936,10.541530572386,
    42.478429639239));
#1389 = CARTESIAN_POINT('',(86.665832203929,18.235595950423,
    43.228429638698));
#1390 = CARTESIAN_POINT('',(76.230269218266,21.38724629631,
    43.978429639205));
#1391 = CARTESIAN_POINT('',(65.483577960114,18.038260316264,
    44.728429639027));
#1392 = CARTESIAN_POINT('',(58.68588291786,9.516216556379,
    45.478429638831));
#1393 = CARTESIAN_POINT('',(57.608984810156,-0.576347265198,
    46.228429639166));
#1394 = CARTESIAN_POINT('',(61.52318759231,-8.916414369329,
    46.978429638936));
#1395 = CARTESIAN_POINT('',(68.238135809957,-13.61717971243,
    47.728429639009));
#1396 = CARTESIAN_POINT('',(82.540204020105,-15.21525508326,
    49.22842963902));
#1397 = CARTESIAN_POINT('',(90.127092646473,-12.1125391537,
    49.978429638883));
#1398 = CARTESIAN_POINT('',(95.785572311331,-4.84209860855,
    50.72842963931));
#1399 = CARTESIAN_POINT('',(96.962853993882,5.239249222123,
    51.478429638569));
#1400 = CARTESIAN_POINT('',(92.213784007238,15.05149711728,
    52.228429639362));
#1401 = CARTESIAN_POINT('',(82.47131900641,20.689888363805,
    52.978429638894));
#1402 = CARTESIAN_POINT('',(71.597494056344,19.919291940645,
    53.728429638909));
#1403 = CARTESIAN_POINT('',(63.442790294738,13.876084148024,
    54.478429639135));
#1404 = CARTESIAN_POINT('',(59.957820919087,5.347737811359,
    55.228429638943));
#1405 = CARTESIAN_POINT('',(61.047266140755,-2.776351889967,
    55.978429639008));
#1406 = CARTESIAN_POINT('',(69.55805111404,-14.38107244313,
    57.478429639021));
#1407 = CARTESIAN_POINT('',(76.97925326439,-17.86151549187,
    58.228429638875));
#1408 = CARTESIAN_POINT('',(86.160674214065,-17.10045888095,
    58.978429639327));
#1409 = CARTESIAN_POINT('',(94.375114055166,-11.13870206105,
    59.728429638551));
#1410 = CARTESIAN_POINT('',(98.377761861524,-0.999043043031,
    60.478429639366));
#1411 = CARTESIAN_POINT('',(95.927669115736,9.98749989161,
    61.228429638912));
#1412 = CARTESIAN_POINT('',(87.996081647049,17.465722151843,
    61.978429638875));
#1413 = CARTESIAN_POINT('',(78.026918598469,19.372379421783,
    62.728429639169));
#1414 = CARTESIAN_POINT('',(69.392104744213,16.160262909338,
    63.478429638921));
#1415 = CARTESIAN_POINT('',(64.152878869853,9.856435769476,
    64.228429639018));
#1416 = CARTESIAN_POINT('',(61.379206305796,-4.264815608672,
    65.728429639005));
#1417 = CARTESIAN_POINT('',(63.844804585619,-12.08201141385,
    66.478429638975));
#1418 = CARTESIAN_POINT('',(70.6231393577,-18.32155272475,
    67.228429639064));
#1419 = CARTESIAN_POINT('',(80.572835097096,-20.32732449803,
    67.978429638973));
#1420 = CARTESIAN_POINT('',(90.743744314897,-16.40476399964,
    68.728429638928));
#1421 = CARTESIAN_POINT('',(97.167403951421,-7.161189121393,
    69.478429639198));
#1422 = CARTESIAN_POINT('',(97.297392868967,3.739131560885,
    70.228429638777));
#1423 = CARTESIAN_POINT('',(91.948235789266,12.365027010605,
    70.978429639161));
#1424 = CARTESIAN_POINT('',(83.736804568706,16.542358712403,
    71.728429638948));
#1425 = CARTESIAN_POINT('',(75.550497080168,16.12751650672,
    72.478429639004));
#1426 = CARTESIAN_POINT('',(63.282597478221,8.604110407309,
    73.978429639026));
#1427 = CARTESIAN_POINT('',(59.201203891626,1.495668132416,
    74.728429638846));
#1428 = CARTESIAN_POINT('',(59.20146537408,-7.717241162956,
    75.478429639402));
#1429 = CARTESIAN_POINT('',(64.464516709199,-16.39594251056,
    76.228429638422));
#1430 = CARTESIAN_POINT('',(74.23900761174,-21.22224563998,
    76.978429639523));
#1431 = CARTESIAN_POINT('',(85.390352989888,-19.68778273887,
    77.728429638775));
#1432 = CARTESIAN_POINT('',(93.498018630288,-12.40083235303,
    78.478429638957));
#1433 = CARTESIAN_POINT('',(96.221410658581,-2.623169565616,
    79.228429639136));
#1434 = CARTESIAN_POINT('',(93.733322429114,6.24740650331,79.97842963893
    ));
#1435 = CARTESIAN_POINT('',(87.883677898261,11.989303683388,
    80.728429639016));
#1436 = CARTESIAN_POINT('',(74.039705817955,15.919626445829,
    82.228429639008));
#1437 = CARTESIAN_POINT('',(66.045602207712,14.107988346301,
    82.978429638962));
#1438 = CARTESIAN_POINT('',(59.267621642373,7.86806226285,83.72842963908
    ));
#1439 = CARTESIAN_POINT('',(56.447061245028,-1.882014900184,
    84.478429638993));
#1440 = CARTESIAN_POINT('',(59.516317161217,-12.34210779169,
    85.22842963882));
#1441 = CARTESIAN_POINT('',(68.197858972104,-19.507155723,
    85.978429639388));
#1442 = CARTESIAN_POINT('',(79.050215094546,-20.53684202767,
    86.728429638585));
#1443 = CARTESIAN_POINT('',(88.088378658704,-15.91827581639,
    87.478429639287));
#1444 = CARTESIAN_POINT('',(92.92953725369,-8.079852123423,
    88.228429638893));
#1445 = CARTESIAN_POINT('',(93.192131864857,0.112752375919,
    88.978429639021));
#1446 = CARTESIAN_POINT('',(86.707497128702,12.960028831073,
    90.478429639001));
#1447 = CARTESIAN_POINT('',(79.960372605428,17.614492903094,
    91.228429638991));
#1448 = CARTESIAN_POINT('',(70.778908455362,18.3750283242,91.97842963902
    ));
#1449 = CARTESIAN_POINT('',(61.695229971592,13.846634470641,
    92.728429639063));
#1450 = CARTESIAN_POINT('',(56.07824000944,4.504081343373,
    93.478429638783));
#1451 = CARTESIAN_POINT('',(56.686591180912,-6.735891460298,
    94.228429639375));
#1452 = CARTESIAN_POINT('',(63.279127187083,-15.41761691742,
    94.978429638621));
#1453 = CARTESIAN_POINT('',(72.798498379393,-18.93914016864,
    95.728429639264));
#1454 = CARTESIAN_POINT('',(81.844241629748,-17.19207638991,
    96.478429638893));
#1455 = CARTESIAN_POINT('',(88.049587134529,-11.83657347075,
    97.22842963903));
#1456 = CARTESIAN_POINT('',(90.579649571607,-5.10051126354,
    97.978429639004));
#1457 = CARTESIAN_POINT('',(98.146172302284,-0.414846486656,
    31.978429639004));
#1458 = CARTESIAN_POINT('',(98.351953154326,10.074520827392,
    32.728429626217));
#1459 = CARTESIAN_POINT('',(92.834531700955,20.675996294184,
    33.478429694417));
#1460 = CARTESIAN_POINT('',(81.523267574225,27.921363077653,
    34.228429481664));
#1461 = CARTESIAN_POINT('',(66.728839555514,28.285251426128,
    34.978429934655));
#1462 = CARTESIAN_POINT('',(53.116038370822,20.080465998781,
    35.728429234537));
#1463 = CARTESIAN_POINT('',(46.229748255681,5.182699758892,
    36.478430042337));
#1464 = CARTESIAN_POINT('',(48.799784703876,-10.50238203991,
    37.228429341038));
#1465 = CARTESIAN_POINT('',(58.662344139499,-21.53585019376,
    37.978429794519));
#1466 = CARTESIAN_POINT('',(71.509916130786,-25.45757643713,
    38.728429583129));
#1467 = CARTESIAN_POINT('',(83.160050413122,-22.7915697502,
    39.478429648885));
#1468 = CARTESIAN_POINT('',(98.873350250224,-8.885855175355,
    40.978429627542));
#1469 = CARTESIAN_POINT('',(102.93626136785,2.35362767773,
    41.728429692827));
#1470 = CARTESIAN_POINT('',(100.60594020569,15.582748559263,
    42.478429483351));
#1471 = CARTESIAN_POINT('',(90.853668105626,26.713817867504,
    43.228429932146));
#1472 = CARTESIAN_POINT('',(75.597511903898,31.172131225715,
    43.978429239105));
#1473 = CARTESIAN_POINT('',(59.972911673765,26.148556979804,
    44.728430035796));
#1474 = CARTESIAN_POINT('',(50.173660278074,13.634502869324,
    45.478429347414));
#1475 = CARTESIAN_POINT('',(48.735803694886,-1.09438258555,
    46.228429790447));
#1476 = CARTESIAN_POINT('',(54.551919675979,-13.20276140409,
    46.978429584657));
#1477 = CARTESIAN_POINT('',(64.403785798119,-19.96840656019,
    47.728429648738));
#1478 = CARTESIAN_POINT('',(85.276880914914,-22.11097274415,
    49.228429627342));
#1479 = CARTESIAN_POINT('',(96.297772020585,-17.48785898795,
    49.978429694846));
#1480 = CARTESIAN_POINT('',(104.45246899124,-6.813546212406,
    50.728429477245));
#1481 = CARTESIAN_POINT('',(106.03682865839,7.900301680169,
    51.478429943588));
#1482 = CARTESIAN_POINT('',(98.984202946007,22.144154045827,
    52.228429224194));
#1483 = CARTESIAN_POINT('',(84.705985460101,30.237171785532,
    52.978430049824));
#1484 = CARTESIAN_POINT('',(68.862244241041,28.971177095762,
    53.728429337765));
#1485 = CARTESIAN_POINT('',(57.052017271574,20.053439882549,
    54.478429795207));
#1486 = CARTESIAN_POINT('',(52.082741625668,7.573602448794,
    55.228429583096));
#1487 = CARTESIAN_POINT('',(53.777582084554,-4.256897805557,
    55.978429648984));
#1488 = CARTESIAN_POINT('',(66.338207578023,-21.0648535653,
    57.47842962719));
#1489 = CARTESIAN_POINT('',(77.203789359295,-26.04203691778,
    58.228429695291));
#1490 = CARTESIAN_POINT('',(90.580162477789,-24.81212713135,
    58.978429476147));
#1491 = CARTESIAN_POINT('',(102.47854979774,-16.01236039529,
    59.728429945734));
#1492 = CARTESIAN_POINT('',(108.18147913347,-1.176476310449,
    60.47842922101));
#1493 = CARTESIAN_POINT('',(104.46533221891,14.809601470346,
    61.228430053225));
#1494 = CARTESIAN_POINT('',(92.803235698605,25.608785846328,
    61.97842933541));
#1495 = CARTESIAN_POINT('',(78.243394120075,28.25803314311,
    62.728429795977));
#1496 = CARTESIAN_POINT('',(65.696080499379,23.461684143835,
    63.478429583396));
#1497 = CARTESIAN_POINT('',(58.139982796083,14.20216968803,
    64.228429648435));
#1498 = CARTESIAN_POINT('',(54.281048030086,-6.42270151328,
    65.728429628466));
#1499 = CARTESIAN_POINT('',(57.978273529846,-17.78772439657,
    66.478429687909));
#1500 = CARTESIAN_POINT('',(67.942718592162,-26.79604670375,
    67.228429494434));
#1501 = CARTESIAN_POINT('',(82.475475822938,-29.59005491184,67.978429918
    ));
#1502 = CARTESIAN_POINT('',(97.253079459471,-23.73776548897,
    68.728429247863));
#1503 = CARTESIAN_POINT('',(106.49754126735,-10.17663147418,
    69.478430038077));
#1504 = CARTESIAN_POINT('',(106.54423638566,5.717540360595,
    70.228429337882));
#1505 = CARTESIAN_POINT('',(98.632238576037,18.223850310577,
    70.978429799295));
#1506 = CARTESIAN_POINT('',(86.605385643198,24.206730172384,
    71.728429580348));
#1507 = CARTESIAN_POINT('',(74.675333730728,23.494633418892,
    72.478429649687));
#1508 = CARTESIAN_POINT('',(56.88753742889,12.364898815522,
    73.978429626655));
#1509 = CARTESIAN_POINT('',(51.030081050315,1.947441047205,
    74.728429697205));
#1510 = CARTESIAN_POINT('',(51.151177931834,-11.48481011723,
    75.47842947157));
#1511 = CARTESIAN_POINT('',(58.938327970292,-24.06923739603,
    76.228429953584));
#1512 = CARTESIAN_POINT('',(73.252595812256,-30.9778259243,
    76.978429211024));
#1513 = CARTESIAN_POINT('',(89.490950017038,-28.59449138595,
    77.728430062742));
#1514 = CARTESIAN_POINT('',(101.21629799795,-17.86401640643,
    78.47842932871));
#1515 = CARTESIAN_POINT('',(105.05883896092,-3.572677181955,
    79.228429799386));
#1516 = CARTESIAN_POINT('',(101.31502087119,9.327860364937,
    79.978429582186));
#1517 = CARTESIAN_POINT('',(92.711109954416,17.622794805969,
    80.728429648718));
#1518 = CARTESIAN_POINT('',(72.475351452179,23.171737717927,
    82.228429628102));
#1519 = CARTESIAN_POINT('',(60.843831422464,20.425656267816,
    82.978429688874));
#1520 = CARTESIAN_POINT('',(51.043419749208,11.239146198163,
    83.728429495135));
#1521 = CARTESIAN_POINT('',(47.058848925494,-3.01324692724,
    84.478429909295));
#1522 = CARTESIAN_POINT('',(51.670824955274,-18.22365579566,
    85.228429270703));
#1523 = CARTESIAN_POINT('',(64.422239249195,-28.55641263065,
    85.978430003663));
#1524 = CARTESIAN_POINT('',(80.258268341708,-29.91547859242,
    86.728429371598));
#1525 = CARTESIAN_POINT('',(93.375230530217,-23.06326713631,
    87.478429777163));
#1526 = CARTESIAN_POINT('',(100.33084545232,-11.57155431865,
    88.228429589767));
#1527 = CARTESIAN_POINT('',(100.60635675415,0.376554906401,
    88.978429647503));
#1528 = CARTESIAN_POINT('',(90.983540411051,19.02268306265,
    90.478429628808));
#1529 = CARTESIAN_POINT('',(81.085368462216,25.720400106627,
    91.22842968786));
#1530 = CARTESIAN_POINT('',(67.688995128095,26.708943329068,
    91.978429494298));
#1531 = CARTESIAN_POINT('',(54.504492325857,19.987604146777,
    92.728429916827));
#1532 = CARTESIAN_POINT('',(46.437437220289,6.292733476165,
    93.478429252433));
#1533 = CARTESIAN_POINT('',(47.471678839693,-10.08697269533,
    94.228430030329));
#1534 = CARTESIAN_POINT('',(57.197232219302,-22.65838828668,
    94.978429345244));
#1535 = CARTESIAN_POINT('',(71.122444767878,-27.66797445475,
    95.728429795466));
#1536 = CARTESIAN_POINT('',(84.288082484818,-25.00226135151,
    96.478429580749));
#1537 = CARTESIAN_POINT('',(93.265190849235,-17.11272740877,
    97.228429650676));
#1538 = CARTESIAN_POINT('',(96.865713926479,-7.258519882167,
    97.978429637314));
#1539 = CARTESIAN_POINT('',(99.100449532982,0.437475611858,
    23.804554222965));
#1540 = CARTESIAN_POINT('',(98.883443707807,11.400203507148,
    24.554554208284));
#1541 = CARTESIAN_POINT('',(92.684967966277,22.244351408013,
    25.30455428657));
#1542 = CARTESIAN_POINT('',(80.574056870291,29.345082983496,
    26.05455404254));
#1543 = CARTESIAN_POINT('',(65.108958939949,29.115927973653,
    26.804554561643));
#1544 = CARTESIAN_POINT('',(51.23067689623,19.986991537724,
    27.554553760135));
#1545 = CARTESIAN_POINT('',(44.652613930777,4.145409991922,
    28.304554684004));
#1546 = CARTESIAN_POINT('',(47.98239718485,-12.12900908404,
    29.05455388271));
#1547 = CARTESIAN_POINT('',(58.736375037306,-23.24538191994,
    29.804554400392));
#1548 = CARTESIAN_POINT('',(72.314829309008,-26.81191084381,
    30.554554159242));
#1549 = CARTESIAN_POINT('',(84.371521467901,-23.54804493906,
    31.304554234246));
#1550 = CARTESIAN_POINT('',(100.20865545419,-8.379025036253,
    32.804554209835));
#1551 = CARTESIAN_POINT('',(103.98884096294,3.525883311396,
    33.554554284706));
#1552 = CARTESIAN_POINT('',(101.01052206589,17.24536482383,
    34.304554044506));
#1553 = CARTESIAN_POINT('',(90.367701414897,28.468204689895,
    35.054554558771));
#1554 = CARTESIAN_POINT('',(74.251819923967,32.495928206855,
    35.804553765324));
#1555 = CARTESIAN_POINT('',(58.141588777087,26.606355177444,
    36.554554676578));
#1556 = CARTESIAN_POINT('',(48.423310363602,13.134189882912,
    37.304553889955));
#1557 = CARTESIAN_POINT('',(47.528200090945,-2.306683216691,
    38.054554395762));
#1558 = CARTESIAN_POINT('',(54.100656332311,-14.71222101257,
    38.80455416098));
#1559 = CARTESIAN_POINT('',(64.667735933768,-21.37206148693,
    39.554554234081));
#1560 = CARTESIAN_POINT('',(86.554145574093,-22.75012199734,
    41.054554209603));
#1561 = CARTESIAN_POINT('',(97.873121281725,-17.46831982849,
    41.804554287035));
#1562 = CARTESIAN_POINT('',(105.94971137099,-5.985147396977,
    42.554554037474));
#1563 = CARTESIAN_POINT('',(106.99843670449,9.446052845748,
    43.304554571925));
#1564 = CARTESIAN_POINT('',(99.046739664928,24.030795128079,
    44.054553748215));
#1565 = CARTESIAN_POINT('',(83.802477283429,31.894578096615,
    44.804554692641));
#1566 = CARTESIAN_POINT('',(67.308672279386,29.920098624011,
    45.55455387893));
#1567 = CARTESIAN_POINT('',(55.342211039849,20.120833847287,
    46.30455440119));
#1568 = CARTESIAN_POINT('',(50.666563754311,6.883278506166,
    47.054554159204));
#1569 = CARTESIAN_POINT('',(52.923648155064,-5.401761846575,
    47.804554234361));
#1570 = CARTESIAN_POINT('',(66.733038005871,-22.43745172589,
    49.304554209429));
#1571 = CARTESIAN_POINT('',(78.285119809037,-27.18782552457,
    50.054554287548));
#1572 = CARTESIAN_POINT('',(92.203689967344,-25.35262489803,
    50.80455403621));
#1573 = CARTESIAN_POINT('',(104.26707529618,-15.67292964921,
    51.554554574387));
#1574 = CARTESIAN_POINT('',(109.6118810597,5.530116746407E-02,
    52.304553744575));
#1575 = CARTESIAN_POINT('',(105.07279623008,16.596864791057,
    53.054554696512));
#1576 = CARTESIAN_POINT('',(92.449174298799,27.394472948907,
    53.804553876267));
#1577 = CARTESIAN_POINT('',(77.134957218952,29.561623161066,
    54.554554402042));
#1578 = CARTESIAN_POINT('',(64.229041493791,24.036056380758,
    55.304554159564));
#1579 = CARTESIAN_POINT('',(56.719325233498,14.05503398098,
    56.054554233724));
#1580 = CARTESIAN_POINT('',(53.538606114707,-7.642823138832,
    57.554554210903));
#1581 = CARTESIAN_POINT('',(57.867654650789,-19.35930657363,
    58.304554279016));
#1582 = CARTESIAN_POINT('',(68.644646688717,-28.35658387145,
    59.054554057366));
#1583 = CARTESIAN_POINT('',(83.936538534407,-30.67602569912,
    59.804554542254));
#1584 = CARTESIAN_POINT('',(99.128112430389,-23.9558862028,
    60.554553775779));
#1585 = CARTESIAN_POINT('',(108.22389783307,-9.413076756043,
    61.304554678771));
#1586 = CARTESIAN_POINT('',(107.6182098123,7.187444758048,
    62.054553879343));
#1587 = CARTESIAN_POINT('',(98.840597036162,19.922251344683,
    62.804554405739));
#1588 = CARTESIAN_POINT('',(86.034366549888,25.675077574477,
    63.554554156096));
#1589 = CARTESIAN_POINT('',(73.604897285319,24.440192854944,
    64.304554235162));
#1590 = CARTESIAN_POINT('',(55.487022548983,12.084765190903,
    65.804554208816));
#1591 = CARTESIAN_POINT('',(49.798910330592,0.964422364511,
    66.554554289755));
#1592 = CARTESIAN_POINT('',(50.478456403986,-13.05815849084,
    67.304554030926));
#1593 = CARTESIAN_POINT('',(59.128904119985,-25.87968413258,
    68.054554583445));
#1594 = CARTESIAN_POINT('',(74.362044493782,-32.50506169254,
    68.804553733066));
#1595 = CARTESIAN_POINT('',(91.22194494522,-29.34747162364,
    69.554554707464));
#1596 = CARTESIAN_POINT('',(103.02512423277,-17.65862518565,
    70.304553868572));
#1597 = CARTESIAN_POINT('',(106.44951055209,-2.575675761353,
    71.054554405947));
#1598 = CARTESIAN_POINT('',(102.00857845634,10.742457403751,
    71.804554158181));
#1599 = CARTESIAN_POINT('',(92.681793762162,19.05075047343,
    72.554554234048));
#1600 = CARTESIAN_POINT('',(71.320707527854,24.012400662567,
    74.054554210487));
#1601 = CARTESIAN_POINT('',(59.286751829554,20.665677556274,
    74.804554280134));
#1602 = CARTESIAN_POINT('',(49.430247849063,10.668483678514,
    75.554554058096));
#1603 = CARTESIAN_POINT('',(45.855933660492,-4.379640614737,
    76.304554532487));
#1604 = CARTESIAN_POINT('',(51.298610270516,-20.07427230185,
    77.054553801575));
#1605 = CARTESIAN_POINT('',(65.040624604103,-30.33992667991,
    77.804554639805));
#1606 = CARTESIAN_POINT('',(81.634464285791,-31.10716758006,
    78.554553917568));
#1607 = CARTESIAN_POINT('',(95.050624534157,-23.41116680507,
    79.304554380621));
#1608 = CARTESIAN_POINT('',(101.84133209687,-11.12374070681,
    80.054554166802));
#1609 = CARTESIAN_POINT('',(101.63708256394,1.365251587972,
    80.804554232668));
#1610 = CARTESIAN_POINT('',(90.820017189308,20.441547726868,
    82.304554211291));
#1611 = CARTESIAN_POINT('',(80.207376548268,27.028542788134,
    83.054554278961));
#1612 = CARTESIAN_POINT('',(66.176573466355,27.509293263287,
    83.804554057211));
#1613 = CARTESIAN_POINT('',(52.684491486783,19.94718439844,
    84.554554540915));
#1614 = CARTESIAN_POINT('',(44.823800238487,5.313192275187,
    85.304553780998));
#1615 = CARTESIAN_POINT('',(46.578325945236,-11.74987479859,
    86.054554669912));
#1616 = CARTESIAN_POINT('',(57.252550257855,-24.47799752723,
    86.804553887776));
#1617 = CARTESIAN_POINT('',(72.001200168709,-29.13622792535,
    87.554554401324));
#1618 = CARTESIAN_POINT('',(85.640574424475,-25.81026658212,
    88.304554156603));
#1619 = CARTESIAN_POINT('',(94.690690238372,-17.20143099137,
    89.054554236252));
#1620 = CARTESIAN_POINT('',(98.045034315636,-6.762232255481,
    89.804554221032));
#1621 = CARTESIAN_POINT('',(91.5,1.140461496087,17.062831760371));
#1622 = CARTESIAN_POINT('',(90.934284377629,8.333055202235,17.8128317603
    ));
#1623 = CARTESIAN_POINT('',(86.444161712082,15.216867317168,
    18.562831760668));
#1624 = CARTESIAN_POINT('',(78.214900126744,19.413554674601,
    19.312831759757));
#1625 = CARTESIAN_POINT('',(68.065352204754,18.666062684634,
    20.06283176108));
#1626 = CARTESIAN_POINT('',(59.301658617032,12.133918079078,
    20.812831760043));
#1627 = CARTESIAN_POINT('',(55.592300150619,1.474306971438,
    21.562831760071));
#1628 = CARTESIAN_POINT('',(58.407708639602,-9.087164389923,
    22.312831761029));
#1629 = CARTESIAN_POINT('',(65.900664536092,-15.97394249783,
    23.062831759828));
#1630 = CARTESIAN_POINT('',(74.957470818235,-17.79250718802,
    23.8128317606));
#1631 = CARTESIAN_POINT('',(82.751033173513,-15.18320482611,
    24.562831760347));
#1632 = CARTESIAN_POINT('',(92.56826198556,-4.607961472553,
    26.062831760348));
#1633 = CARTESIAN_POINT('',(94.591769816067,3.357808225978,
    26.812831760595));
#1634 = CARTESIAN_POINT('',(92.105845833488,12.254611745915,
    27.562831759838));
#1635 = CARTESIAN_POINT('',(84.681796334955,19.215614292147,
    28.312831761026));
#1636 = CARTESIAN_POINT('',(73.940453192319,21.239172033135,
    29.062831760043));
#1637 = CARTESIAN_POINT('',(63.585642293345,16.748677605173,
    29.812831760118));
#1638 = CARTESIAN_POINT('',(57.7221395645,7.524224318321,30.562831760972
    ));
#1639 = CARTESIAN_POINT('',(57.730213189836,-2.652810380249,
    31.312831759865));
#1640 = CARTESIAN_POINT('',(62.526259656688,-10.54779967657,
    32.062831760586));
#1641 = CARTESIAN_POINT('',(69.724421954964,-14.51447744355,
    32.812831760349));
#1642 = CARTESIAN_POINT('',(84.153909510302,-14.57482997816,
    34.312831760345));
#1643 = CARTESIAN_POINT('',(91.385001307504,-10.66850405551,
    35.062831760604));
#1644 = CARTESIAN_POINT('',(96.24692188628,-2.813909258147,
    35.812831759834));
#1645 = CARTESIAN_POINT('',(96.340125982913,7.362700189689,
    36.562831760995));
#1646 = CARTESIAN_POINT('',(90.553992045278,16.635881578801,
    37.312831760132));
#1647 = CARTESIAN_POINT('',(80.237105306799,21.212834382061,
    38.062831759992));
#1648 = CARTESIAN_POINT('',(69.479212135088,19.2792013539,38.81283176109
    ));
#1649 = CARTESIAN_POINT('',(61.997192472243,12.380543320098,
    39.562831759792));
#1650 = CARTESIAN_POINT('',(59.436933967789,3.504846507147,
    40.312831760615));
#1651 = CARTESIAN_POINT('',(61.393736960685,-4.477571362859,
    41.062831760345));
#1652 = CARTESIAN_POINT('',(71.122160167678,-15.13456603513,
    42.562831760347));
#1653 = CARTESIAN_POINT('',(78.893622767945,-17.80897061107,
    43.3128317606));
#1654 = CARTESIAN_POINT('',(87.965325182288,-16.06622952261,
    44.062831759838));
#1655 = CARTESIAN_POINT('',(95.515625494071,-9.242371965885,
    44.812831760993));
#1656 = CARTESIAN_POINT('',(98.419284892123,1.295179988477,
    45.562831760133));
#1657 = CARTESIAN_POINT('',(94.799221232691,11.985446033765,
    46.312831759988));
#1658 = CARTESIAN_POINT('',(86.090478392908,18.590671251372,
    47.062831761094));
#1659 = CARTESIAN_POINT('',(75.947536685675,19.423038063142,
    47.812831759789));
#1660 = CARTESIAN_POINT('',(67.683458413058,15.295335575306,
    48.562831760617));
#1661 = CARTESIAN_POINT('',(63.135909329053,8.449324304431,
    49.312831760342));
#1662 = CARTESIAN_POINT('',(61.884185288762,-5.925895362037,
    50.812831760353));
#1663 = CARTESIAN_POINT('',(65.180030313472,-13.45487115455,
    51.562831760559));
#1664 = CARTESIAN_POINT('',(72.606303428507,-18.94881310254,
    52.312831759961));
#1665 = CARTESIAN_POINT('',(82.740457934599,-19.88207661043,
    53.062831760745));
#1666 = CARTESIAN_POINT('',(92.459781771661,-14.88147850825,
    53.812831760506));
#1667 = CARTESIAN_POINT('',(97.87306379181,-4.977790918506,
    54.562831759563));
#1668 = CARTESIAN_POINT('',(96.834414834038,5.903036719437,
    55.312831761443));
#1669 = CARTESIAN_POINT('',(90.577179514139,13.929188179117,
    56.062831759592));
#1670 = CARTESIAN_POINT('',(81.943222178725,17.213651322585,
    56.812831760685));
#1671 = CARTESIAN_POINT('',(73.826476799813,15.922714652151,
    57.562831760334));
#1672 = CARTESIAN_POINT('',(62.402514347646,7.107566585722,
    59.062831760351));
#1673 = CARTESIAN_POINT('',(59.095481922254,-0.416501946709,
    59.812831760595));
#1674 = CARTESIAN_POINT('',(60.083135423508,-9.601134326352,
    60.562831759848));
#1675 = CARTESIAN_POINT('',(66.260187181313,-17.68915620569,
    61.312831760968));
#1676 = CARTESIAN_POINT('',(76.521965769579,-21.45308230633,
    62.062831760177));
#1677 = CARTESIAN_POINT('',(87.474661617206,-18.72817814196,
    62.812831759932));
#1678 = CARTESIAN_POINT('',(94.776488928617,-10.59463527447,
    63.562831761144));
#1679 = CARTESIAN_POINT('',(96.443610272701,-0.555073146597,
    64.312831759758));
#1680 = CARTESIAN_POINT('',(93.012448155682,8.021642071525,
    65.062831760629));
#1681 = CARTESIAN_POINT('',(86.565353111488,13.118998102006,
    65.81283176034));
#1682 = CARTESIAN_POINT('',(72.342598659964,15.553543100153,
    67.312831760354));
#1683 = CARTESIAN_POINT('',(64.567169411665,12.890692952648,
    68.062831760584));
#1684 = CARTESIAN_POINT('',(58.47873529448,5.943470451941,
    68.812831759811));
#1685 = CARTESIAN_POINT('',(56.711787480923,-4.079002491207,
    69.562831761181));
#1686 = CARTESIAN_POINT('',(60.892690667885,-14.17807600917,
    70.312831759697));
#1687 = CARTESIAN_POINT('',(70.315526760203,-20.39070900471,
    71.062831760592));
#1688 = CARTESIAN_POINT('',(81.244961911836,-20.25413913499,
    71.812831760538));
#1689 = CARTESIAN_POINT('',(89.760418309607,-14.68106982267,
    72.562831760132));
#1690 = CARTESIAN_POINT('',(93.746649937736,-6.34783062052,
    73.312831760485));
#1691 = CARTESIAN_POINT('',(93.130397974406,1.847796653557,
    74.062831760364));
#1692 = CARTESIAN_POINT('',(85.288741456264,13.960689643269,
    75.562831760343));
#1693 = CARTESIAN_POINT('',(78.063463988318,17.877759521757,
    76.312831760581));
#1694 = CARTESIAN_POINT('',(68.82864205389,17.651940312938,
    77.062831759906));
#1695 = CARTESIAN_POINT('',(60.258147887777,12.163889827727,
    77.812831760864));
#1696 = CARTESIAN_POINT('',(55.659666664042,2.247983024913,
    78.562831760311));
#1697 = CARTESIAN_POINT('',(57.470797330608,-8.892324665829,
    79.31283175979));
#1698 = CARTESIAN_POINT('',(64.97357998186,-16.84087514854,
    80.062831761274));
#1699 = CARTESIAN_POINT('',(74.841182093426,-19.33136291312,
    80.812831759652));
#1700 = CARTESIAN_POINT('',(83.67194660662,-16.62017947715,
    81.562831760706));
#1701 = CARTESIAN_POINT('',(89.284289476135,-10.6160408586,
    82.312831760292));
#1702 = CARTESIAN_POINT('',(91.084657244429,-3.629474156055,
    83.062831760372));
#1703 = CARTESIAN_POINT('',(83.899550467018,0.437475611858,
    23.804554222965));
#1704 = CARTESIAN_POINT('',(83.682544641853,3.859935129798,
    24.554554237593));
#1705 = CARTESIAN_POINT('',(81.598183177073,7.163936889907,
    25.304554159578));
#1706 = CARTESIAN_POINT('',(77.717369531636,9.217803669748,
    26.054554402945));
#1707 = CARTESIAN_POINT('',(72.888265656845,8.935726418543,
    26.804553884776));
#1708 = CARTESIAN_POINT('',(68.676100851241,5.894418204883,
    27.554554685624));
#1709 = CARTESIAN_POINT('',(66.836321248356,0.855034672039,
    28.304553761604));
#1710 = CARTESIAN_POINT('',(68.098235070724,-4.184752418338,
    29.054554563797));
#1711 = CARTESIAN_POINT('',(71.609713994039,-7.511813373481,
    29.804554045079));
#1712 = CARTESIAN_POINT('',(75.900975826397,-8.44141133584,
    30.554554286879));
#1713 = CARTESIAN_POINT('',(79.623788395841,-7.257495215834,
    31.304554211662));
#1714 = CARTESIAN_POINT('',(84.36581090688,-2.302244946593,
    32.804554236079));
#1715 = CARTESIAN_POINT('',(85.384944392361,1.469009127444,
    33.554554161384));
#1716 = CARTESIAN_POINT('',(84.267619728238,5.715262638291,
    34.304554401043));
#1717 = CARTESIAN_POINT('',(80.789425686997,9.07710410466,
    35.054553887613));
#1718 = CARTESIAN_POINT('',(75.699040915444,10.116272456302,
    35.804554680409));
#1719 = CARTESIAN_POINT('',(70.745397134013,8.056760708591,
    36.554553769112));
#1720 = CARTESIAN_POINT('',(67.892176244475,3.714985607044,
    37.304554556463));
#1721 = CARTESIAN_POINT('',(67.822637910578,-1.121850464978,
    38.054554049765));
#1722 = CARTESIAN_POINT('',(70.045103021046,-4.908633974247,
    38.804554285121));
#1723 = CARTESIAN_POINT('',(73.437530766428,-6.845751625136,
    39.554554211829));
#1724 = CARTESIAN_POINT('',(80.294911331873,-6.978471281241,
    41.05455423631));
#1725 = CARTESIAN_POINT('',(83.759753456148,-5.174071269869,
    41.80455415904));
#1726 = CARTESIAN_POINT('',(86.127080290367,-1.476119541999,
    42.554554408142));
#1727 = CARTESIAN_POINT('',(86.244750713701,3.359784241188,
    43.304553874297));
#1728 = CARTESIAN_POINT('',(83.561667921125,7.808711622448,
    44.054554697771));
#1729 = CARTESIAN_POINT('',(78.691424234606,10.058356426908,
    44.804553752776));
#1730 = CARTESIAN_POINT('',(73.564642553925,9.216935007197,
    45.554554567698));
#1731 = CARTESIAN_POINT('',(69.958969567953,5.99219607743,
    46.304554044224));
#1732 = CARTESIAN_POINT('',(68.6781770606,1.792356671872,47.054554286936
    ));
#1733 = CARTESIAN_POINT('',(69.550622081363,-2.015507623573,
    47.804554211543));
#1734 = CARTESIAN_POINT('',(74.097354543732,-7.150535047232,
    49.304554236489));
#1735 = CARTESIAN_POINT('',(77.771568495578,-8.477615369528,
    50.054554158515));
#1736 = CARTESIAN_POINT('',(82.095586842032,-7.714759767123,
    50.804554409428));
#1737 = CARTESIAN_POINT('',(85.7331728922,-4.526064197716,51.55455387181
    ));
#1738 = CARTESIAN_POINT('',(87.189152616314,0.461120497174,
    52.304554701424));
#1739 = CARTESIAN_POINT('',(85.545743787262,5.567918195885,
    53.05455374891));
#1740 = CARTESIAN_POINT('',(81.454415179013,8.769934842215,
    53.80455457034));
#1741 = CARTESIAN_POINT('',(76.639841774375,9.238658421401,
    54.554554043397));
#1742 = CARTESIAN_POINT('',(72.682462340518,7.336494260541,
    55.304554286559));
#1743 = CARTESIAN_POINT('',(70.471816465195,4.115619283473,
    56.054554212186));
#1744 = CARTESIAN_POINT('',(69.773272114298,-2.707379948389,
    57.554554235007));
#1745 = CARTESIAN_POINT('',(71.285384795327,-6.309394051831,
    58.304554167092));
#1746 = CARTESIAN_POINT('',(74.775213826923,-8.974009699306,
    59.05455438817));
#1747 = CARTESIAN_POINT('',(79.584883428758,-9.490623983469,
    59.804553904054));
#1748 = CARTESIAN_POINT('',(84.24018265382,-7.184094798637,
    60.554554670234));
#1749 = CARTESIAN_POINT('',(86.884325345303,-2.516259647019,
    61.304553766444));
#1750 = CARTESIAN_POINT('',(86.469144066888,2.662495492858,
    62.054554567559));
#1751 = CARTESIAN_POINT('',(83.553173373776,6.522150116852,
    62.804554039477));
#1752 = CARTESIAN_POINT('',(79.473445557676,8.145388052708,
    63.554554290127));
#1753 = CARTESIAN_POINT('',(75.606541109165,7.590373816908,
    64.304554210727));
#1754 = CARTESIAN_POINT('',(70.113586217403,3.483217954151,
    65.804554237112));
#1755 = CARTESIAN_POINT('',(68.487624362837,-6.885726865534E-02,
    66.554554156278));
#1756 = CARTESIAN_POINT('',(68.890799824482,-4.441103019923,
    67.304554414788));
#1757 = CARTESIAN_POINT('',(71.768214902059,-8.329585255742,
    68.054553862616));
#1758 = CARTESIAN_POINT('',(76.618131985849,-10.19243052878,
    68.804554713116));
#1759 = CARTESIAN_POINT('',(81.843199001715,-8.976350774466,
    69.554553737781));
#1760 = CARTESIAN_POINT('',(85.372138379487,-5.16341657574,
    70.30455457816));
#1761 = CARTESIAN_POINT('',(86.236845349226,-0.403994260807,
    71.05455403943));
#1762 = CARTESIAN_POINT('',(84.667975847064,3.696948184581,
    71.804554287963));
#1763 = CARTESIAN_POINT('',(81.640655480478,6.166021331824,
    72.554554211859));
#1764 = CARTESIAN_POINT('',(74.898645585432,7.425618609924,
    74.054554235426));
#1765 = CARTESIAN_POINT('',(71.184064910601,6.216122528296,
    74.804554165994));
#1766 = CARTESIAN_POINT('',(68.240362481985,2.958255247348,
    75.554554387279));
#1767 = CARTESIAN_POINT('',(67.328333319778,-1.792325227596,
    76.304553914338));
#1768 = CARTESIAN_POINT('',(69.242552997417,-6.622195904519,
    77.054554643422));
#1769 = CARTESIAN_POINT('',(73.676093519006,-9.642774301292,
    77.804553806742));
#1770 = CARTESIAN_POINT('',(78.871446018848,-9.656669261172,
    78.554554528142));
#1771 = CARTESIAN_POINT('',(82.958716888617,-7.069385860881,
    79.304554065315));
#1772 = CARTESIAN_POINT('',(84.913311912258,-3.137638297179,
    80.054554279146));
#1773 = CARTESIAN_POINT('',(84.679519764112,0.761891419621,
    80.80455421327));
#1774 = CARTESIAN_POINT('',(81.039996542786,6.575251330313,
    82.304554234604));
#1775 = CARTESIAN_POINT('',(77.634324317462,8.488987742801,
    83.054554167186));
#1776 = CARTESIAN_POINT('',(73.243718053377,8.448246535706,
    83.804554388229));
#1777 = CARTESIAN_POINT('',(69.13090187022,5.901767582825,
    84.554553905594));
#1778 = CARTESIAN_POINT('',(66.8739162222,1.222247999561,85.304554664684
    ));
#1779 = CARTESIAN_POINT('',(67.65435979288,-4.085395862618,
    86.054553775694));
#1780 = CARTESIAN_POINT('',(71.162853411377,-7.91715171438,
    86.804554558814));
#1781 = CARTESIAN_POINT('',(75.834612939075,-9.17193526005,
    87.554554044041));
#1782 = CARTESIAN_POINT('',(80.051104804742,-7.947077382701,
    88.304554289598));
#1783 = CARTESIAN_POINT('',(82.761738951916,-5.133991295161,
    89.054554209612));
#1784 = CARTESIAN_POINT('',(83.667761889564,-1.826508397712,
    89.804554224898));
#1785 = CARTESIAN_POINT('',(84.853827697716,-0.414846486656,
    31.978429639004));
#1786 = CARTESIAN_POINT('',(85.059608549767,3.480973613657,
    32.728429651844));
#1787 = CARTESIAN_POINT('',(83.139752245132,7.489008755845,
    33.478429583374));
#1788 = CARTESIAN_POINT('',(79.025252662856,10.321171705443,
    34.228429796807));
#1789 = CARTESIAN_POINT('',(73.531412562353,10.638782483973,
    34.978429342792));
#1790 = CARTESIAN_POINT('',(68.371095718162,7.757290883141,
    35.728430043799));
#1791 = CARTESIAN_POINT('',(65.628172058968,2.305448719951,
    36.478429235777));
#1792 = CARTESIAN_POINT('',(66.389971180874,-3.555569435647,
    37.228429936589));
#1793 = CARTESIAN_POINT('',(69.919366298641,-7.777715620817,
    37.978429483829));
#1794 = CARTESIAN_POINT('',(74.645802705962,-9.393591737389,
    38.728429694735));
#1795 = CARTESIAN_POINT('',(79.008420709479,-8.546385976569,
    39.478429629137));
#1796 = CARTESIAN_POINT('',(85.019659864826,-3.572047440205,
    40.978429650489));
#1797 = CARTESIAN_POINT('',(86.668183859356,0.555005086875,
    41.728429584994));
#1798 = CARTESIAN_POINT('',(85.965199116175,5.500312585514,
    42.478429795112));
#1799 = CARTESIAN_POINT('',(82.477996302238,9.757374033332,
    43.228429345275));
#1800 = CARTESIAN_POINT('',(76.863026532625,11.602361366918,
    43.978430039271));
#1801 = CARTESIAN_POINT('',(70.994244246474,9.927963652711,
    44.728429242292));
#1802 = CARTESIAN_POINT('',(67.198105557638,5.397930243442,
    45.478429930221));
#1803 = CARTESIAN_POINT('',(66.482165925429,-5.831194485079E-02,
    46.2284294879));
#1804 = CARTESIAN_POINT('',(68.494455508638,-4.630067334564,
    46.978429693208));
#1805 = CARTESIAN_POINT('',(72.072485821796,-7.265952864669,
    47.728429629281));
#1806 = CARTESIAN_POINT('',(79.803527125297,-8.319537422364,
    49.228429650696));
#1807 = CARTESIAN_POINT('',(83.956413272361,-6.737219319459,
    49.978429582921));
#1808 = CARTESIAN_POINT('',(87.118675631421,-2.8706510047,
    50.728429801375));
#1809 = CARTESIAN_POINT('',(87.888879329369,2.578196764084,
    51.47842933355));
#1810 = CARTESIAN_POINT('',(85.443365068474,7.958840188727,
    52.228430054529));
#1811 = CARTESIAN_POINT('',(80.236652552719,11.142604942081,
    52.978429227965));
#1812 = CARTESIAN_POINT('',(74.332743871644,10.867406785525,
    53.728429940053));
#1813 = CARTESIAN_POINT('',(69.833563317906,7.698728413501,
    54.478429483062));
#1814 = CARTESIAN_POINT('',(67.832900212505,3.121873173922,
    55.228429694791));
#1815 = CARTESIAN_POINT('',(68.316950196956,-1.295805974377,
    55.978429629031));
#1816 = CARTESIAN_POINT('',(72.777894650056,-7.697291320973,
    57.478429650852));
#1817 = CARTESIAN_POINT('',(76.754717169485,-9.680994065948,
    58.228429582459));
#1818 = CARTESIAN_POINT('',(81.74118595034,-9.388790630561,
    58.978429802507));
#1819 = CARTESIAN_POINT('',(86.271678312584,-6.265043726786,
    59.728429331367));
#1820 = CARTESIAN_POINT('',(88.574044589574,-0.821609775627,
    60.478430057725));
#1821 = CARTESIAN_POINT('',(87.390006012556,5.16539831288,
    61.228429224596));
#1822 = CARTESIAN_POINT('',(83.18892759549,9.322658457355,
    61.978429942342));
#1823 = CARTESIAN_POINT('',(77.810443076866,10.486725700456,
    62.72842948236));
#1824 = CARTESIAN_POINT('',(73.088128989045,8.85884167484,
    63.478429694447));
#1825 = CARTESIAN_POINT('',(70.165774943623,5.510701850921,64.2284296296
    ));
#1826 = CARTESIAN_POINT('',(68.477364581507,-2.106929704064,
    65.728429649544));
#1827 = CARTESIAN_POINT('',(69.711335641391,-6.376298431137,
    66.478429590039));
#1828 = CARTESIAN_POINT('',(73.303560123238,-9.847058745754,
    67.2284297837));
#1829 = CARTESIAN_POINT('',(78.670194371258,-11.06459408424,
    67.978429359935));
#1830 = CARTESIAN_POINT('',(84.234409170308,-9.071762510296,
    68.728430030006));
#1831 = CARTESIAN_POINT('',(87.837266635512,-4.14574676861,
    69.478429240306));
#1832 = CARTESIAN_POINT('',(88.05054935225,1.760722761177,
    70.228429939682));
#1833 = CARTESIAN_POINT('',(85.264233002502,6.506203710634,
    70.978429479022));
#1834 = CARTESIAN_POINT('',(80.868223494213,8.877987252422,
    71.72842969755));
#1835 = CARTESIAN_POINT('',(76.425660429609,8.760399594548,
    72.478429628321));
#1836 = CARTESIAN_POINT('',(69.67765752755,4.843321999097,
    73.978429651398));
#1837 = CARTESIAN_POINT('',(67.372326732942,1.043895217625,
    74.728429580487));
#1838 = CARTESIAN_POINT('',(67.251752816311,-3.949672208676,
    75.478429807235));
#1839 = CARTESIAN_POINT('',(69.990705448128,-8.722647625076,
    76.228429323258));
#1840 = CARTESIAN_POINT('',(75.225419411203,-11.46666535567,
    76.978430068024));
#1841 = CARTESIAN_POINT('',(81.289755962753,-10.78107409179,
    77.728429214807));
#1842 = CARTESIAN_POINT('',(85.779739262617,-6.937648299631,
    78.478429949206));
#1843 = CARTESIAN_POINT('',(87.383982356245,-1.67366194928,
    79.228429478886));
#1844 = CARTESIAN_POINT('',(86.151623987026,3.166952641685,
    79.978429695673));
#1845 = CARTESIAN_POINT('',(83.056245842106,6.355812560806,
    80.728429629315));
#1846 = CARTESIAN_POINT('',(75.60406018373,8.667515173732,
    82.228429649911));
#1847 = CARTESIAN_POINT('',(71.24737299296,7.790320424782,
    82.978429589064));
#1848 = CARTESIAN_POINT('',(67.491823535543,4.496978327547,
    83.728429782989));
#1849 = CARTESIAN_POINT('',(65.835273564554,-0.75078287315,
    84.478429368756));
#1850 = CARTESIAN_POINT('',(67.361809367169,-6.460559787695,
    85.228430006854));
#1851 = CARTESIAN_POINT('',(71.973478695011,-10.45789881538,
    85.978429275195));
#1852 = CARTESIAN_POINT('',(77.84216184738,-11.1582054629,86.72842990551
    ));
#1853 = CARTESIAN_POINT('',(82.801526787195,-8.773284496478,
    87.478429501446));
#1854 = CARTESIAN_POINT('',(85.528229055057,-4.588149928191,
    88.228429688005));
#1855 = CARTESIAN_POINT('',(85.777906975563,-0.151050154563,
    88.978429630541));
#1856 = CARTESIAN_POINT('',(82.431453846353,6.897374599497,
    90.478429649194));
#1857 = CARTESIAN_POINT('',(78.835376748635,9.50858569956,
    91.228429590119));
#1858 = CARTESIAN_POINT('',(73.868821782644,10.041113319331,
    91.978429783756));
#1859 = CARTESIAN_POINT('',(68.885967617302,7.705664794505,
    92.728429361273));
#1860 = CARTESIAN_POINT('',(65.719042798625,2.715429210578,
    93.478430025167));
#1861 = CARTESIAN_POINT('',(65.901503522096,-3.384810225263,
    94.228429248386));
#1862 = CARTESIAN_POINT('',(69.361022154891,-8.176845548168,
    94.978429932027));
#1863 = CARTESIAN_POINT('',(74.474551990892,-10.21030588252,
    95.728429483044));
#1864 = CARTESIAN_POINT('',(79.400400774685,-9.381891428328,
    96.478429697045));
#1865 = CARTESIAN_POINT('',(82.83398341982,-6.560419532724,
    97.228429627381));
#1866 = CARTESIAN_POINT('',(84.293585216736,-2.942502644913,
    97.978429640694));
#1867 = CARTESIAN_POINT('',(91.5,-0.414846486656,31.978429639004));
#1868 = CARTESIAN_POINT('',(91.705780852046,6.777747220525,
    32.728429639031));
#1869 = CARTESIAN_POINT('',(87.987141973044,14.082502525015,
    33.478429638893));
#1870 = CARTESIAN_POINT('',(80.274260118539,19.121267391546,
    34.228429639241));
#1871 = CARTESIAN_POINT('',(70.130126058936,19.462016955053,
    34.978429638714));
#1872 = CARTESIAN_POINT('',(60.743567044489,13.918878440956,
    35.728429639181));
#1873 = CARTESIAN_POINT('',(55.928960157328,3.744074239427,
    36.478429639044));
#1874 = CARTESIAN_POINT('',(57.594877942373,-7.028975737786,
    37.228429638824));
#1875 = CARTESIAN_POINT('',(64.290855219071,-14.65678290728,
    37.978429639167));
#1876 = CARTESIAN_POINT('',(73.077859418374,-17.42558408726,
    38.728429638935));
#1877 = CARTESIAN_POINT('',(81.084235561301,-15.66897786338,
    39.47842963901));
#1878 = CARTESIAN_POINT('',(91.946505057525,-6.22895130778,
    40.978429639016));
#1879 = CARTESIAN_POINT('',(94.802222613604,1.454316382303,
    41.728429638907));
#1880 = CARTESIAN_POINT('',(93.285569660936,10.541530572386,
    42.478429639239));
#1881 = CARTESIAN_POINT('',(86.665832203929,18.235595950423,
    43.228429638698));
#1882 = CARTESIAN_POINT('',(76.230269218266,21.38724629631,
    43.978429639205));
#1883 = CARTESIAN_POINT('',(65.483577960114,18.038260316264,
    44.728429639027));
#1884 = CARTESIAN_POINT('',(58.68588291786,9.516216556379,
    45.478429638831));
#1885 = CARTESIAN_POINT('',(57.608984810156,-0.576347265198,
    46.228429639166));
#1886 = CARTESIAN_POINT('',(61.52318759231,-8.916414369329,
    46.978429638936));
#1887 = CARTESIAN_POINT('',(68.238135809957,-13.61717971243,
    47.728429639009));
#1888 = CARTESIAN_POINT('',(82.540204020105,-15.21525508326,
    49.22842963902));
#1889 = CARTESIAN_POINT('',(90.127092646473,-12.1125391537,
    49.978429638883));
#1890 = CARTESIAN_POINT('',(95.785572311331,-4.84209860855,
    50.72842963931));
#1891 = CARTESIAN_POINT('',(96.962853993882,5.239249222123,
    51.478429638569));
#1892 = CARTESIAN_POINT('',(92.213784007238,15.05149711728,
    52.228429639362));
#1893 = CARTESIAN_POINT('',(82.47131900641,20.689888363805,
    52.978429638894));
#1894 = CARTESIAN_POINT('',(71.597494056344,19.919291940645,
    53.728429638909));
#1895 = CARTESIAN_POINT('',(63.442790294738,13.876084148024,
    54.478429639135));
#1896 = CARTESIAN_POINT('',(59.957820919087,5.347737811359,
    55.228429638943));
#1897 = CARTESIAN_POINT('',(61.047266140755,-2.776351889967,
    55.978429639008));
#1898 = CARTESIAN_POINT('',(69.55805111404,-14.38107244313,
    57.478429639021));
#1899 = CARTESIAN_POINT('',(76.97925326439,-17.86151549187,
    58.228429638875));
#1900 = CARTESIAN_POINT('',(86.160674214065,-17.10045888095,
    58.978429639327));
#1901 = CARTESIAN_POINT('',(94.375114055166,-11.13870206105,
    59.728429638551));
#1902 = CARTESIAN_POINT('',(98.377761861524,-0.999043043031,
    60.478429639366));
#1903 = CARTESIAN_POINT('',(95.927669115736,9.98749989161,
    61.228429638912));
#1904 = CARTESIAN_POINT('',(87.996081647049,17.465722151843,
    61.978429638875));
#1905 = CARTESIAN_POINT('',(78.026918598469,19.372379421783,
    62.728429639169));
#1906 = CARTESIAN_POINT('',(69.392104744213,16.160262909338,
    63.478429638921));
#1907 = CARTESIAN_POINT('',(64.152878869853,9.856435769476,
    64.228429639018));
#1908 = CARTESIAN_POINT('',(61.379206305796,-4.264815608672,
    65.728429639005));
#1909 = CARTESIAN_POINT('',(63.844804585619,-12.08201141385,
    66.478429638975));
#1910 = CARTESIAN_POINT('',(70.6231393577,-18.32155272475,
    67.228429639064));
#1911 = CARTESIAN_POINT('',(80.572835097096,-20.32732449803,
    67.978429638973));
#1912 = CARTESIAN_POINT('',(90.743744314897,-16.40476399964,
    68.728429638928));
#1913 = CARTESIAN_POINT('',(97.167403951421,-7.161189121393,
    69.478429639198));
#1914 = CARTESIAN_POINT('',(97.297392868967,3.739131560885,
    70.228429638777));
#1915 = CARTESIAN_POINT('',(91.948235789266,12.365027010605,
    70.978429639161));
#1916 = CARTESIAN_POINT('',(83.736804568706,16.542358712403,
    71.728429638948));
#1917 = CARTESIAN_POINT('',(75.550497080168,16.12751650672,
    72.478429639004));
#1918 = CARTESIAN_POINT('',(63.282597478221,8.604110407309,
    73.978429639026));
#1919 = CARTESIAN_POINT('',(59.201203891626,1.495668132416,
    74.728429638846));
#1920 = CARTESIAN_POINT('',(59.20146537408,-7.717241162956,
    75.478429639402));
#1921 = CARTESIAN_POINT('',(64.464516709199,-16.39594251056,
    76.228429638422));
#1922 = CARTESIAN_POINT('',(74.23900761174,-21.22224563998,
    76.978429639523));
#1923 = CARTESIAN_POINT('',(85.390352989888,-19.68778273887,
    77.728429638775));
#1924 = CARTESIAN_POINT('',(93.498018630288,-12.40083235303,
    78.478429638957));
#1925 = CARTESIAN_POINT('',(96.221410658581,-2.623169565616,
    79.228429639136));
#1926 = CARTESIAN_POINT('',(93.733322429114,6.24740650331,79.97842963893
    ));
#1927 = CARTESIAN_POINT('',(87.883677898261,11.989303683388,
    80.728429639016));
#1928 = CARTESIAN_POINT('',(74.039705817955,15.919626445829,
    82.228429639008));
#1929 = CARTESIAN_POINT('',(66.045602207712,14.107988346301,
    82.978429638962));
#1930 = CARTESIAN_POINT('',(59.267621642373,7.86806226285,83.72842963908
    ));
#1931 = CARTESIAN_POINT('',(56.447061245028,-1.882014900184,
    84.478429638993));
#1932 = CARTESIAN_POINT('',(59.516317161217,-12.34210779169,
    85.22842963882));
#1933 = CARTESIAN_POINT('',(68.197858972104,-19.507155723,
    85.978429639388));
#1934 = CARTESIAN_POINT('',(79.050215094546,-20.53684202767,
    86.728429638585));
#1935 = CARTESIAN_POINT('',(88.088378658704,-15.91827581639,
    87.478429639287));
#1936 = CARTESIAN_POINT('',(92.92953725369,-8.079852123423,
    88.228429638893));
#1937 = CARTESIAN_POINT('',(93.192131864857,0.112752375919,
    88.978429639021));
#1938 = CARTESIAN_POINT('',(86.707497128702,12.960028831073,
    90.478429639001));
#1939 = CARTESIAN_POINT('',(79.960372605428,17.614492903094,
    91.228429638991));
#1940 = CARTESIAN_POINT('',(70.778908455362,18.3750283242,91.97842963902
    ));
#1941 = CARTESIAN_POINT('',(61.695229971592,13.846634470641,
    92.728429639063));
#1942 = CARTESIAN_POINT('',(56.07824000944,4.504081343373,
    93.478429638783));
#1943 = CARTESIAN_POINT('',(56.686591180912,-6.735891460298,
    94.228429639375));
#1944 = CARTESIAN_POINT('',(63.279127187083,-15.41761691742,
    94.978429638621));
#1945 = CARTESIAN_POINT('',(72.798498379393,-18.93914016864,
    95.728429639264));
#1946 = CARTESIAN_POINT('',(81.844241629748,-17.19207638991,
    96.478429638893));
#1947 = CARTESIAN_POINT('',(88.049587134529,-11.83657347075,
    97.22842963903));
#1948 = CARTESIAN_POINT('',(90.579649571607,-5.10051126354,
    97.978429639004));
#1949 = DEFINITIONAL_REPRESENTATION('',(#1950),#1953);
#1950 = B_SPLINE_CURVE_WITH_KNOTS('',1,(#1951,#1952),.UNSPECIFIED.,.F.,
  .F.,(2,2),(0.,79.129403263079),.PIECEWISE_BEZIER_KNOTS.);
#1951 = CARTESIAN_POINT('',(6.28318530718,0.));
#1952 = CARTESIAN_POINT('',(6.28318530718,79.129403263079));
#1953 = ( GEOMETRIC_REPRESENTATION_CONTEXT(2) 
PARAMETRIC_REPRESENTATION_CONTEXT() REPRESENTATION_CONTEXT('2D SPACE',''
  ) );
#1954 = PCURVE('',#1374,#1955);
#1955 = DEFINITIONAL_REPRESENTATION('',(#1956),#1960);
#1956 = LINE('',#1957,#1958);
#1957 = CARTESIAN_POINT('',(0.,0.));
#1958 = VECTOR('',#1959,1.);
#1959 = DIRECTION('',(0.,1.));
#1960 = ( GEOMETRIC_REPRESENTATION_CONTEXT(2) 
PARAMETRIC_REPRESENTATION_CONTEXT() REPRESENTATION_CONTEXT('2D SPACE',''
  ) );
#1961 = ORIENTED_EDGE('',*,*,#1962,.F.);
#1962 = EDGE_CURVE('',#1287,#1287,#1963,.T.);
#1963 = SURFACE_CURVE('',#1964,(#1972,#1979),.PCURVE_S1.);
#1964 = ( BOUNDED_CURVE() B_SPLINE_CURVE(6,(#1965,#1966,#1967,#1968,
#1969,#1970,#1971),.UNSPECIFIED.,.T.,.F.) B_SPLINE_CURVE_WITH_KNOTS((1,6
    ,6,1),(-6.28318530718,0.,6.28318530718,12.566370614359),
.UNSPECIFIED.) CURVE() GEOMETRIC_REPRESENTATION_ITEM() 
RATIONAL_B_SPLINE_CURVE((1.669078461068,1.03672962321,1.038346699848,
    0.853534330196,1.038346699848,1.03672962321,1.669078461068)) 
REPRESENTATION_ITEM('') );
#1965 = CARTESIAN_POINT('',(90.579649571607,-5.10051126354,
    97.978429639004));
#1966 = CARTESIAN_POINT('',(96.865713926479,-7.258519882167,
    97.978429637314));
#1967 = CARTESIAN_POINT('',(98.045034315636,-6.762232255481,
    89.804554221032));
#1968 = CARTESIAN_POINT('',(91.084657244429,-3.629474156055,
    83.062831760372));
#1969 = CARTESIAN_POINT('',(83.667761889564,-1.826508397712,
    89.804554224898));
#1970 = CARTESIAN_POINT('',(84.293585216736,-2.942502644913,
    97.978429640694));
#1971 = CARTESIAN_POINT('',(90.579649571607,-5.10051126354,
    97.978429639004));
#1972 = PCURVE('',#1374,#1973);
#1973 = DEFINITIONAL_REPRESENTATION('',(#1974),#1978);
#1974 = LINE('',#1975,#1976);
#1975 = CARTESIAN_POINT('',(0.,79.129403263079));
#1976 = VECTOR('',#1977,1.);
#1977 = DIRECTION('',(1.,0.));
#1978 = ( GEOMETRIC_REPRESENTATION_CONTEXT(2) 
PARAMETRIC_REPRESENTATION_CONTEXT() REPRESENTATION_CONTEXT('2D SPACE',''
  ) );
#1979 = PCURVE('',#1980,#1985);
#1980 = PLANE('',#1981);
#1981 = AXIS2_PLACEMENT_3D('',#1982,#1983,#1984);
#1982 = CARTESIAN_POINT('',(90.714328664981,-4.708204463828,
    94.000630275693));
#1983 = DIRECTION('',(0.322948498013,0.940716836866,0.103711621664));
#1984 = DIRECTION('',(0.945817241701,-0.324699469205,0.));
#1985 = DEFINITIONAL_REPRESENTATION('',(#1986),#1994);
#1986 = ( BOUNDED_CURVE() B_SPLINE_CURVE(6,(#1987,#1988,#1989,#1990,
#1991,#1992,#1993),.UNSPECIFIED.,.T.,.F.) B_SPLINE_CURVE_WITH_KNOTS((1,6
    ,6,1),(-6.28318530718,0.,6.28318530718,12.566370614359),
.UNSPECIFIED.) CURVE() GEOMETRIC_REPRESENTATION_ITEM() 
RATIONAL_B_SPLINE_CURVE((1.669078461068,1.03672962321,1.038346699848,
    0.853534330196,1.038346699848,1.03672962321,1.669078461068)) 
REPRESENTATION_ITEM('') );
#1987 = CARTESIAN_POINT('',(1.02258290724E-09,-3.999366307061));
#1988 = CARTESIAN_POINT('',(6.646172303307,-3.999366305361));
#1989 = CARTESIAN_POINT('',(7.600449531904,4.218826457075));
#1990 = CARTESIAN_POINT('',(-2.811873400788E-09,10.997101376973));
#1991 = CARTESIAN_POINT('',(-7.600449534061,4.218826453189));
#1992 = CARTESIAN_POINT('',(-6.646172301262,-3.99936630876));
#1993 = CARTESIAN_POINT('',(1.02258290724E-09,-3.999366307061));
#1994 = ( GEOMETRIC_REPRESENTATION_CONTEXT(2) 
PARAMETRIC_REPRESENTATION_CONTEXT() REPRESENTATION_CONTEXT('2D SPACE',''
  ) );
#1995 = ORIENTED_EDGE('',*,*,#1284,.F.);
#1996 = ORIENTED_EDGE('',*,*,#1997,.T.);
#1997 = EDGE_CURVE('',#1285,#1285,#1998,.T.);
#1998 = SURFACE_CURVE('',#1999,(#2007,#2014),.PCURVE_S1.);
#1999 = ( BOUNDED_CURVE() B_SPLINE_CURVE(6,(#2000,#2001,#2002,#2003,
#2004,#2005,#2006),.UNSPECIFIED.,.T.,.F.) B_SPLINE_CURVE_WITH_KNOTS((1,6
    ,6,1),(-6.28318530718,0.,6.28318530718,12.566370614359),
.UNSPECIFIED.) CURVE() GEOMETRIC_REPRESENTATION_ITEM() 
RATIONAL_B_SPLINE_CURVE((1.669078461068,1.03672962321,1.038346699848,
    0.853534330196,1.038346699848,1.03672962321,1.669078461068)) 
REPRESENTATION_ITEM('') );
#2000 = CARTESIAN_POINT('',(91.5,-0.414846486656,31.978429639004));
#2001 = CARTESIAN_POINT('',(98.146172302284,-0.414846486656,
    31.978429639004));
#2002 = CARTESIAN_POINT('',(99.100449532982,0.437475611858,
    23.804554222965));
#2003 = CARTESIAN_POINT('',(91.5,1.140461496087,17.062831760371));
#2004 = CARTESIAN_POINT('',(83.899550467018,0.437475611858,
    23.804554222965));
#2005 = CARTESIAN_POINT('',(84.853827697716,-0.414846486656,
    31.978429639004));
#2006 = CARTESIAN_POINT('',(91.5,-0.414846486656,31.978429639004));
#2007 = PCURVE('',#1374,#2008);
#2008 = DEFINITIONAL_REPRESENTATION('',(#2009),#2013);
#2009 = LINE('',#2010,#2011);
#2010 = CARTESIAN_POINT('',(0.,0.));
#2011 = VECTOR('',#2012,1.);
#2012 = DIRECTION('',(1.,0.));
#2013 = ( GEOMETRIC_REPRESENTATION_CONTEXT(2) 
PARAMETRIC_REPRESENTATION_CONTEXT() REPRESENTATION_CONTEXT('2D SPACE',''
  ) );
#2014 = PCURVE('',#2015,#2020);
#2015 = PLANE('',#2016);
#2016 = AXIS2_PLACEMENT_3D('',#2017,#2018,#2019);
#2017 = CARTESIAN_POINT('',(91.5,-6.572132238741E-05,28.000630275693));
#2018 = DIRECTION('',(2.435908301081E-16,0.994607409751,0.103711621664)
  );
#2019 = DIRECTION('',(-3.08148791102E-33,-0.103711621664,0.994607409751)
  );
#2020 = DEFINITIONAL_REPRESENTATION('',(#2021),#2029);
#2021 = ( BOUNDED_CURVE() B_SPLINE_CURVE(6,(#2022,#2023,#2024,#2025,
#2026,#2027,#2028),.UNSPECIFIED.,.T.,.F.) B_SPLINE_CURVE_WITH_KNOTS((1,6
    ,6,1),(-6.28318530718,0.,6.28318530718,12.566370614359),
.UNSPECIFIED.) CURVE() GEOMETRIC_REPRESENTATION_ITEM() 
RATIONAL_B_SPLINE_CURVE((1.669078461068,1.03672962321,1.038346699848,
    0.853534330196,1.038346699848,1.03672962321,1.669078461068)) 
REPRESENTATION_ITEM('') );
#2022 = CARTESIAN_POINT('',(3.999366307061,5.329070518201E-15));
#2023 = CARTESIAN_POINT('',(3.999366307061,6.646172302284));
#2024 = CARTESIAN_POINT('',(-4.218826455132,7.600449532982));
#2025 = CARTESIAN_POINT('',(-10.99710137697,1.95399252334E-14));
#2026 = CARTESIAN_POINT('',(-4.218826455132,-7.600449532982));
#2027 = CARTESIAN_POINT('',(3.999366307061,-6.646172302284));
#2028 = CARTESIAN_POINT('',(3.999366307061,5.329070518201E-15));
#2029 = ( GEOMETRIC_REPRESENTATION_CONTEXT(2) 
PARAMETRIC_REPRESENTATION_CONTEXT() REPRESENTATION_CONTEXT('2D SPACE',''
  ) );
#2030 = ADVANCED_FACE('',(#2031),#2015,.F.);
#2031 = FACE_BOUND('',#2032,.F.);
#2032 = EDGE_LOOP('',(#2033));
#2033 = ORIENTED_EDGE('',*,*,#1997,.T.);
#2034 = ADVANCED_FACE('',(#2035),#1980,.T.);
#2035 = FACE_BOUND('',#2036,.T.);
#2036 = EDGE_LOOP('',(#2037));
#2037 = ORIENTED_EDGE('',*,*,#1962,.T.);
#2038 = MANIFOLD_SOLID_BREP('',#2039);
#2039 = CLOSED_SHELL('',(#2040,#2790,#2794));
#2040 = ADVANCED_FACE('',(#2041),#2134,.T.);
#2041 = FACE_BOUND('',#2042,.T.);
#2042 = EDGE_LOOP('',(#2043,#2721,#2755,#2756));
#2043 = ORIENTED_EDGE('',*,*,#2044,.T.);
#2044 = EDGE_CURVE('',#2045,#2047,#2049,.T.);
#2045 = VERTEX_POINT('',#2046);
#2046 = CARTESIAN_POINT('',(0.414846486656,91.5,31.978429639004));
#2047 = VERTEX_POINT('',#2048);
#2048 = CARTESIAN_POINT('',(5.10051126354,90.579649571607,
    97.978429639004));
#2049 = SEAM_CURVE('',#2050,(#2133,#2714),.PCURVE_S1.);
#2050 = ( BOUNDED_CURVE() B_SPLINE_CURVE(11,(#2051,#2052,#2053,#2054,
    #2055,#2056,#2057,#2058,#2059,#2060,#2061,#2062,#2063,#2064,#2065,
    #2066,#2067,#2068,#2069,#2070,#2071,#2072,#2073,#2074,#2075,#2076,
    #2077,#2078,#2079,#2080,#2081,#2082,#2083,#2084,#2085,#2086,#2087,
    #2088,#2089,#2090,#2091,#2092,#2093,#2094,#2095,#2096,#2097,#2098,
    #2099,#2100,#2101,#2102,#2103,#2104,#2105,#2106,#2107,#2108,#2109,
    #2110,#2111,#2112,#2113,#2114,#2115,#2116,#2117,#2118,#2119,#2120,
    #2121,#2122,#2123,#2124,#2125,#2126,#2127,#2128,#2129,#2130,#2131,
#2132),.UNSPECIFIED.,.F.,.F.) B_SPLINE_CURVE_WITH_KNOTS((12,10,10,10,10,
    10,10,10,12),(0.,9.891175407885,19.78235081577,29.673526223655,
    39.56470163154,49.455877039424,59.347052447309,69.238227855194,
79.129403263079),.UNSPECIFIED.) CURVE() GEOMETRIC_REPRESENTATION_ITEM() 
RATIONAL_B_SPLINE_CURVE((1.669078461068,1.669078461068,1.669078461068,
    1.669078461068,1.669078461068,1.669078461068,1.669078461068,
    1.669078461068,1.669078461068,1.669078461068,1.669078461068,
    1.669078461068,1.669078461068,1.669078461069,1.669078461068,
    1.669078461069,1.669078461068,1.669078461068,1.669078461068,
    1.669078461068,1.669078461068,1.669078461068,1.669078461068,
    1.669078461068,1.669078461068,1.669078461069,1.669078461068,
    1.669078461069,1.669078461068,1.669078461068,1.669078461068,
    1.669078461068,1.669078461069,1.669078461067,1.66907846107,
    1.669078461066,1.66907846107,1.669078461067,1.669078461069,
    1.669078461068,1.669078461068,1.669078461068,1.669078461068,
    1.669078461068,1.669078461068,1.669078461068,1.669078461068,
    1.669078461068,1.669078461068,1.669078461068,1.669078461068,
    1.669078461068,1.669078461069,1.669078461068,1.669078461069,
    1.669078461067,1.66907846107,1.669078461067,1.669078461069,
    1.669078461068,1.669078461068,1.669078461068,1.669078461068,
    1.669078461069,1.669078461068,1.669078461069,1.669078461067,
    1.669078461069,1.669078461068,1.669078461068,1.669078461068,
    1.669078461068,1.669078461069,1.669078461067,1.66907846107,
    1.669078461066,1.66907846107,1.669078461067,1.669078461069,
1.669078461068,1.669078461068,1.669078461068)) REPRESENTATION_ITEM('') 
  );
#2051 = CARTESIAN_POINT('',(0.414846486656,91.5,31.978429639004));
#2052 = CARTESIAN_POINT('',(-6.777747220525,91.705780852046,
    32.728429639031));
#2053 = CARTESIAN_POINT('',(-14.08250252501,87.987141973044,
    33.478429638893));
#2054 = CARTESIAN_POINT('',(-19.12126739154,80.274260118539,
    34.228429639241));
#2055 = CARTESIAN_POINT('',(-19.46201695505,70.130126058936,
    34.978429638714));
#2056 = CARTESIAN_POINT('',(-13.91887844095,60.743567044489,
    35.728429639181));
#2057 = CARTESIAN_POINT('',(-3.744074239427,55.928960157328,
    36.478429639044));
#2058 = CARTESIAN_POINT('',(7.028975737786,57.594877942373,
    37.228429638824));
#2059 = CARTESIAN_POINT('',(14.656782907286,64.290855219071,
    37.978429639167));
#2060 = CARTESIAN_POINT('',(17.425584087261,73.077859418374,
    38.728429638935));
#2061 = CARTESIAN_POINT('',(15.668977863384,81.084235561301,
    39.47842963901));
#2062 = CARTESIAN_POINT('',(6.22895130778,91.946505057525,
    40.978429639016));
#2063 = CARTESIAN_POINT('',(-1.454316382303,94.802222613604,
    41.728429638907));
#2064 = CARTESIAN_POINT('',(-10.54153057238,93.285569660936,
    42.478429639239));
#2065 = CARTESIAN_POINT('',(-18.23559595042,86.665832203929,
    43.228429638698));
#2066 = CARTESIAN_POINT('',(-21.38724629631,76.230269218266,
    43.978429639205));
#2067 = CARTESIAN_POINT('',(-18.03826031626,65.483577960114,
    44.728429639027));
#2068 = CARTESIAN_POINT('',(-9.516216556379,58.68588291786,
    45.478429638831));
#2069 = CARTESIAN_POINT('',(0.576347265198,57.608984810156,
    46.228429639166));
#2070 = CARTESIAN_POINT('',(8.916414369329,61.52318759231,
    46.978429638936));
#2071 = CARTESIAN_POINT('',(13.61717971243,68.238135809957,
    47.728429639009));
#2072 = CARTESIAN_POINT('',(15.215255083261,82.540204020105,
    49.22842963902));
#2073 = CARTESIAN_POINT('',(12.112539153709,90.127092646473,
    49.978429638883));
#2074 = CARTESIAN_POINT('',(4.84209860855,95.785572311331,50.72842963931
    ));
#2075 = CARTESIAN_POINT('',(-5.239249222123,96.962853993882,
    51.478429638569));
#2076 = CARTESIAN_POINT('',(-15.05149711728,92.213784007238,
    52.228429639362));
#2077 = CARTESIAN_POINT('',(-20.6898883638,82.47131900641,
    52.978429638894));
#2078 = CARTESIAN_POINT('',(-19.91929194064,71.597494056344,
    53.728429638909));
#2079 = CARTESIAN_POINT('',(-13.87608414802,63.442790294738,
    54.478429639135));
#2080 = CARTESIAN_POINT('',(-5.347737811359,59.957820919087,
    55.228429638943));
#2081 = CARTESIAN_POINT('',(2.776351889967,61.047266140755,
    55.978429639008));
#2082 = CARTESIAN_POINT('',(14.381072443139,69.55805111404,
    57.478429639021));
#2083 = CARTESIAN_POINT('',(17.86151549187,76.97925326439,
    58.228429638875));
#2084 = CARTESIAN_POINT('',(17.100458880954,86.160674214065,
    58.978429639327));
#2085 = CARTESIAN_POINT('',(11.13870206105,94.375114055166,
    59.728429638551));
#2086 = CARTESIAN_POINT('',(0.999043043031,98.377761861524,
    60.478429639366));
#2087 = CARTESIAN_POINT('',(-9.98749989161,95.927669115736,
    61.228429638912));
#2088 = CARTESIAN_POINT('',(-17.46572215184,87.996081647049,
    61.978429638875));
#2089 = CARTESIAN_POINT('',(-19.37237942178,78.026918598469,
    62.728429639169));
#2090 = CARTESIAN_POINT('',(-16.16026290933,69.392104744213,
    63.478429638921));
#2091 = CARTESIAN_POINT('',(-9.856435769476,64.152878869853,
    64.228429639018));
#2092 = CARTESIAN_POINT('',(4.264815608672,61.379206305796,
    65.728429639005));
#2093 = CARTESIAN_POINT('',(12.082011413855,63.844804585619,
    66.478429638975));
#2094 = CARTESIAN_POINT('',(18.321552724756,70.6231393577,
    67.228429639064));
#2095 = CARTESIAN_POINT('',(20.327324498039,80.572835097096,
    67.978429638973));
#2096 = CARTESIAN_POINT('',(16.404763999642,90.743744314897,
    68.728429638928));
#2097 = CARTESIAN_POINT('',(7.161189121393,97.167403951421,
    69.478429639198));
#2098 = CARTESIAN_POINT('',(-3.739131560885,97.297392868967,
    70.228429638777));
#2099 = CARTESIAN_POINT('',(-12.3650270106,91.948235789266,
    70.978429639161));
#2100 = CARTESIAN_POINT('',(-16.5423587124,83.736804568706,
    71.728429638948));
#2101 = CARTESIAN_POINT('',(-16.12751650672,75.550497080168,
    72.478429639004));
#2102 = CARTESIAN_POINT('',(-8.604110407309,63.282597478221,
    73.978429639026));
#2103 = CARTESIAN_POINT('',(-1.495668132416,59.201203891626,
    74.728429638846));
#2104 = CARTESIAN_POINT('',(7.717241162956,59.20146537408,
    75.478429639402));
#2105 = CARTESIAN_POINT('',(16.39594251056,64.464516709199,
    76.228429638422));
#2106 = CARTESIAN_POINT('',(21.222245639983,74.23900761174,
    76.978429639523));
#2107 = CARTESIAN_POINT('',(19.687782738878,85.390352989888,
    77.728429638775));
#2108 = CARTESIAN_POINT('',(12.400832353031,93.498018630288,
    78.478429638957));
#2109 = CARTESIAN_POINT('',(2.623169565616,96.221410658581,
    79.228429639136));
#2110 = CARTESIAN_POINT('',(-6.24740650331,93.733322429114,
    79.97842963893));
#2111 = CARTESIAN_POINT('',(-11.98930368338,87.883677898261,
    80.728429639016));
#2112 = CARTESIAN_POINT('',(-15.91962644582,74.039705817955,
    82.228429639008));
#2113 = CARTESIAN_POINT('',(-14.1079883463,66.045602207712,
    82.978429638962));
#2114 = CARTESIAN_POINT('',(-7.86806226285,59.267621642373,
    83.72842963908));
#2115 = CARTESIAN_POINT('',(1.882014900184,56.447061245028,
    84.478429638993));
#2116 = CARTESIAN_POINT('',(12.342107791697,59.516317161217,
    85.22842963882));
#2117 = CARTESIAN_POINT('',(19.507155723001,68.197858972104,
    85.978429639388));
#2118 = CARTESIAN_POINT('',(20.536842027678,79.050215094546,
    86.728429638585));
#2119 = CARTESIAN_POINT('',(15.918275816391,88.088378658704,
    87.478429639287));
#2120 = CARTESIAN_POINT('',(8.079852123423,92.92953725369,
    88.228429638893));
#2121 = CARTESIAN_POINT('',(-0.112752375919,93.192131864857,
    88.978429639021));
#2122 = CARTESIAN_POINT('',(-12.96002883107,86.707497128702,
    90.478429639001));
#2123 = CARTESIAN_POINT('',(-17.61449290309,79.960372605428,
    91.228429638991));
#2124 = CARTESIAN_POINT('',(-18.3750283242,70.778908455362,
    91.97842963902));
#2125 = CARTESIAN_POINT('',(-13.84663447064,61.695229971592,
    92.728429639063));
#2126 = CARTESIAN_POINT('',(-4.504081343373,56.07824000944,
    93.478429638783));
#2127 = CARTESIAN_POINT('',(6.735891460298,56.686591180912,
    94.228429639375));
#2128 = CARTESIAN_POINT('',(15.417616917427,63.279127187083,
    94.978429638621));
#2129 = CARTESIAN_POINT('',(18.939140168642,72.798498379393,
    95.728429639264));
#2130 = CARTESIAN_POINT('',(17.192076389919,81.844241629748,
    96.478429638893));
#2131 = CARTESIAN_POINT('',(11.83657347075,88.049587134529,
    97.22842963903));
#2132 = CARTESIAN_POINT('',(5.10051126354,90.579649571607,
    97.978429639004));
#2133 = PCURVE('',#2134,#2709);
#2134 = ( BOUNDED_SURFACE() B_SPLINE_SURFACE(6,11,(
    (#2135,#2136,#2137,#2138,#2139,#2140,#2141,#2142,#2143,#2144,#2145
      ,#2146,#2147,#2148,#2149,#2150,#2151,#2152,#2153,#2154,#2155,#2156
      ,#2157,#2158,#2159,#2160,#2161,#2162,#2163,#2164,#2165,#2166,#2167
      ,#2168,#2169,#2170,#2171,#2172,#2173,#2174,#2175,#2176,#2177,#2178
      ,#2179,#2180,#2181,#2182,#2183,#2184,#2185,#2186,#2187,#2188,#2189
      ,#2190,#2191,#2192,#2193,#2194,#2195,#2196,#2197,#2198,#2199,#2200
      ,#2201,#2202,#2203,#2204,#2205,#2206,#2207,#2208,#2209,#2210,#2211
      ,#2212,#2213,#2214,#2215,#2216)
    ,(#2217,#2218,#2219,#2220,#2221,#2222,#2223,#2224,#2225,#2226,#2227
      ,#2228,#2229,#2230,#2231,#2232,#2233,#2234,#2235,#2236,#2237,#2238
      ,#2239,#2240,#2241,#2242,#2243,#2244,#2245,#2246,#2247,#2248,#2249
      ,#2250,#2251,#2252,#2253,#2254,#2255,#2256,#2257,#2258,#2259,#2260
      ,#2261,#2262,#2263,#2264,#2265,#2266,#2267,#2268,#2269,#2270,#2271
      ,#2272,#2273,#2274,#2275,#2276,#2277,#2278,#2279,#2280,#2281,#2282
      ,#2283,#2284,#2285,#2286,#2287,#2288,#2289,#2290,#2291,#2292,#2293
      ,#2294,#2295,#2296,#2297,#2298)
    ,(#2299,#2300,#2301,#2302,#2303,#2304,#2305,#2306,#2307,#2308,#2309
      ,#2310,#2311,#2312,#2313,#2314,#2315,#2316,#2317,#2318,#2319,#2320
      ,#2321,#2322,#2323,#2324,#2325,#2326,#2327,#2328,#2329,#2330,#2331
      ,#2332,#2333,#2334,#2335,#2336,#2337,#2338,#2339,#2340,#2341,#2342
      ,#2343,#2344,#2345,#2346,#2347,#2348,#2349,#2350,#2351,#2352,#2353
      ,#2354,#2355,#2356,#2357,#2358,#2359,#2360,#2361,#2362,#2363,#2364
      ,#2365,#2366,#2367,#2368,#2369,#2370,#2371,#2372,#2373,#2374,#2375
      ,#2376,#2377,#2378,#2379,#2380)
    ,(#2381,#2382,#2383,#2384,#2385,#2386,#2387,#2388,#2389,#2390,#2391
      ,#2392,#2393,#2394,#2395,#2396,#2397,#2398,#2399,#2400,#2401,#2402
      ,#2403,#2404,#2405,#2406,#2407,#2408,#2409,#2410,#2411,#2412,#2413
      ,#2414,#2415,#2416,#2417,#2418,#2419,#2420,#2421,#2422,#2423,#2424
      ,#2425,#2426,#2427,#2428,#2429,#2430,#2431,#2432,#2433,#2434,#2435
      ,#2436,#2437,#2438,#2439,#2440,#2441,#2442,#2443,#2444,#2445,#2446
      ,#2447,#2448,#2449,#2450,#2451,#2452,#2453,#2454,#2455,#2456,#2457
      ,#2458,#2459,#2460,#2461,#2462)
    ,(#2463,#2464,#2465,#2466,#2467,#2468,#2469,#2470,#2471,#2472,#2473
      ,#2474,#2475,#2476,#2477,#2478,#2479,#2480,#2481,#2482,#2483,#2484
      ,#2485,#2486,#2487,#2488,#2489,#2490,#2491,#2492,#2493,#2494,#2495
      ,#2496,#2497,#2498,#2499,#2500,#2501,#2502,#2503,#2504,#2505,#2506
      ,#2507,#2508,#2509,#2510,#2511,#2512,#2513,#2514,#2515,#2516,#2517
      ,#2518,#2519,#2520,#2521,#2522,#2523,#2524,#2525,#2526,#2527,#2528
      ,#2529,#2530,#2531,#2532,#2533,#2534,#2535,#2536,#2537,#2538,#2539
      ,#2540,#2541,#2542,#2543,#2544)
    ,(#2545,#2546,#2547,#2548,#2549,#2550,#2551,#2552,#2553,#2554,#2555
      ,#2556,#2557,#2558,#2559,#2560,#2561,#2562,#2563,#2564,#2565,#2566
      ,#2567,#2568,#2569,#2570,#2571,#2572,#2573,#2574,#2575,#2576,#2577
      ,#2578,#2579,#2580,#2581,#2582,#2583,#2584,#2585,#2586,#2587,#2588
      ,#2589,#2590,#2591,#2592,#2593,#2594,#2595,#2596,#2597,#2598,#2599
      ,#2600,#2601,#2602,#2603,#2604,#2605,#2606,#2607,#2608,#2609,#2610
      ,#2611,#2612,#2613,#2614,#2615,#2616,#2617,#2618,#2619,#2620,#2621
      ,#2622,#2623,#2624,#2625,#2626)
    ,(#2627,#2628,#2629,#2630,#2631,#2632,#2633,#2634,#2635,#2636,#2637
      ,#2638,#2639,#2640,#2641,#2642,#2643,#2644,#2645,#2646,#2647,#2648
      ,#2649,#2650,#2651,#2652,#2653,#2654,#2655,#2656,#2657,#2658,#2659
      ,#2660,#2661,#2662,#2663,#2664,#2665,#2666,#2667,#2668,#2669,#2670
      ,#2671,#2672,#2673,#2674,#2675,#2676,#2677,#2678,#2679,#2680,#2681
      ,#2682,#2683,#2684,#2685,#2686,#2687,#2688,#2689,#2690,#2691,#2692
      ,#2693,#2694,#2695,#2696,#2697,#2698,#2699,#2700,#2701,#2702,#2703
      ,#2704,#2705,#2706,#2707,#2708
)),.UNSPECIFIED.,.T.,.F.,.F.) B_SPLINE_SURFACE_WITH_KNOTS((1,6,6,1),(12,
    10,10,10,10,10,10,10,12),(-6.28318530718,0.,6.28318530718,
    12.566370614359),(0.,9.891175407885,19.78235081577,29.673526223655,
    39.56470163154,49.455877039424,59.347052447309,69.238227855194,
79.129403263079),.UNSPECIFIED.) GEOMETRIC_REPRESENTATION_ITEM() 
RATIONAL_B_SPLINE_SURFACE((
    (1.669078461068,1.669078461068,1.669078461068,1.669078461068
      ,1.669078461068,1.669078461068,1.669078461068,1.669078461068
      ,1.669078461068,1.669078461068,1.669078461068,1.669078461068
      ,1.669078461068,1.669078461069,1.669078461068,1.669078461069
      ,1.669078461068,1.669078461068,1.669078461068,1.669078461068
      ,1.669078461068,1.669078461068,1.669078461068,1.669078461068
      ,1.669078461068,1.669078461069,1.669078461068,1.669078461069
      ,1.669078461068,1.669078461068,1.669078461068,1.669078461068
      ,1.669078461069,1.669078461067,1.66907846107,1.669078461066
      ,1.66907846107,1.669078461067,1.669078461069,1.669078461068
      ,1.669078461068,1.669078461068,1.669078461068,1.669078461068
      ,1.669078461068,1.669078461068,1.669078461068,1.669078461068
      ,1.669078461068,1.669078461068,1.669078461068,1.669078461068
      ,1.669078461069,1.669078461068,1.669078461069,1.669078461067
      ,1.66907846107,1.669078461067,1.669078461069,1.669078461068
      ,1.669078461068,1.669078461068,1.669078461068,1.669078461069
      ,1.669078461068,1.669078461069,1.669078461067,1.669078461069
      ,1.669078461068,1.669078461068,1.669078461068,1.669078461068
      ,1.669078461069,1.669078461067,1.66907846107,1.669078461066
      ,1.66907846107,1.669078461067,1.669078461069,1.669078461068
      ,1.669078461068,1.669078461068)
    ,(1.03672962321,1.03672962321,1.03672962321,1.03672962321
      ,1.03672962321,1.03672962321,1.03672962321,1.03672962321
      ,1.03672962321,1.03672962321,1.03672962321,1.03672962321
      ,1.03672962321,1.03672962321,1.036729623209,1.03672962321
      ,1.036729623209,1.03672962321,1.03672962321,1.03672962321
      ,1.03672962321,1.03672962321,1.03672962321,1.03672962321
      ,1.03672962321,1.03672962321,1.03672962321,1.03672962321
      ,1.03672962321,1.03672962321,1.03672962321,1.03672962321
      ,1.03672962321,1.036729623209,1.036729623211,1.036729623208
      ,1.036729623211,1.036729623208,1.03672962321,1.036729623209
      ,1.03672962321,1.03672962321,1.03672962321,1.03672962321
      ,1.036729623209,1.03672962321,1.036729623209,1.03672962321
      ,1.036729623209,1.03672962321,1.03672962321,1.03672962321
      ,1.03672962321,1.036729623209,1.036729623211,1.036729623208
      ,1.036729623211,1.036729623209,1.03672962321,1.036729623209
      ,1.03672962321,1.03672962321,1.036729623209,1.03672962321
      ,1.036729623209,1.03672962321,1.036729623209,1.03672962321
      ,1.036729623209,1.03672962321,1.03672962321,1.03672962321
      ,1.03672962321,1.036729623209,1.036729623211,1.036729623208
      ,1.036729623211,1.036729623209,1.03672962321,1.036729623209
      ,1.03672962321,1.03672962321)
    ,(1.038346699848,1.038346699847,1.038346699848,1.038346699847
      ,1.038346699848,1.038346699847,1.038346699848,1.038346699847
      ,1.038346699848,1.038346699847,1.038346699848,1.038346699848
      ,1.038346699847,1.038346699848,1.038346699847,1.038346699848
      ,1.038346699848,1.038346699847,1.038346699848,1.038346699847
      ,1.038346699848,1.038346699848,1.038346699848,1.038346699848
      ,1.038346699847,1.038346699848,1.038346699847,1.038346699848
      ,1.038346699847,1.038346699848,1.038346699848,1.038346699847
      ,1.038346699848,1.038346699847,1.038346699848,1.038346699846
      ,1.038346699848,1.038346699847,1.038346699848,1.038346699847
      ,1.038346699848,1.038346699848,1.038346699847,1.038346699848
      ,1.038346699847,1.038346699848,1.038346699847,1.038346699848
      ,1.038346699847,1.038346699848,1.038346699848,1.038346699847
      ,1.038346699848,1.038346699847,1.038346699848,1.038346699847
      ,1.038346699848,1.038346699847,1.038346699848,1.038346699847
      ,1.038346699848,1.038346699848,1.038346699847,1.038346699848
      ,1.038346699847,1.038346699849,1.038346699846,1.038346699848
      ,1.038346699847,1.038346699848,1.038346699847,1.038346699847
      ,1.038346699848,1.038346699847,1.038346699849,1.038346699846
      ,1.038346699849,1.038346699846,1.038346699848,1.038346699847
      ,1.038346699848,1.038346699848)
    ,(0.853534330196,0.853534330196,0.853534330196,0.853534330196
      ,0.853534330196,0.853534330196,0.853534330196,0.853534330196
      ,0.853534330196,0.853534330196,0.853534330196,0.853534330196
      ,0.853534330196,0.853534330197,0.853534330196,0.853534330197
      ,0.853534330196,0.853534330197,0.853534330196,0.853534330196
      ,0.853534330196,0.853534330196,0.853534330196,0.853534330196
      ,0.853534330196,0.853534330196,0.853534330196,0.853534330196
      ,0.853534330196,0.853534330196,0.853534330196,0.853534330196
      ,0.853534330196,0.853534330196,0.853534330197,0.853534330195
      ,0.853534330197,0.853534330195,0.853534330197,0.853534330196
      ,0.853534330196,0.853534330196,0.853534330196,0.853534330196
      ,0.853534330196,0.853534330196,0.853534330196,0.853534330196
      ,0.853534330196,0.853534330196,0.853534330196,0.853534330196
      ,0.853534330196,0.853534330196,0.853534330197,0.853534330195
      ,0.853534330197,0.853534330195,0.853534330197,0.853534330196
      ,0.853534330196,0.853534330196,0.853534330196,0.853534330196
      ,0.853534330196,0.853534330196,0.853534330196,0.853534330196
      ,0.853534330196,0.853534330196,0.853534330196,0.853534330196
      ,0.853534330196,0.853534330195,0.853534330198,0.853534330194
      ,0.853534330198,0.853534330195,0.853534330197,0.853534330196
      ,0.853534330196,0.853534330196)
    ,(1.038346699848,1.038346699848,1.038346699848,1.038346699847
      ,1.038346699848,1.038346699848,1.038346699848,1.038346699847
      ,1.038346699848,1.038346699848,1.038346699848,1.038346699848
      ,1.038346699847,1.038346699848,1.038346699847,1.038346699848
      ,1.038346699847,1.038346699848,1.038346699847,1.038346699848
      ,1.038346699848,1.038346699848,1.038346699848,1.038346699847
      ,1.038346699848,1.038346699848,1.038346699847,1.038346699848
      ,1.038346699847,1.038346699848,1.038346699848,1.038346699847
      ,1.038346699848,1.038346699847,1.038346699848,1.038346699846
      ,1.038346699849,1.038346699847,1.038346699848,1.038346699847
      ,1.038346699848,1.038346699848,1.038346699847,1.038346699848
      ,1.038346699847,1.038346699848,1.038346699847,1.038346699848
      ,1.038346699847,1.038346699848,1.038346699848,1.038346699847
      ,1.038346699848,1.038346699847,1.038346699849,1.038346699846
      ,1.038346699849,1.038346699847,1.038346699848,1.038346699847
      ,1.038346699848,1.038346699848,1.038346699847,1.038346699848
      ,1.038346699847,1.038346699849,1.038346699846,1.038346699848
      ,1.038346699847,1.038346699848,1.038346699847,1.038346699847
      ,1.038346699848,1.038346699847,1.038346699849,1.038346699846
      ,1.038346699849,1.038346699846,1.038346699848,1.038346699847
      ,1.038346699848,1.038346699848)
    ,(1.03672962321,1.03672962321,1.03672962321,1.036729623209
      ,1.03672962321,1.036729623209,1.03672962321,1.036729623209
      ,1.03672962321,1.03672962321,1.03672962321,1.03672962321
      ,1.03672962321,1.03672962321,1.036729623209,1.03672962321
      ,1.03672962321,1.03672962321,1.03672962321,1.03672962321
      ,1.03672962321,1.03672962321,1.03672962321,1.036729623209
      ,1.03672962321,1.036729623209,1.03672962321,1.03672962321
      ,1.03672962321,1.03672962321,1.03672962321,1.03672962321
      ,1.03672962321,1.036729623209,1.036729623211,1.036729623208
      ,1.036729623211,1.036729623209,1.03672962321,1.036729623209
      ,1.03672962321,1.03672962321,1.03672962321,1.03672962321
      ,1.036729623209,1.03672962321,1.036729623209,1.03672962321
      ,1.03672962321,1.03672962321,1.03672962321,1.03672962321
      ,1.03672962321,1.036729623209,1.036729623211,1.036729623208
      ,1.036729623211,1.036729623209,1.03672962321,1.036729623209
      ,1.03672962321,1.03672962321,1.036729623209,1.03672962321
      ,1.036729623209,1.036729623211,1.036729623209,1.03672962321
      ,1.036729623209,1.03672962321,1.03672962321,1.03672962321
      ,1.03672962321,1.036729623209,1.036729623211,1.036729623208
      ,1.036729623211,1.036729623208,1.03672962321,1.036729623209
      ,1.03672962321,1.03672962321)
    ,(1.669078461068,1.669078461068,1.669078461068,1.669078461068
      ,1.669078461068,1.669078461068,1.669078461068,1.669078461068
      ,1.669078461068,1.669078461068,1.669078461068,1.669078461068
      ,1.669078461068,1.669078461069,1.669078461068,1.669078461069
      ,1.669078461068,1.669078461068,1.669078461068,1.669078461068
      ,1.669078461068,1.669078461068,1.669078461068,1.669078461068
      ,1.669078461068,1.669078461069,1.669078461068,1.669078461069
      ,1.669078461068,1.669078461068,1.669078461068,1.669078461068
      ,1.669078461069,1.669078461067,1.66907846107,1.669078461066
      ,1.66907846107,1.669078461067,1.669078461069,1.669078461068
      ,1.669078461068,1.669078461068,1.669078461068,1.669078461068
      ,1.669078461068,1.669078461068,1.669078461068,1.669078461068
      ,1.669078461068,1.669078461068,1.669078461068,1.669078461068
      ,1.669078461069,1.669078461068,1.669078461069,1.669078461067
      ,1.66907846107,1.669078461067,1.669078461069,1.669078461068
      ,1.669078461068,1.669078461068,1.669078461068,1.669078461069
      ,1.669078461068,1.669078461069,1.669078461067,1.669078461069
      ,1.669078461068,1.669078461068,1.669078461068,1.669078461068
      ,1.669078461069,1.669078461067,1.66907846107,1.669078461066
      ,1.66907846107,1.669078461067,1.669078461069,1.669078461068
,1.669078461068,1.669078461068))) REPRESENTATION_ITEM('') SURFACE() );
#2135 = CARTESIAN_POINT('',(0.414846486656,91.5,31.978429639004));
#2136 = CARTESIAN_POINT('',(-6.777747220525,91.705780852046,
    32.728429639031));
#2137 = CARTESIAN_POINT('',(-14.08250252501,87.987141973044,
    33.478429638893));
#2138 = CARTESIAN_POINT('',(-19.12126739154,80.274260118539,
    34.228429639241));
#2139 = CARTESIAN_POINT('',(-19.46201695505,70.130126058936,
    34.978429638714));
#2140 = CARTESIAN_POINT('',(-13.91887844095,60.743567044489,
    35.728429639181));
#2141 = CARTESIAN_POINT('',(-3.744074239427,55.928960157328,
    36.478429639044));
#2142 = CARTESIAN_POINT('',(7.028975737786,57.594877942373,
    37.228429638824));
#2143 = CARTESIAN_POINT('',(14.656782907286,64.290855219071,
    37.978429639167));
#2144 = CARTESIAN_POINT('',(17.425584087261,73.077859418374,
    38.728429638935));
#2145 = CARTESIAN_POINT('',(15.668977863384,81.084235561301,
    39.47842963901));
#2146 = CARTESIAN_POINT('',(6.22895130778,91.946505057525,
    40.978429639016));
#2147 = CARTESIAN_POINT('',(-1.454316382303,94.802222613604,
    41.728429638907));
#2148 = CARTESIAN_POINT('',(-10.54153057238,93.285569660936,
    42.478429639239));
#2149 = CARTESIAN_POINT('',(-18.23559595042,86.665832203929,
    43.228429638698));
#2150 = CARTESIAN_POINT('',(-21.38724629631,76.230269218266,
    43.978429639205));
#2151 = CARTESIAN_POINT('',(-18.03826031626,65.483577960114,
    44.728429639027));
#2152 = CARTESIAN_POINT('',(-9.516216556379,58.68588291786,
    45.478429638831));
#2153 = CARTESIAN_POINT('',(0.576347265198,57.608984810156,
    46.228429639166));
#2154 = CARTESIAN_POINT('',(8.916414369329,61.52318759231,
    46.978429638936));
#2155 = CARTESIAN_POINT('',(13.61717971243,68.238135809957,
    47.728429639009));
#2156 = CARTESIAN_POINT('',(15.215255083261,82.540204020105,
    49.22842963902));
#2157 = CARTESIAN_POINT('',(12.112539153709,90.127092646473,
    49.978429638883));
#2158 = CARTESIAN_POINT('',(4.84209860855,95.785572311331,50.72842963931
    ));
#2159 = CARTESIAN_POINT('',(-5.239249222123,96.962853993882,
    51.478429638569));
#2160 = CARTESIAN_POINT('',(-15.05149711728,92.213784007238,
    52.228429639362));
#2161 = CARTESIAN_POINT('',(-20.6898883638,82.47131900641,
    52.978429638894));
#2162 = CARTESIAN_POINT('',(-19.91929194064,71.597494056344,
    53.728429638909));
#2163 = CARTESIAN_POINT('',(-13.87608414802,63.442790294738,
    54.478429639135));
#2164 = CARTESIAN_POINT('',(-5.347737811359,59.957820919087,
    55.228429638943));
#2165 = CARTESIAN_POINT('',(2.776351889967,61.047266140755,
    55.978429639008));
#2166 = CARTESIAN_POINT('',(14.381072443139,69.55805111404,
    57.478429639021));
#2167 = CARTESIAN_POINT('',(17.86151549187,76.97925326439,
    58.228429638875));
#2168 = CARTESIAN_POINT('',(17.100458880954,86.160674214065,
    58.978429639327));
#2169 = CARTESIAN_POINT('',(11.13870206105,94.375114055166,
    59.728429638551));
#2170 = CARTESIAN_POINT('',(0.999043043031,98.377761861524,
    60.478429639366));
#2171 = CARTESIAN_POINT('',(-9.98749989161,95.927669115736,
    61.228429638912));
#2172 = CARTESIAN_POINT('',(-17.46572215184,87.996081647049,
    61.978429638875));
#2173 = CARTESIAN_POINT('',(-19.37237942178,78.026918598469,
    62.728429639169));
#2174 = CARTESIAN_POINT('',(-16.16026290933,69.392104744213,
    63.478429638921));
#2175 = CARTESIAN_POINT('',(-9.856435769476,64.152878869853,
    64.228429639018));
#2176 = CARTESIAN_POINT('',(4.264815608672,61.379206305796,
    65.728429639005));
#2177 = CARTESIAN_POINT('',(12.082011413855,63.844804585619,
    66.478429638975));
#2178 = CARTESIAN_POINT('',(18.321552724756,70.6231393577,
    67.228429639064));
#2179 = CARTESIAN_POINT('',(20.327324498039,80.572835097096,
    67.978429638973));
#2180 = CARTESIAN_POINT('',(16.404763999642,90.743744314897,
    68.728429638928));
#2181 = CARTESIAN_POINT('',(7.161189121393,97.167403951421,
    69.478429639198));
#2182 = CARTESIAN_POINT('',(-3.739131560885,97.297392868967,
    70.228429638777));
#2183 = CARTESIAN_POINT('',(-12.3650270106,91.948235789266,
    70.978429639161));
#2184 = CARTESIAN_POINT('',(-16.5423587124,83.736804568706,
    71.728429638948));
#2185 = CARTESIAN_POINT('',(-16.12751650672,75.550497080168,
    72.478429639004));
#2186 = CARTESIAN_POINT('',(-8.604110407309,63.282597478221,
    73.978429639026));
#2187 = CARTESIAN_POINT('',(-1.495668132416,59.201203891626,
    74.728429638846));
#2188 = CARTESIAN_POINT('',(7.717241162956,59.20146537408,
    75.478429639402));
#2189 = CARTESIAN_POINT('',(16.39594251056,64.464516709199,
    76.228429638422));
#2190 = CARTESIAN_POINT('',(21.222245639983,74.23900761174,
    76.978429639523));
#2191 = CARTESIAN_POINT('',(19.687782738878,85.390352989888,
    77.728429638775));
#2192 = CARTESIAN_POINT('',(12.400832353031,93.498018630288,
    78.478429638957));
#2193 = CARTESIAN_POINT('',(2.623169565616,96.221410658581,
    79.228429639136));
#2194 = CARTESIAN_POINT('',(-6.24740650331,93.733322429114,
    79.97842963893));
#2195 = CARTESIAN_POINT('',(-11.98930368338,87.883677898261,
    80.728429639016));
#2196 = CARTESIAN_POINT('',(-15.91962644582,74.039705817955,
    82.228429639008));
#2197 = CARTESIAN_POINT('',(-14.1079883463,66.045602207712,
    82.978429638962));
#2198 = CARTESIAN_POINT('',(-7.86806226285,59.267621642373,
    83.72842963908));
#2199 = CARTESIAN_POINT('',(1.882014900184,56.447061245028,
    84.478429638993));
#2200 = CARTESIAN_POINT('',(12.342107791697,59.516317161217,
    85.22842963882));
#2201 = CARTESIAN_POINT('',(19.507155723001,68.197858972104,
    85.978429639388));
#2202 = CARTESIAN_POINT('',(20.536842027678,79.050215094546,
    86.728429638585));
#2203 = CARTESIAN_POINT('',(15.918275816391,88.088378658704,
    87.478429639287));
#2204 = CARTESIAN_POINT('',(8.079852123423,92.92953725369,
    88.228429638893));
#2205 = CARTESIAN_POINT('',(-0.112752375919,93.192131864857,
    88.978429639021));
#2206 = CARTESIAN_POINT('',(-12.96002883107,86.707497128702,
    90.478429639001));
#2207 = CARTESIAN_POINT('',(-17.61449290309,79.960372605428,
    91.228429638991));
#2208 = CARTESIAN_POINT('',(-18.3750283242,70.778908455362,
    91.97842963902));
#2209 = CARTESIAN_POINT('',(-13.84663447064,61.695229971592,
    92.728429639063));
#2210 = CARTESIAN_POINT('',(-4.504081343373,56.07824000944,
    93.478429638783));
#2211 = CARTESIAN_POINT('',(6.735891460298,56.686591180912,
    94.228429639375));
#2212 = CARTESIAN_POINT('',(15.417616917427,63.279127187083,
    94.978429638621));
#2213 = CARTESIAN_POINT('',(18.939140168642,72.798498379393,
    95.728429639264));
#2214 = CARTESIAN_POINT('',(17.192076389919,81.844241629748,
    96.478429638893));
#2215 = CARTESIAN_POINT('',(11.83657347075,88.049587134529,
    97.22842963903));
#2216 = CARTESIAN_POINT('',(5.10051126354,90.579649571607,
    97.978429639004));
#2217 = CARTESIAN_POINT('',(0.414846486656,98.146172302284,
    31.978429639004));
#2218 = CARTESIAN_POINT('',(-10.07452082739,98.351953154326,
    32.728429626217));
#2219 = CARTESIAN_POINT('',(-20.67599629418,92.834531700955,
    33.478429694417));
#2220 = CARTESIAN_POINT('',(-27.92136307765,81.523267574225,
    34.228429481664));
#2221 = CARTESIAN_POINT('',(-28.28525142612,66.728839555514,
    34.978429934655));
#2222 = CARTESIAN_POINT('',(-20.08046599878,53.116038370822,
    35.728429234537));
#2223 = CARTESIAN_POINT('',(-5.182699758892,46.229748255681,
    36.478430042337));
#2224 = CARTESIAN_POINT('',(10.502382039917,48.799784703876,
    37.228429341038));
#2225 = CARTESIAN_POINT('',(21.535850193761,58.662344139499,
    37.978429794519));
#2226 = CARTESIAN_POINT('',(25.457576437132,71.509916130786,
    38.728429583129));
#2227 = CARTESIAN_POINT('',(22.791569750201,83.160050413122,
    39.478429648885));
#2228 = CARTESIAN_POINT('',(8.885855175355,98.873350250224,
    40.978429627542));
#2229 = CARTESIAN_POINT('',(-2.35362767773,102.93626136785,
    41.728429692827));
#2230 = CARTESIAN_POINT('',(-15.58274855926,100.60594020569,
    42.478429483351));
#2231 = CARTESIAN_POINT('',(-26.7138178675,90.853668105626,
    43.228429932146));
#2232 = CARTESIAN_POINT('',(-31.17213122571,75.597511903898,
    43.978429239105));
#2233 = CARTESIAN_POINT('',(-26.1485569798,59.972911673765,
    44.728430035796));
#2234 = CARTESIAN_POINT('',(-13.63450286932,50.173660278074,
    45.478429347414));
#2235 = CARTESIAN_POINT('',(1.09438258555,48.735803694886,
    46.228429790447));
#2236 = CARTESIAN_POINT('',(13.202761404092,54.551919675979,
    46.978429584657));
#2237 = CARTESIAN_POINT('',(19.968406560192,64.403785798119,
    47.728429648738));
#2238 = CARTESIAN_POINT('',(22.110972744157,85.276880914914,
    49.228429627342));
#2239 = CARTESIAN_POINT('',(17.487858987956,96.297772020585,
    49.978429694846));
#2240 = CARTESIAN_POINT('',(6.813546212406,104.45246899124,
    50.728429477245));
#2241 = CARTESIAN_POINT('',(-7.900301680169,106.03682865839,
    51.478429943588));
#2242 = CARTESIAN_POINT('',(-22.14415404582,98.984202946007,
    52.228429224194));
#2243 = CARTESIAN_POINT('',(-30.23717178553,84.705985460101,
    52.978430049824));
#2244 = CARTESIAN_POINT('',(-28.97117709576,68.862244241041,
    53.728429337765));
#2245 = CARTESIAN_POINT('',(-20.05343988254,57.052017271574,
    54.478429795207));
#2246 = CARTESIAN_POINT('',(-7.573602448794,52.082741625668,
    55.228429583096));
#2247 = CARTESIAN_POINT('',(4.256897805557,53.777582084554,
    55.978429648984));
#2248 = CARTESIAN_POINT('',(21.064853565307,66.338207578023,
    57.47842962719));
#2249 = CARTESIAN_POINT('',(26.042036917786,77.203789359295,
    58.228429695291));
#2250 = CARTESIAN_POINT('',(24.812127131359,90.580162477789,
    58.978429476147));
#2251 = CARTESIAN_POINT('',(16.012360395297,102.47854979774,
    59.728429945734));
#2252 = CARTESIAN_POINT('',(1.176476310449,108.18147913347,
    60.47842922101));
#2253 = CARTESIAN_POINT('',(-14.80960147034,104.46533221891,
    61.228430053225));
#2254 = CARTESIAN_POINT('',(-25.60878584632,92.803235698605,
    61.97842933541));
#2255 = CARTESIAN_POINT('',(-28.25803314311,78.243394120075,
    62.728429795977));
#2256 = CARTESIAN_POINT('',(-23.46168414383,65.696080499379,
    63.478429583396));
#2257 = CARTESIAN_POINT('',(-14.20216968803,58.139982796083,
    64.228429648435));
#2258 = CARTESIAN_POINT('',(6.42270151328,54.281048030086,
    65.728429628466));
#2259 = CARTESIAN_POINT('',(17.787724396575,57.978273529846,
    66.478429687909));
#2260 = CARTESIAN_POINT('',(26.796046703752,67.942718592162,
    67.228429494434));
#2261 = CARTESIAN_POINT('',(29.590054911845,82.475475822938,67.978429918
    ));
#2262 = CARTESIAN_POINT('',(23.737765488971,97.253079459471,
    68.728429247863));
#2263 = CARTESIAN_POINT('',(10.176631474186,106.49754126735,
    69.478430038077));
#2264 = CARTESIAN_POINT('',(-5.717540360595,106.54423638566,
    70.228429337882));
#2265 = CARTESIAN_POINT('',(-18.22385031057,98.632238576037,
    70.978429799295));
#2266 = CARTESIAN_POINT('',(-24.20673017238,86.605385643198,
    71.728429580348));
#2267 = CARTESIAN_POINT('',(-23.49463341889,74.675333730728,
    72.478429649687));
#2268 = CARTESIAN_POINT('',(-12.36489881552,56.88753742889,
    73.978429626655));
#2269 = CARTESIAN_POINT('',(-1.947441047205,51.030081050315,
    74.728429697205));
#2270 = CARTESIAN_POINT('',(11.484810117237,51.151177931834,
    75.47842947157));
#2271 = CARTESIAN_POINT('',(24.069237396037,58.938327970292,
    76.228429953584));
#2272 = CARTESIAN_POINT('',(30.977825924302,73.252595812256,
    76.978429211024));
#2273 = CARTESIAN_POINT('',(28.594491385955,89.490950017038,
    77.728430062742));
#2274 = CARTESIAN_POINT('',(17.864016406432,101.21629799795,
    78.47842932871));
#2275 = CARTESIAN_POINT('',(3.572677181955,105.05883896092,
    79.228429799386));
#2276 = CARTESIAN_POINT('',(-9.327860364937,101.31502087119,
    79.978429582186));
#2277 = CARTESIAN_POINT('',(-17.62279480596,92.711109954416,
    80.728429648718));
#2278 = CARTESIAN_POINT('',(-23.17173771792,72.475351452179,
    82.228429628102));
#2279 = CARTESIAN_POINT('',(-20.42565626781,60.843831422464,
    82.978429688874));
#2280 = CARTESIAN_POINT('',(-11.23914619816,51.043419749208,
    83.728429495135));
#2281 = CARTESIAN_POINT('',(3.01324692724,47.058848925494,
    84.478429909295));
#2282 = CARTESIAN_POINT('',(18.223655795663,51.670824955274,
    85.228429270703));
#2283 = CARTESIAN_POINT('',(28.556412630653,64.422239249195,
    85.978430003663));
#2284 = CARTESIAN_POINT('',(29.915478592423,80.258268341708,
    86.728429371598));
#2285 = CARTESIAN_POINT('',(23.063267136318,93.375230530217,
    87.478429777163));
#2286 = CARTESIAN_POINT('',(11.57155431865,100.33084545232,
    88.228429589767));
#2287 = CARTESIAN_POINT('',(-0.376554906401,100.60635675415,
    88.978429647503));
#2288 = CARTESIAN_POINT('',(-19.02268306265,90.983540411051,
    90.478429628808));
#2289 = CARTESIAN_POINT('',(-25.72040010662,81.085368462216,
    91.22842968786));
#2290 = CARTESIAN_POINT('',(-26.70894332906,67.688995128095,
    91.978429494298));
#2291 = CARTESIAN_POINT('',(-19.98760414677,54.504492325857,
    92.728429916827));
#2292 = CARTESIAN_POINT('',(-6.292733476165,46.437437220289,
    93.478429252433));
#2293 = CARTESIAN_POINT('',(10.086972695331,47.471678839693,
    94.228430030329));
#2294 = CARTESIAN_POINT('',(22.658388286689,57.197232219302,
    94.978429345244));
#2295 = CARTESIAN_POINT('',(27.667974454756,71.122444767878,
    95.728429795466));
#2296 = CARTESIAN_POINT('',(25.002261351511,84.288082484818,
    96.478429580749));
#2297 = CARTESIAN_POINT('',(17.112727408776,93.265190849235,
    97.228429650676));
#2298 = CARTESIAN_POINT('',(7.258519882167,96.865713926479,
    97.978429637314));
#2299 = CARTESIAN_POINT('',(-0.437475611858,99.100449532982,
    23.804554222965));
#2300 = CARTESIAN_POINT('',(-11.40020350714,98.883443707807,
    24.554554208284));
#2301 = CARTESIAN_POINT('',(-22.24435140801,92.684967966277,
    25.30455428657));
#2302 = CARTESIAN_POINT('',(-29.34508298349,80.574056870291,
    26.05455404254));
#2303 = CARTESIAN_POINT('',(-29.11592797365,65.108958939949,
    26.804554561643));
#2304 = CARTESIAN_POINT('',(-19.98699153772,51.23067689623,
    27.554553760135));
#2305 = CARTESIAN_POINT('',(-4.145409991922,44.652613930777,
    28.304554684004));
#2306 = CARTESIAN_POINT('',(12.129009084043,47.98239718485,
    29.05455388271));
#2307 = CARTESIAN_POINT('',(23.245381919946,58.736375037306,
    29.804554400392));
#2308 = CARTESIAN_POINT('',(26.811910843814,72.314829309008,
    30.554554159242));
#2309 = CARTESIAN_POINT('',(23.548044939069,84.371521467901,
    31.304554234246));
#2310 = CARTESIAN_POINT('',(8.379025036253,100.20865545419,
    32.804554209835));
#2311 = CARTESIAN_POINT('',(-3.525883311396,103.98884096294,
    33.554554284706));
#2312 = CARTESIAN_POINT('',(-17.24536482383,101.01052206589,
    34.304554044506));
#2313 = CARTESIAN_POINT('',(-28.46820468989,90.367701414897,
    35.054554558771));
#2314 = CARTESIAN_POINT('',(-32.49592820685,74.251819923967,
    35.804553765324));
#2315 = CARTESIAN_POINT('',(-26.60635517744,58.141588777087,
    36.554554676578));
#2316 = CARTESIAN_POINT('',(-13.13418988291,48.423310363602,
    37.304553889955));
#2317 = CARTESIAN_POINT('',(2.306683216691,47.528200090945,
    38.054554395762));
#2318 = CARTESIAN_POINT('',(14.71222101257,54.100656332311,
    38.80455416098));
#2319 = CARTESIAN_POINT('',(21.372061486933,64.667735933768,
    39.554554234081));
#2320 = CARTESIAN_POINT('',(22.750121997345,86.554145574093,
    41.054554209603));
#2321 = CARTESIAN_POINT('',(17.46831982849,97.873121281725,
    41.804554287035));
#2322 = CARTESIAN_POINT('',(5.985147396977,105.94971137099,
    42.554554037474));
#2323 = CARTESIAN_POINT('',(-9.446052845748,106.99843670449,
    43.304554571925));
#2324 = CARTESIAN_POINT('',(-24.03079512807,99.046739664928,
    44.054553748215));
#2325 = CARTESIAN_POINT('',(-31.89457809661,83.802477283429,
    44.804554692641));
#2326 = CARTESIAN_POINT('',(-29.92009862401,67.308672279386,
    45.55455387893));
#2327 = CARTESIAN_POINT('',(-20.12083384728,55.342211039849,
    46.30455440119));
#2328 = CARTESIAN_POINT('',(-6.883278506166,50.666563754311,
    47.054554159204));
#2329 = CARTESIAN_POINT('',(5.401761846575,52.923648155064,
    47.804554234361));
#2330 = CARTESIAN_POINT('',(22.437451725894,66.733038005871,
    49.304554209429));
#2331 = CARTESIAN_POINT('',(27.187825524572,78.285119809037,
    50.054554287548));
#2332 = CARTESIAN_POINT('',(25.352624898036,92.203689967344,
    50.80455403621));
#2333 = CARTESIAN_POINT('',(15.672929649216,104.26707529618,
    51.554554574387));
#2334 = CARTESIAN_POINT('',(-5.530116746407E-02,109.6118810597,
    52.304553744575));
#2335 = CARTESIAN_POINT('',(-16.59686479105,105.07279623008,
    53.054554696512));
#2336 = CARTESIAN_POINT('',(-27.3944729489,92.449174298799,
    53.804553876267));
#2337 = CARTESIAN_POINT('',(-29.56162316106,77.134957218952,
    54.554554402042));
#2338 = CARTESIAN_POINT('',(-24.03605638075,64.229041493791,
    55.304554159564));
#2339 = CARTESIAN_POINT('',(-14.05503398098,56.719325233498,
    56.054554233724));
#2340 = CARTESIAN_POINT('',(7.642823138832,53.538606114707,
    57.554554210903));
#2341 = CARTESIAN_POINT('',(19.359306573639,57.867654650789,
    58.304554279016));
#2342 = CARTESIAN_POINT('',(28.356583871456,68.644646688717,
    59.054554057366));
#2343 = CARTESIAN_POINT('',(30.676025699125,83.936538534407,
    59.804554542254));
#2344 = CARTESIAN_POINT('',(23.955886202802,99.128112430389,
    60.554553775779));
#2345 = CARTESIAN_POINT('',(9.413076756043,108.22389783307,
    61.304554678771));
#2346 = CARTESIAN_POINT('',(-7.187444758048,107.6182098123,
    62.054553879343));
#2347 = CARTESIAN_POINT('',(-19.92225134468,98.840597036162,
    62.804554405739));
#2348 = CARTESIAN_POINT('',(-25.67507757447,86.034366549888,
    63.554554156096));
#2349 = CARTESIAN_POINT('',(-24.44019285494,73.604897285319,
    64.304554235162));
#2350 = CARTESIAN_POINT('',(-12.0847651909,55.487022548983,
    65.804554208816));
#2351 = CARTESIAN_POINT('',(-0.964422364511,49.798910330592,
    66.554554289755));
#2352 = CARTESIAN_POINT('',(13.058158490842,50.478456403986,
    67.304554030926));
#2353 = CARTESIAN_POINT('',(25.879684132588,59.128904119985,
    68.054554583445));
#2354 = CARTESIAN_POINT('',(32.505061692545,74.362044493782,
    68.804553733066));
#2355 = CARTESIAN_POINT('',(29.347471623649,91.22194494522,
    69.554554707464));
#2356 = CARTESIAN_POINT('',(17.658625185656,103.02512423277,
    70.304553868572));
#2357 = CARTESIAN_POINT('',(2.575675761353,106.44951055209,
    71.054554405947));
#2358 = CARTESIAN_POINT('',(-10.74245740375,102.00857845634,
    71.804554158181));
#2359 = CARTESIAN_POINT('',(-19.05075047343,92.681793762162,
    72.554554234048));
#2360 = CARTESIAN_POINT('',(-24.01240066256,71.320707527854,
    74.054554210487));
#2361 = CARTESIAN_POINT('',(-20.66567755627,59.286751829554,
    74.804554280134));
#2362 = CARTESIAN_POINT('',(-10.66848367851,49.430247849063,
    75.554554058096));
#2363 = CARTESIAN_POINT('',(4.379640614737,45.855933660492,
    76.304554532487));
#2364 = CARTESIAN_POINT('',(20.074272301851,51.298610270516,
    77.054553801575));
#2365 = CARTESIAN_POINT('',(30.339926679916,65.040624604103,
    77.804554639805));
#2366 = CARTESIAN_POINT('',(31.107167580066,81.634464285791,
    78.554553917568));
#2367 = CARTESIAN_POINT('',(23.411166805077,95.050624534157,
    79.304554380621));
#2368 = CARTESIAN_POINT('',(11.12374070681,101.84133209687,
    80.054554166802));
#2369 = CARTESIAN_POINT('',(-1.365251587972,101.63708256394,
    80.804554232668));
#2370 = CARTESIAN_POINT('',(-20.44154772686,90.820017189308,
    82.304554211291));
#2371 = CARTESIAN_POINT('',(-27.02854278813,80.207376548268,
    83.054554278961));
#2372 = CARTESIAN_POINT('',(-27.50929326328,66.176573466355,
    83.804554057211));
#2373 = CARTESIAN_POINT('',(-19.94718439844,52.684491486783,
    84.554554540915));
#2374 = CARTESIAN_POINT('',(-5.313192275187,44.823800238487,
    85.304553780998));
#2375 = CARTESIAN_POINT('',(11.749874798594,46.578325945236,
    86.054554669912));
#2376 = CARTESIAN_POINT('',(24.477997527231,57.252550257855,
    86.804553887776));
#2377 = CARTESIAN_POINT('',(29.13622792535,72.001200168709,
    87.554554401324));
#2378 = CARTESIAN_POINT('',(25.810266582121,85.640574424475,
    88.304554156603));
#2379 = CARTESIAN_POINT('',(17.201430991371,94.690690238372,
    89.054554236252));
#2380 = CARTESIAN_POINT('',(6.762232255481,98.045034315636,
    89.804554221032));
#2381 = CARTESIAN_POINT('',(-1.140461496087,91.5,17.062831760371));
#2382 = CARTESIAN_POINT('',(-8.333055202235,90.934284377629,
    17.8128317603));
#2383 = CARTESIAN_POINT('',(-15.21686731716,86.444161712082,
    18.562831760668));
#2384 = CARTESIAN_POINT('',(-19.4135546746,78.214900126744,
    19.312831759757));
#2385 = CARTESIAN_POINT('',(-18.66606268463,68.065352204754,
    20.06283176108));
#2386 = CARTESIAN_POINT('',(-12.13391807907,59.301658617032,
    20.812831760043));
#2387 = CARTESIAN_POINT('',(-1.474306971438,55.592300150619,
    21.562831760071));
#2388 = CARTESIAN_POINT('',(9.087164389923,58.407708639602,
    22.312831761029));
#2389 = CARTESIAN_POINT('',(15.973942497832,65.900664536092,
    23.062831759828));
#2390 = CARTESIAN_POINT('',(17.792507188025,74.957470818235,
    23.8128317606));
#2391 = CARTESIAN_POINT('',(15.183204826112,82.751033173513,
    24.562831760347));
#2392 = CARTESIAN_POINT('',(4.607961472553,92.56826198556,
    26.062831760348));
#2393 = CARTESIAN_POINT('',(-3.357808225978,94.591769816067,
    26.812831760595));
#2394 = CARTESIAN_POINT('',(-12.25461174591,92.105845833488,
    27.562831759838));
#2395 = CARTESIAN_POINT('',(-19.21561429214,84.681796334955,
    28.312831761026));
#2396 = CARTESIAN_POINT('',(-21.23917203313,73.940453192319,
    29.062831760043));
#2397 = CARTESIAN_POINT('',(-16.74867760517,63.585642293345,
    29.812831760118));
#2398 = CARTESIAN_POINT('',(-7.524224318321,57.7221395645,
    30.562831760972));
#2399 = CARTESIAN_POINT('',(2.652810380249,57.730213189836,
    31.312831759865));
#2400 = CARTESIAN_POINT('',(10.547799676574,62.526259656688,
    32.062831760586));
#2401 = CARTESIAN_POINT('',(14.514477443559,69.724421954964,
    32.812831760349));
#2402 = CARTESIAN_POINT('',(14.574829978168,84.153909510302,
    34.312831760345));
#2403 = CARTESIAN_POINT('',(10.668504055519,91.385001307504,
    35.062831760604));
#2404 = CARTESIAN_POINT('',(2.813909258147,96.24692188628,
    35.812831759834));
#2405 = CARTESIAN_POINT('',(-7.362700189689,96.340125982913,
    36.562831760995));
#2406 = CARTESIAN_POINT('',(-16.6358815788,90.553992045278,
    37.312831760132));
#2407 = CARTESIAN_POINT('',(-21.21283438206,80.237105306799,
    38.062831759992));
#2408 = CARTESIAN_POINT('',(-19.2792013539,69.479212135088,
    38.81283176109));
#2409 = CARTESIAN_POINT('',(-12.38054332009,61.997192472243,
    39.562831759792));
#2410 = CARTESIAN_POINT('',(-3.504846507147,59.436933967789,
    40.312831760615));
#2411 = CARTESIAN_POINT('',(4.477571362859,61.393736960685,
    41.062831760345));
#2412 = CARTESIAN_POINT('',(15.134566035136,71.122160167678,
    42.562831760347));
#2413 = CARTESIAN_POINT('',(17.80897061107,78.893622767945,43.3128317606
    ));
#2414 = CARTESIAN_POINT('',(16.066229522618,87.965325182288,
    44.062831759838));
#2415 = CARTESIAN_POINT('',(9.242371965885,95.515625494071,
    44.812831760993));
#2416 = CARTESIAN_POINT('',(-1.295179988477,98.419284892123,
    45.562831760133));
#2417 = CARTESIAN_POINT('',(-11.98544603376,94.799221232691,
    46.312831759988));
#2418 = CARTESIAN_POINT('',(-18.59067125137,86.090478392908,
    47.062831761094));
#2419 = CARTESIAN_POINT('',(-19.42303806314,75.947536685675,
    47.812831759789));
#2420 = CARTESIAN_POINT('',(-15.2953355753,67.683458413058,
    48.562831760617));
#2421 = CARTESIAN_POINT('',(-8.449324304431,63.135909329053,
    49.312831760342));
#2422 = CARTESIAN_POINT('',(5.925895362037,61.884185288762,
    50.812831760353));
#2423 = CARTESIAN_POINT('',(13.454871154551,65.180030313472,
    51.562831760559));
#2424 = CARTESIAN_POINT('',(18.948813102544,72.606303428507,
    52.312831759961));
#2425 = CARTESIAN_POINT('',(19.882076610438,82.740457934599,
    53.062831760745));
#2426 = CARTESIAN_POINT('',(14.881478508255,92.459781771661,
    53.812831760506));
#2427 = CARTESIAN_POINT('',(4.977790918506,97.87306379181,
    54.562831759563));
#2428 = CARTESIAN_POINT('',(-5.903036719437,96.834414834038,
    55.312831761443));
#2429 = CARTESIAN_POINT('',(-13.92918817911,90.577179514139,
    56.062831759592));
#2430 = CARTESIAN_POINT('',(-17.21365132258,81.943222178725,
    56.812831760685));
#2431 = CARTESIAN_POINT('',(-15.92271465215,73.826476799813,
    57.562831760334));
#2432 = CARTESIAN_POINT('',(-7.107566585722,62.402514347646,
    59.062831760351));
#2433 = CARTESIAN_POINT('',(0.416501946709,59.095481922254,
    59.812831760595));
#2434 = CARTESIAN_POINT('',(9.601134326352,60.083135423508,
    60.562831759848));
#2435 = CARTESIAN_POINT('',(17.689156205694,66.260187181313,
    61.312831760968));
#2436 = CARTESIAN_POINT('',(21.453082306338,76.521965769579,
    62.062831760177));
#2437 = CARTESIAN_POINT('',(18.728178141964,87.474661617206,
    62.812831759932));
#2438 = CARTESIAN_POINT('',(10.594635274472,94.776488928617,
    63.562831761144));
#2439 = CARTESIAN_POINT('',(0.555073146597,96.443610272701,
    64.312831759758));
#2440 = CARTESIAN_POINT('',(-8.021642071525,93.012448155682,
    65.062831760629));
#2441 = CARTESIAN_POINT('',(-13.118998102,86.565353111488,65.81283176034
    ));
#2442 = CARTESIAN_POINT('',(-15.55354310015,72.342598659964,
    67.312831760354));
#2443 = CARTESIAN_POINT('',(-12.89069295264,64.567169411665,
    68.062831760584));
#2444 = CARTESIAN_POINT('',(-5.943470451941,58.47873529448,
    68.812831759811));
#2445 = CARTESIAN_POINT('',(4.079002491207,56.711787480923,
    69.562831761181));
#2446 = CARTESIAN_POINT('',(14.178076009179,60.892690667885,
    70.312831759697));
#2447 = CARTESIAN_POINT('',(20.390709004718,70.315526760203,
    71.062831760592));
#2448 = CARTESIAN_POINT('',(20.254139134993,81.244961911836,
    71.812831760538));
#2449 = CARTESIAN_POINT('',(14.681069822676,89.760418309607,
    72.562831760132));
#2450 = CARTESIAN_POINT('',(6.34783062052,93.746649937736,
    73.312831760485));
#2451 = CARTESIAN_POINT('',(-1.847796653557,93.130397974406,
    74.062831760364));
#2452 = CARTESIAN_POINT('',(-13.96068964326,85.288741456264,
    75.562831760343));
#2453 = CARTESIAN_POINT('',(-17.87775952175,78.063463988318,
    76.312831760581));
#2454 = CARTESIAN_POINT('',(-17.65194031293,68.82864205389,
    77.062831759906));
#2455 = CARTESIAN_POINT('',(-12.16388982772,60.258147887777,
    77.812831760864));
#2456 = CARTESIAN_POINT('',(-2.247983024913,55.659666664042,
    78.562831760311));
#2457 = CARTESIAN_POINT('',(8.892324665829,57.470797330608,
    79.31283175979));
#2458 = CARTESIAN_POINT('',(16.84087514854,64.97357998186,
    80.062831761274));
#2459 = CARTESIAN_POINT('',(19.33136291312,74.841182093426,
    80.812831759652));
#2460 = CARTESIAN_POINT('',(16.620179477152,83.67194660662,
    81.562831760706));
#2461 = CARTESIAN_POINT('',(10.616040858601,89.284289476135,
    82.312831760292));
#2462 = CARTESIAN_POINT('',(3.629474156055,91.084657244429,
    83.062831760372));
#2463 = CARTESIAN_POINT('',(-0.437475611858,83.899550467018,
    23.804554222965));
#2464 = CARTESIAN_POINT('',(-3.859935129798,83.682544641853,
    24.554554237593));
#2465 = CARTESIAN_POINT('',(-7.163936889907,81.598183177073,
    25.304554159578));
#2466 = CARTESIAN_POINT('',(-9.217803669748,77.717369531636,
    26.054554402945));
#2467 = CARTESIAN_POINT('',(-8.935726418543,72.888265656845,
    26.804553884776));
#2468 = CARTESIAN_POINT('',(-5.894418204883,68.676100851241,
    27.554554685624));
#2469 = CARTESIAN_POINT('',(-0.855034672039,66.836321248356,
    28.304553761604));
#2470 = CARTESIAN_POINT('',(4.184752418338,68.098235070724,
    29.054554563797));
#2471 = CARTESIAN_POINT('',(7.511813373481,71.609713994039,
    29.804554045079));
#2472 = CARTESIAN_POINT('',(8.44141133584,75.900975826397,
    30.554554286879));
#2473 = CARTESIAN_POINT('',(7.257495215834,79.623788395841,
    31.304554211662));
#2474 = CARTESIAN_POINT('',(2.302244946593,84.36581090688,
    32.804554236079));
#2475 = CARTESIAN_POINT('',(-1.469009127444,85.384944392361,
    33.554554161384));
#2476 = CARTESIAN_POINT('',(-5.715262638291,84.267619728238,
    34.304554401043));
#2477 = CARTESIAN_POINT('',(-9.07710410466,80.789425686997,
    35.054553887613));
#2478 = CARTESIAN_POINT('',(-10.1162724563,75.699040915444,
    35.804554680409));
#2479 = CARTESIAN_POINT('',(-8.056760708591,70.745397134013,
    36.554553769112));
#2480 = CARTESIAN_POINT('',(-3.714985607044,67.892176244475,
    37.304554556463));
#2481 = CARTESIAN_POINT('',(1.121850464978,67.822637910578,
    38.054554049765));
#2482 = CARTESIAN_POINT('',(4.908633974247,70.045103021046,
    38.804554285121));
#2483 = CARTESIAN_POINT('',(6.845751625136,73.437530766428,
    39.554554211829));
#2484 = CARTESIAN_POINT('',(6.978471281241,80.294911331873,
    41.05455423631));
#2485 = CARTESIAN_POINT('',(5.174071269869,83.759753456148,
    41.80455415904));
#2486 = CARTESIAN_POINT('',(1.476119541999,86.127080290367,
    42.554554408142));
#2487 = CARTESIAN_POINT('',(-3.359784241188,86.244750713701,
    43.304553874297));
#2488 = CARTESIAN_POINT('',(-7.808711622448,83.561667921125,
    44.054554697771));
#2489 = CARTESIAN_POINT('',(-10.0583564269,78.691424234606,
    44.804553752776));
#2490 = CARTESIAN_POINT('',(-9.216935007197,73.564642553925,
    45.554554567698));
#2491 = CARTESIAN_POINT('',(-5.99219607743,69.958969567953,
    46.304554044224));
#2492 = CARTESIAN_POINT('',(-1.792356671872,68.6781770606,
    47.054554286936));
#2493 = CARTESIAN_POINT('',(2.015507623573,69.550622081363,
    47.804554211543));
#2494 = CARTESIAN_POINT('',(7.150535047232,74.097354543732,
    49.304554236489));
#2495 = CARTESIAN_POINT('',(8.477615369528,77.771568495578,
    50.054554158515));
#2496 = CARTESIAN_POINT('',(7.714759767123,82.095586842032,
    50.804554409428));
#2497 = CARTESIAN_POINT('',(4.526064197716,85.7331728922,51.55455387181)
  );
#2498 = CARTESIAN_POINT('',(-0.461120497174,87.189152616314,
    52.304554701424));
#2499 = CARTESIAN_POINT('',(-5.567918195885,85.545743787262,
    53.05455374891));
#2500 = CARTESIAN_POINT('',(-8.769934842215,81.454415179013,
    53.80455457034));
#2501 = CARTESIAN_POINT('',(-9.238658421401,76.639841774375,
    54.554554043397));
#2502 = CARTESIAN_POINT('',(-7.336494260541,72.682462340518,
    55.304554286559));
#2503 = CARTESIAN_POINT('',(-4.115619283473,70.471816465195,
    56.054554212186));
#2504 = CARTESIAN_POINT('',(2.707379948389,69.773272114298,
    57.554554235007));
#2505 = CARTESIAN_POINT('',(6.309394051831,71.285384795327,
    58.304554167092));
#2506 = CARTESIAN_POINT('',(8.974009699306,74.775213826923,
    59.05455438817));
#2507 = CARTESIAN_POINT('',(9.490623983469,79.584883428758,
    59.804553904054));
#2508 = CARTESIAN_POINT('',(7.184094798637,84.24018265382,
    60.554554670234));
#2509 = CARTESIAN_POINT('',(2.516259647019,86.884325345303,
    61.304553766444));
#2510 = CARTESIAN_POINT('',(-2.662495492858,86.469144066888,
    62.054554567559));
#2511 = CARTESIAN_POINT('',(-6.522150116852,83.553173373776,
    62.804554039477));
#2512 = CARTESIAN_POINT('',(-8.145388052708,79.473445557676,
    63.554554290127));
#2513 = CARTESIAN_POINT('',(-7.590373816908,75.606541109165,
    64.304554210727));
#2514 = CARTESIAN_POINT('',(-3.483217954151,70.113586217403,
    65.804554237112));
#2515 = CARTESIAN_POINT('',(6.885726865534E-02,68.487624362837,
    66.554554156278));
#2516 = CARTESIAN_POINT('',(4.441103019923,68.890799824482,
    67.304554414788));
#2517 = CARTESIAN_POINT('',(8.329585255742,71.768214902059,
    68.054553862616));
#2518 = CARTESIAN_POINT('',(10.192430528788,76.618131985849,
    68.804554713116));
#2519 = CARTESIAN_POINT('',(8.976350774466,81.843199001715,
    69.554553737781));
#2520 = CARTESIAN_POINT('',(5.16341657574,85.372138379487,70.30455457816
    ));
#2521 = CARTESIAN_POINT('',(0.403994260807,86.236845349226,
    71.05455403943));
#2522 = CARTESIAN_POINT('',(-3.696948184581,84.667975847064,
    71.804554287963));
#2523 = CARTESIAN_POINT('',(-6.166021331824,81.640655480478,
    72.554554211859));
#2524 = CARTESIAN_POINT('',(-7.425618609924,74.898645585432,
    74.054554235426));
#2525 = CARTESIAN_POINT('',(-6.216122528296,71.184064910601,
    74.804554165994));
#2526 = CARTESIAN_POINT('',(-2.958255247348,68.240362481985,
    75.554554387279));
#2527 = CARTESIAN_POINT('',(1.792325227596,67.328333319778,
    76.304553914338));
#2528 = CARTESIAN_POINT('',(6.622195904519,69.242552997417,
    77.054554643422));
#2529 = CARTESIAN_POINT('',(9.642774301292,73.676093519006,
    77.804553806742));
#2530 = CARTESIAN_POINT('',(9.656669261172,78.871446018848,
    78.554554528142));
#2531 = CARTESIAN_POINT('',(7.069385860881,82.958716888617,
    79.304554065315));
#2532 = CARTESIAN_POINT('',(3.137638297179,84.913311912258,
    80.054554279146));
#2533 = CARTESIAN_POINT('',(-0.761891419621,84.679519764112,
    80.80455421327));
#2534 = CARTESIAN_POINT('',(-6.575251330313,81.039996542786,
    82.304554234604));
#2535 = CARTESIAN_POINT('',(-8.488987742801,77.634324317462,
    83.054554167186));
#2536 = CARTESIAN_POINT('',(-8.448246535706,73.243718053377,
    83.804554388229));
#2537 = CARTESIAN_POINT('',(-5.901767582825,69.13090187022,
    84.554553905594));
#2538 = CARTESIAN_POINT('',(-1.222247999561,66.8739162222,
    85.304554664684));
#2539 = CARTESIAN_POINT('',(4.085395862618,67.65435979288,
    86.054553775694));
#2540 = CARTESIAN_POINT('',(7.91715171438,71.162853411377,
    86.804554558814));
#2541 = CARTESIAN_POINT('',(9.17193526005,75.834612939075,
    87.554554044041));
#2542 = CARTESIAN_POINT('',(7.947077382701,80.051104804742,
    88.304554289598));
#2543 = CARTESIAN_POINT('',(5.133991295161,82.761738951916,
    89.054554209612));
#2544 = CARTESIAN_POINT('',(1.826508397712,83.667761889564,
    89.804554224898));
#2545 = CARTESIAN_POINT('',(0.414846486656,84.853827697716,
    31.978429639004));
#2546 = CARTESIAN_POINT('',(-3.480973613657,85.059608549767,
    32.728429651844));
#2547 = CARTESIAN_POINT('',(-7.489008755845,83.139752245132,
    33.478429583374));
#2548 = CARTESIAN_POINT('',(-10.32117170544,79.025252662856,
    34.228429796807));
#2549 = CARTESIAN_POINT('',(-10.63878248397,73.531412562353,
    34.978429342792));
#2550 = CARTESIAN_POINT('',(-7.757290883141,68.371095718162,
    35.728430043799));
#2551 = CARTESIAN_POINT('',(-2.305448719951,65.628172058968,
    36.478429235777));
#2552 = CARTESIAN_POINT('',(3.555569435647,66.389971180874,
    37.228429936589));
#2553 = CARTESIAN_POINT('',(7.777715620817,69.919366298641,
    37.978429483829));
#2554 = CARTESIAN_POINT('',(9.393591737389,74.645802705962,
    38.728429694735));
#2555 = CARTESIAN_POINT('',(8.546385976569,79.008420709479,
    39.478429629137));
#2556 = CARTESIAN_POINT('',(3.572047440205,85.019659864826,
    40.978429650489));
#2557 = CARTESIAN_POINT('',(-0.555005086875,86.668183859356,
    41.728429584994));
#2558 = CARTESIAN_POINT('',(-5.500312585514,85.965199116175,
    42.478429795112));
#2559 = CARTESIAN_POINT('',(-9.757374033332,82.477996302238,
    43.228429345275));
#2560 = CARTESIAN_POINT('',(-11.60236136691,76.863026532625,
    43.978430039271));
#2561 = CARTESIAN_POINT('',(-9.927963652711,70.994244246474,
    44.728429242292));
#2562 = CARTESIAN_POINT('',(-5.397930243442,67.198105557638,
    45.478429930221));
#2563 = CARTESIAN_POINT('',(5.831194485079E-02,66.482165925429,
    46.2284294879));
#2564 = CARTESIAN_POINT('',(4.630067334564,68.494455508638,
    46.978429693208));
#2565 = CARTESIAN_POINT('',(7.265952864669,72.072485821796,
    47.728429629281));
#2566 = CARTESIAN_POINT('',(8.319537422364,79.803527125297,
    49.228429650696));
#2567 = CARTESIAN_POINT('',(6.737219319459,83.956413272361,
    49.978429582921));
#2568 = CARTESIAN_POINT('',(2.8706510047,87.118675631421,50.728429801375
    ));
#2569 = CARTESIAN_POINT('',(-2.578196764084,87.888879329369,
    51.47842933355));
#2570 = CARTESIAN_POINT('',(-7.958840188727,85.443365068474,
    52.228430054529));
#2571 = CARTESIAN_POINT('',(-11.14260494208,80.236652552719,
    52.978429227965));
#2572 = CARTESIAN_POINT('',(-10.86740678552,74.332743871644,
    53.728429940053));
#2573 = CARTESIAN_POINT('',(-7.698728413501,69.833563317906,
    54.478429483062));
#2574 = CARTESIAN_POINT('',(-3.121873173922,67.832900212505,
    55.228429694791));
#2575 = CARTESIAN_POINT('',(1.295805974377,68.316950196956,
    55.978429629031));
#2576 = CARTESIAN_POINT('',(7.697291320973,72.777894650056,
    57.478429650852));
#2577 = CARTESIAN_POINT('',(9.680994065948,76.754717169485,
    58.228429582459));
#2578 = CARTESIAN_POINT('',(9.388790630561,81.74118595034,
    58.978429802507));
#2579 = CARTESIAN_POINT('',(6.265043726786,86.271678312584,
    59.728429331367));
#2580 = CARTESIAN_POINT('',(0.821609775627,88.574044589574,
    60.478430057725));
#2581 = CARTESIAN_POINT('',(-5.16539831288,87.390006012556,
    61.228429224596));
#2582 = CARTESIAN_POINT('',(-9.322658457355,83.18892759549,
    61.978429942342));
#2583 = CARTESIAN_POINT('',(-10.48672570045,77.810443076866,
    62.72842948236));
#2584 = CARTESIAN_POINT('',(-8.85884167484,73.088128989045,
    63.478429694447));
#2585 = CARTESIAN_POINT('',(-5.510701850921,70.165774943623,
    64.2284296296));
#2586 = CARTESIAN_POINT('',(2.106929704064,68.477364581507,
    65.728429649544));
#2587 = CARTESIAN_POINT('',(6.376298431137,69.711335641391,
    66.478429590039));
#2588 = CARTESIAN_POINT('',(9.847058745754,73.303560123238,67.2284297837
    ));
#2589 = CARTESIAN_POINT('',(11.064594084248,78.670194371258,
    67.978429359935));
#2590 = CARTESIAN_POINT('',(9.071762510296,84.234409170308,
    68.728430030006));
#2591 = CARTESIAN_POINT('',(4.14574676861,87.837266635512,
    69.478429240306));
#2592 = CARTESIAN_POINT('',(-1.760722761177,88.05054935225,
    70.228429939682));
#2593 = CARTESIAN_POINT('',(-6.506203710634,85.264233002502,
    70.978429479022));
#2594 = CARTESIAN_POINT('',(-8.877987252422,80.868223494213,
    71.72842969755));
#2595 = CARTESIAN_POINT('',(-8.760399594548,76.425660429609,
    72.478429628321));
#2596 = CARTESIAN_POINT('',(-4.843321999097,69.67765752755,
    73.978429651398));
#2597 = CARTESIAN_POINT('',(-1.043895217625,67.372326732942,
    74.728429580487));
#2598 = CARTESIAN_POINT('',(3.949672208676,67.251752816311,
    75.478429807235));
#2599 = CARTESIAN_POINT('',(8.722647625076,69.990705448128,
    76.228429323258));
#2600 = CARTESIAN_POINT('',(11.466665355676,75.225419411203,
    76.978430068024));
#2601 = CARTESIAN_POINT('',(10.781074091793,81.289755962753,
    77.728429214807));
#2602 = CARTESIAN_POINT('',(6.937648299631,85.779739262617,
    78.478429949206));
#2603 = CARTESIAN_POINT('',(1.67366194928,87.383982356245,
    79.228429478886));
#2604 = CARTESIAN_POINT('',(-3.166952641685,86.151623987026,
    79.978429695673));
#2605 = CARTESIAN_POINT('',(-6.355812560806,83.056245842106,
    80.728429629315));
#2606 = CARTESIAN_POINT('',(-8.667515173732,75.60406018373,
    82.228429649911));
#2607 = CARTESIAN_POINT('',(-7.790320424782,71.24737299296,
    82.978429589064));
#2608 = CARTESIAN_POINT('',(-4.496978327547,67.491823535543,
    83.728429782989));
#2609 = CARTESIAN_POINT('',(0.75078287315,65.835273564554,
    84.478429368756));
#2610 = CARTESIAN_POINT('',(6.460559787695,67.361809367169,
    85.228430006854));
#2611 = CARTESIAN_POINT('',(10.457898815388,71.973478695011,
    85.978429275195));
#2612 = CARTESIAN_POINT('',(11.158205462904,77.84216184738,
    86.72842990551));
#2613 = CARTESIAN_POINT('',(8.773284496478,82.801526787195,
    87.478429501446));
#2614 = CARTESIAN_POINT('',(4.588149928191,85.528229055057,
    88.228429688005));
#2615 = CARTESIAN_POINT('',(0.151050154563,85.777906975563,
    88.978429630541));
#2616 = CARTESIAN_POINT('',(-6.897374599497,82.431453846353,
    90.478429649194));
#2617 = CARTESIAN_POINT('',(-9.50858569956,78.835376748635,
    91.228429590119));
#2618 = CARTESIAN_POINT('',(-10.04111331933,73.868821782644,
    91.978429783756));
#2619 = CARTESIAN_POINT('',(-7.705664794505,68.885967617302,
    92.728429361273));
#2620 = CARTESIAN_POINT('',(-2.715429210578,65.719042798625,
    93.478430025167));
#2621 = CARTESIAN_POINT('',(3.384810225263,65.901503522096,
    94.228429248386));
#2622 = CARTESIAN_POINT('',(8.176845548168,69.361022154891,
    94.978429932027));
#2623 = CARTESIAN_POINT('',(10.210305882526,74.474551990892,
    95.728429483044));
#2624 = CARTESIAN_POINT('',(9.381891428328,79.400400774685,
    96.478429697045));
#2625 = CARTESIAN_POINT('',(6.560419532724,82.83398341982,
    97.228429627381));
#2626 = CARTESIAN_POINT('',(2.942502644913,84.293585216736,
    97.978429640694));
#2627 = CARTESIAN_POINT('',(0.414846486656,91.5,31.978429639004));
#2628 = CARTESIAN_POINT('',(-6.777747220525,91.705780852046,
    32.728429639031));
#2629 = CARTESIAN_POINT('',(-14.08250252501,87.987141973044,
    33.478429638893));
#2630 = CARTESIAN_POINT('',(-19.12126739154,80.274260118539,
    34.228429639241));
#2631 = CARTESIAN_POINT('',(-19.46201695505,70.130126058936,
    34.978429638714));
#2632 = CARTESIAN_POINT('',(-13.91887844095,60.743567044489,
    35.728429639181));
#2633 = CARTESIAN_POINT('',(-3.744074239427,55.928960157328,
    36.478429639044));
#2634 = CARTESIAN_POINT('',(7.028975737786,57.594877942373,
    37.228429638824));
#2635 = CARTESIAN_POINT('',(14.656782907286,64.290855219071,
    37.978429639167));
#2636 = CARTESIAN_POINT('',(17.425584087261,73.077859418374,
    38.728429638935));
#2637 = CARTESIAN_POINT('',(15.668977863384,81.084235561301,
    39.47842963901));
#2638 = CARTESIAN_POINT('',(6.22895130778,91.946505057525,
    40.978429639016));
#2639 = CARTESIAN_POINT('',(-1.454316382303,94.802222613604,
    41.728429638907));
#2640 = CARTESIAN_POINT('',(-10.54153057238,93.285569660936,
    42.478429639239));
#2641 = CARTESIAN_POINT('',(-18.23559595042,86.665832203929,
    43.228429638698));
#2642 = CARTESIAN_POINT('',(-21.38724629631,76.230269218266,
    43.978429639205));
#2643 = CARTESIAN_POINT('',(-18.03826031626,65.483577960114,
    44.728429639027));
#2644 = CARTESIAN_POINT('',(-9.516216556379,58.68588291786,
    45.478429638831));
#2645 = CARTESIAN_POINT('',(0.576347265198,57.608984810156,
    46.228429639166));
#2646 = CARTESIAN_POINT('',(8.916414369329,61.52318759231,
    46.978429638936));
#2647 = CARTESIAN_POINT('',(13.61717971243,68.238135809957,
    47.728429639009));
#2648 = CARTESIAN_POINT('',(15.215255083261,82.540204020105,
    49.22842963902));
#2649 = CARTESIAN_POINT('',(12.112539153709,90.127092646473,
    49.978429638883));
#2650 = CARTESIAN_POINT('',(4.84209860855,95.785572311331,50.72842963931
    ));
#2651 = CARTESIAN_POINT('',(-5.239249222123,96.962853993882,
    51.478429638569));
#2652 = CARTESIAN_POINT('',(-15.05149711728,92.213784007238,
    52.228429639362));
#2653 = CARTESIAN_POINT('',(-20.6898883638,82.47131900641,
    52.978429638894));
#2654 = CARTESIAN_POINT('',(-19.91929194064,71.597494056344,
    53.728429638909));
#2655 = CARTESIAN_POINT('',(-13.87608414802,63.442790294738,
    54.478429639135));
#2656 = CARTESIAN_POINT('',(-5.347737811359,59.957820919087,
    55.228429638943));
#2657 = CARTESIAN_POINT('',(2.776351889967,61.047266140755,
    55.978429639008));
#2658 = CARTESIAN_POINT('',(14.381072443139,69.55805111404,
    57.478429639021));
#2659 = CARTESIAN_POINT('',(17.86151549187,76.97925326439,
    58.228429638875));
#2660 = CARTESIAN_POINT('',(17.100458880954,86.160674214065,
    58.978429639327));
#2661 = CARTESIAN_POINT('',(11.13870206105,94.375114055166,
    59.728429638551));
#2662 = CARTESIAN_POINT('',(0.999043043031,98.377761861524,
    60.478429639366));
#2663 = CARTESIAN_POINT('',(-9.98749989161,95.927669115736,
    61.228429638912));
#2664 = CARTESIAN_POINT('',(-17.46572215184,87.996081647049,
    61.978429638875));
#2665 = CARTESIAN_POINT('',(-19.37237942178,78.026918598469,
    62.728429639169));
#2666 = CARTESIAN_POINT('',(-16.16026290933,69.392104744213,
    63.478429638921));
#2667 = CARTESIAN_POINT('',(-9.856435769476,64.152878869853,
    64.228429639018));
#2668 = CARTESIAN_POINT('',(4.264815608672,61.379206305796,
    65.728429639005));
#2669 = CARTESIAN_POINT('',(12.082011413855,63.844804585619,
    66.478429638975));
#2670 = CARTESIAN_POINT('',(18.321552724756,70.6231393577,
    67.228429639064));
#2671 = CARTESIAN_POINT('',(20.327324498039,80.572835097096,
    67.978429638973));
#2672 = CARTESIAN_POINT('',(16.404763999642,90.743744314897,
    68.728429638928));
#2673 = CARTESIAN_POINT('',(7.161189121393,97.167403951421,
    69.478429639198));
#2674 = CARTESIAN_POINT('',(-3.739131560885,97.297392868967,
    70.228429638777));
#2675 = CARTESIAN_POINT('',(-12.3650270106,91.948235789266,
    70.978429639161));
#2676 = CARTESIAN_POINT('',(-16.5423587124,83.736804568706,
    71.728429638948));
#2677 = CARTESIAN_POINT('',(-16.12751650672,75.550497080168,
    72.478429639004));
#2678 = CARTESIAN_POINT('',(-8.604110407309,63.282597478221,
    73.978429639026));
#2679 = CARTESIAN_POINT('',(-1.495668132416,59.201203891626,
    74.728429638846));
#2680 = CARTESIAN_POINT('',(7.717241162956,59.20146537408,
    75.478429639402));
#2681 = CARTESIAN_POINT('',(16.39594251056,64.464516709199,
    76.228429638422));
#2682 = CARTESIAN_POINT('',(21.222245639983,74.23900761174,
    76.978429639523));
#2683 = CARTESIAN_POINT('',(19.687782738878,85.390352989888,
    77.728429638775));
#2684 = CARTESIAN_POINT('',(12.400832353031,93.498018630288,
    78.478429638957));
#2685 = CARTESIAN_POINT('',(2.623169565616,96.221410658581,
    79.228429639136));
#2686 = CARTESIAN_POINT('',(-6.24740650331,93.733322429114,
    79.97842963893));
#2687 = CARTESIAN_POINT('',(-11.98930368338,87.883677898261,
    80.728429639016));
#2688 = CARTESIAN_POINT('',(-15.91962644582,74.039705817955,
    82.228429639008));
#2689 = CARTESIAN_POINT('',(-14.1079883463,66.045602207712,
    82.978429638962));
#2690 = CARTESIAN_POINT('',(-7.86806226285,59.267621642373,
    83.72842963908));
#2691 = CARTESIAN_POINT('',(1.882014900184,56.447061245028,
    84.478429638993));
#2692 = CARTESIAN_POINT('',(12.342107791697,59.516317161217,
    85.22842963882));
#2693 = CARTESIAN_POINT('',(19.507155723001,68.197858972104,
    85.978429639388));
#2694 = CARTESIAN_POINT('',(20.536842027678,79.050215094546,
    86.728429638585));
#2695 = CARTESIAN_POINT('',(15.918275816391,88.088378658704,
    87.478429639287));
#2696 = CARTESIAN_POINT('',(8.079852123423,92.92953725369,
    88.228429638893));
#2697 = CARTESIAN_POINT('',(-0.112752375919,93.192131864857,
    88.978429639021));
#2698 = CARTESIAN_POINT('',(-12.96002883107,86.707497128702,
    90.478429639001));
#2699 = CARTESIAN_POINT('',(-17.61449290309,79.960372605428,
    91.228429638991));
#2700 = CARTESIAN_POINT('',(-18.3750283242,70.778908455362,
    91.97842963902));
#2701 = CARTESIAN_POINT('',(-13.84663447064,61.695229971592,
    92.728429639063));
#2702 = CARTESIAN_POINT('',(-4.504081343373,56.07824000944,
    93.478429638783));
#2703 = CARTESIAN_POINT('',(6.735891460298,56.686591180912,
    94.228429639375));
#2704 = CARTESIAN_POINT('',(15.417616917427,63.279127187083,
    94.978429638621));
#2705 = CARTESIAN_POINT('',(18.939140168642,72.798498379393,
    95.728429639264));
#2706 = CARTESIAN_POINT('',(17.192076389919,81.844241629748,
    96.478429638893));
#2707 = CARTESIAN_POINT('',(11.83657347075,88.049587134529,
    97.22842963903));
#2708 = CARTESIAN_POINT('',(5.10051126354,90.579649571607,
    97.978429639004));
#2709 = DEFINITIONAL_REPRESENTATION('',(#2710),#2713);
#2710 = B_SPLINE_CURVE_WITH_KNOTS('',1,(#2711,#2712),.UNSPECIFIED.,.F.,
  .F.,(2,2),(0.,79.129403263079),.PIECEWISE_BEZIER_KNOTS.);
#2711 = CARTESIAN_POINT('',(6.28318530718,0.));
#2712 = CARTESIAN_POINT('',(6.28318530718,79.129403263079));
#2713 = ( GEOMETRIC_REPRESENTATION_CONTEXT(2) 
PARAMETRIC_REPRESENTATION_CONTEXT() REPRESENTATION_CONTEXT('2D SPACE',''
  ) );
#2714 = PCURVE('',#2134,#2715);
#2715 = DEFINITIONAL_REPRESENTATION('',(#2716),#2720);
#2716 = LINE('',#2717,#2718);
#2717 = CARTESIAN_POINT('',(0.,0.));
#2718 = VECTOR('',#2719,1.);
#2719 = DIRECTION('',(0.,1.));
#2720 = ( GEOMETRIC_REPRESENTATION_CONTEXT(2) 
PARAMETRIC_REPRESENTATION_CONTEXT() REPRESENTATION_CONTEXT('2D SPACE',''
  ) );
#2721 = ORIENTED_EDGE('',*,*,#2722,.F.);
#2722 = EDGE_CURVE('',#2047,#2047,#2723,.T.);
#2723 = SURFACE_CURVE('',#2724,(#2732,#2739),.PCURVE_S1.);
#2724 = ( BOUNDED_CURVE() B_SPLINE_CURVE(6,(#2725,#2726,#2727,#2728,
#2729,#2730,#2731),.UNSPECIFIED.,.T.,.F.) B_SPLINE_CURVE_WITH_KNOTS((1,6
    ,6,1),(-6.28318530718,0.,6.28318530718,12.566370614359),
.UNSPECIFIED.) CURVE() GEOMETRIC_REPRESENTATION_ITEM() 
RATIONAL_B_SPLINE_CURVE((1.669078461068,1.03672962321,1.038346699848,
    0.853534330196,1.038346699848,1.03672962321,1.669078461068)) 
REPRESENTATION_ITEM('') );
#2725 = CARTESIAN_POINT('',(5.10051126354,90.579649571607,
    97.978429639004));
#2726 = CARTESIAN_POINT('',(7.258519882167,96.865713926479,
    97.978429637314));
#2727 = CARTESIAN_POINT('',(6.762232255481,98.045034315636,
    89.804554221032));
#2728 = CARTESIAN_POINT('',(3.629474156055,91.084657244429,
    83.062831760372));
#2729 = CARTESIAN_POINT('',(1.826508397712,83.667761889564,
    89.804554224898));
#2730 = CARTESIAN_POINT('',(2.942502644913,84.293585216736,
    97.978429640694));
#2731 = CARTESIAN_POINT('',(5.10051126354,90.579649571607,
    97.978429639004));
#2732 = PCURVE('',#2134,#2733);
#2733 = DEFINITIONAL_REPRESENTATION('',(#2734),#2738);
#2734 = LINE('',#2735,#2736);
#2735 = CARTESIAN_POINT('',(0.,79.129403263079));
#2736 = VECTOR('',#2737,1.);
#2737 = DIRECTION('',(1.,0.));
#2738 = ( GEOMETRIC_REPRESENTATION_CONTEXT(2) 
PARAMETRIC_REPRESENTATION_CONTEXT() REPRESENTATION_CONTEXT('2D SPACE',''
  ) );
#2739 = PCURVE('',#2740,#2745);
#2740 = PLANE('',#2741);
#2741 = AXIS2_PLACEMENT_3D('',#2742,#2743,#2744);
#2742 = CARTESIAN_POINT('',(4.708204463828,90.714328664981,
    94.000630275693));
#2743 = DIRECTION('',(-0.940716836866,0.322948498013,0.103711621664));
#2744 = DIRECTION('',(0.324699469205,0.945817241701,0.));
#2745 = DEFINITIONAL_REPRESENTATION('',(#2746),#2754);
#2746 = ( BOUNDED_CURVE() B_SPLINE_CURVE(6,(#2747,#2748,#2749,#2750,
#2751,#2752,#2753),.UNSPECIFIED.,.T.,.F.) B_SPLINE_CURVE_WITH_KNOTS((1,6
    ,6,1),(-6.28318530718,0.,6.28318530718,12.566370614359),
.UNSPECIFIED.) CURVE() GEOMETRIC_REPRESENTATION_ITEM() 
RATIONAL_B_SPLINE_CURVE((1.669078461068,1.03672962321,1.038346699848,
    0.853534330196,1.038346699848,1.03672962321,1.669078461068)) 
REPRESENTATION_ITEM('') );
#2747 = CARTESIAN_POINT('',(1.02258290724E-09,-3.999366307061));
#2748 = CARTESIAN_POINT('',(6.646172303307,-3.999366305361));
#2749 = CARTESIAN_POINT('',(7.600449531904,4.218826457075));
#2750 = CARTESIAN_POINT('',(-2.811873400788E-09,10.997101376973));
#2751 = CARTESIAN_POINT('',(-7.600449534061,4.218826453189));
#2752 = CARTESIAN_POINT('',(-6.646172301262,-3.99936630876));
#2753 = CARTESIAN_POINT('',(1.02258290724E-09,-3.999366307061));
#2754 = ( GEOMETRIC_REPRESENTATION_CONTEXT(2) 
PARAMETRIC_REPRESENTATION_CONTEXT() REPRESENTATION_CONTEXT('2D SPACE',''
  ) );
#2755 = ORIENTED_EDGE('',*,*,#2044,.F.);
#2756 = ORIENTED_EDGE('',*,*,#2757,.T.);
#2757 = EDGE_CURVE('',#2045,#2045,#2758,.T.);
#2758 = SURFACE_CURVE('',#2759,(#2767,#2774),.PCURVE_S1.);
#2759 = ( BOUNDED_CURVE() B_SPLINE_CURVE(6,(#2760,#2761,#2762,#2763,
#2764,#2765,#2766),.UNSPECIFIED.,.T.,.F.) B_SPLINE_CURVE_WITH_KNOTS((1,6
    ,6,1),(-6.28318530718,0.,6.28318530718,12.566370614359),
.UNSPECIFIED.) CURVE() GEOMETRIC_REPRESENTATION_ITEM() 
RATIONAL_B_SPLINE_CURVE((1.669078461068,1.03672962321,1.038346699848,
    0.853534330196,1.038346699848,1.03672962321,1.669078461068)) 
REPRESENTATION_ITEM('') );
#2760 = CARTESIAN_POINT('',(0.414846486656,91.5,31.978429639004));
#2761 = CARTESIAN_POINT('',(0.414846486656,98.146172302284,
    31.978429639004));
#2762 = CARTESIAN_POINT('',(-0.437475611858,99.100449532982,
    23.804554222965));
#2763 = CARTESIAN_POINT('',(-1.140461496087,91.5,17.062831760371));
#2764 = CARTESIAN_POINT('',(-0.437475611858,83.899550467018,
    23.804554222965));
#2765 = CARTESIAN_POINT('',(0.414846486656,84.853827697716,
    31.978429639004));
#2766 = CARTESIAN_POINT('',(0.414846486656,91.5,31.978429639004));
#2767 = PCURVE('',#2134,#2768);
#2768 = DEFINITIONAL_REPRESENTATION('',(#2769),#2773);
#2769 = LINE('',#2770,#2771);
#2770 = CARTESIAN_POINT('',(0.,0.));
#2771 = VECTOR('',#2772,1.);
#2772 = DIRECTION('',(1.,0.));
#2773 = ( GEOMETRIC_REPRESENTATION_CONTEXT(2) 
PARAMETRIC_REPRESENTATION_CONTEXT() REPRESENTATION_CONTEXT('2D SPACE',''
  ) );
#2774 = PCURVE('',#2775,#2780);
#2775 = PLANE('',#2776);
#2776 = AXIS2_PLACEMENT_3D('',#2777,#2778,#2779);
#2777 = CARTESIAN_POINT('',(6.572132238741E-05,91.5,28.000630275693));
#2778 = DIRECTION('',(-0.994607409751,2.435908301081E-16,0.103711621664)
  );
#2779 = DIRECTION('',(0.103711621664,-3.08148791102E-33,0.994607409751)
  );
#2780 = DEFINITIONAL_REPRESENTATION('',(#2781),#2789);
#2781 = ( BOUNDED_CURVE() B_SPLINE_CURVE(6,(#2782,#2783,#2784,#2785,
#2786,#2787,#2788),.UNSPECIFIED.,.T.,.F.) B_SPLINE_CURVE_WITH_KNOTS((1,6
    ,6,1),(-6.28318530718,0.,6.28318530718,12.566370614359),
.UNSPECIFIED.) CURVE() GEOMETRIC_REPRESENTATION_ITEM() 
RATIONAL_B_SPLINE_CURVE((1.669078461068,1.03672962321,1.038346699848,
    0.853534330196,1.038346699848,1.03672962321,1.669078461068)) 
REPRESENTATION_ITEM('') );
#2782 = CARTESIAN_POINT('',(3.999366307061,5.329070518201E-15));
#2783 = CARTESIAN_POINT('',(3.999366307061,6.646172302284));
#2784 = CARTESIAN_POINT('',(-4.218826455132,7.600449532982));
#2785 = CARTESIAN_POINT('',(-10.99710137697,1.95399252334E-14));
#2786 = CARTESIAN_POINT('',(-4.218826455132,-7.600449532982));
#2787 = CARTESIAN_POINT('',(3.999366307061,-6.646172302284));
#2788 = CARTESIAN_POINT('',(3.999366307061,5.329070518201E-15));
#2789 = ( GEOMETRIC_REPRESENTATION_CONTEXT(2) 
PARAMETRIC_REPRESENTATION_CONTEXT() REPRESENTATION_CONTEXT('2D SPACE',''
  ) );
#2790 = ADVANCED_FACE('',(#2791),#2775,.F.);
#2791 = FACE_BOUND('',#2792,.F.);
#2792 = EDGE_LOOP('',(#2793));
#2793 = ORIENTED_EDGE('',*,*,#2757,.T.);
#2794 = ADVANCED_FACE('',(#2795),#2740,.T.);
#2795 = FACE_BOUND('',#2796,.T.);
#2796 = EDGE_LOOP('',(#2797));
#2797 = ORIENTED_EDGE('',*,*,#2722,.T.);
#2798 = MANIFOLD_SOLID_BREP('',#2799);
#2799 = CLOSED_SHELL('',(#2800,#3550,#3554));
#2800 = ADVANCED_FACE('',(#2801),#2894,.T.);
#2801 = FACE_BOUND('',#2802,.T.);
#2802 = EDGE_LOOP('',(#2803,#3481,#3515,#3516));
#2803 = ORIENTED_EDGE('',*,*,#2804,.T.);
#2804 = EDGE_CURVE('',#2805,#2807,#2809,.T.);
#2805 = VERTEX_POINT('',#2806);
#2806 = CARTESIAN_POINT('',(-91.5,0.414846486656,31.978429639004));
#2807 = VERTEX_POINT('',#2808);
#2808 = CARTESIAN_POINT('',(-90.5796495716,5.10051126354,97.978429639004
    ));
#2809 = SEAM_CURVE('',#2810,(#2893,#3474),.PCURVE_S1.);
#2810 = ( BOUNDED_CURVE() B_SPLINE_CURVE(11,(#2811,#2812,#2813,#2814,
    #2815,#2816,#2817,#2818,#2819,#2820,#2821,#2822,#2823,#2824,#2825,
    #2826,#2827,#2828,#2829,#2830,#2831,#2832,#2833,#2834,#2835,#2836,
    #2837,#2838,#2839,#2840,#2841,#2842,#2843,#2844,#2845,#2846,#2847,
    #2848,#2849,#2850,#2851,#2852,#2853,#2854,#2855,#2856,#2857,#2858,
    #2859,#2860,#2861,#2862,#2863,#2864,#2865,#2866,#2867,#2868,#2869,
    #2870,#2871,#2872,#2873,#2874,#2875,#2876,#2877,#2878,#2879,#2880,
    #2881,#2882,#2883,#2884,#2885,#2886,#2887,#2888,#2889,#2890,#2891,
#2892),.UNSPECIFIED.,.F.,.F.) B_SPLINE_CURVE_WITH_KNOTS((12,10,10,10,10,
    10,10,10,12),(0.,9.891175407885,19.78235081577,29.673526223655,
    39.56470163154,49.455877039424,59.347052447309,69.238227855194,
79.129403263079),.UNSPECIFIED.) CURVE() GEOMETRIC_REPRESENTATION_ITEM() 
RATIONAL_B_SPLINE_CURVE((1.669078461068,1.669078461068,1.669078461068,
    1.669078461068,1.669078461068,1.669078461068,1.669078461068,
    1.669078461068,1.669078461068,1.669078461068,1.669078461068,
    1.669078461068,1.669078461068,1.669078461069,1.669078461068,
    1.669078461069,1.669078461068,1.669078461068,1.669078461068,
    1.669078461068,1.669078461068,1.669078461068,1.669078461068,
    1.669078461068,1.669078461068,1.669078461069,1.669078461068,
    1.669078461069,1.669078461068,1.669078461068,1.669078461068,
    1.669078461068,1.669078461069,1.669078461067,1.66907846107,
    1.669078461066,1.66907846107,1.669078461067,1.669078461069,
    1.669078461068,1.669078461068,1.669078461068,1.669078461068,
    1.669078461068,1.669078461068,1.669078461068,1.669078461068,
    1.669078461068,1.669078461068,1.669078461068,1.669078461068,
    1.669078461068,1.669078461069,1.669078461068,1.669078461069,
    1.669078461067,1.66907846107,1.669078461067,1.669078461069,
    1.669078461068,1.669078461068,1.669078461068,1.669078461068,
    1.669078461069,1.669078461068,1.669078461069,1.669078461067,
    1.669078461069,1.669078461068,1.669078461068,1.669078461068,
    1.669078461068,1.669078461069,1.669078461067,1.66907846107,
    1.669078461066,1.66907846107,1.669078461067,1.669078461069,
1.669078461068,1.669078461068,1.669078461068)) REPRESENTATION_ITEM('') 
  );
#2811 = CARTESIAN_POINT('',(-91.5,0.414846486656,31.978429639004));
#2812 = CARTESIAN_POINT('',(-91.70578085204,-6.777747220524,
    32.728429639031));
#2813 = CARTESIAN_POINT('',(-87.98714197304,-14.08250252501,
    33.478429638893));
#2814 = CARTESIAN_POINT('',(-80.27426011853,-19.12126739154,
    34.228429639241));
#2815 = CARTESIAN_POINT('',(-70.13012605893,-19.46201695505,
    34.978429638714));
#2816 = CARTESIAN_POINT('',(-60.74356704448,-13.91887844095,
    35.728429639181));
#2817 = CARTESIAN_POINT('',(-55.92896015732,-3.744074239427,
    36.478429639044));
#2818 = CARTESIAN_POINT('',(-57.59487794237,7.028975737786,
    37.228429638824));
#2819 = CARTESIAN_POINT('',(-64.29085521907,14.656782907286,
    37.978429639167));
#2820 = CARTESIAN_POINT('',(-73.07785941837,17.425584087261,
    38.728429638935));
#2821 = CARTESIAN_POINT('',(-81.0842355613,15.668977863384,
    39.47842963901));
#2822 = CARTESIAN_POINT('',(-91.94650505752,6.22895130778,
    40.978429639016));
#2823 = CARTESIAN_POINT('',(-94.8022226136,-1.454316382303,
    41.728429638907));
#2824 = CARTESIAN_POINT('',(-93.28556966093,-10.54153057238,
    42.478429639239));
#2825 = CARTESIAN_POINT('',(-86.66583220392,-18.23559595042,
    43.228429638698));
#2826 = CARTESIAN_POINT('',(-76.23026921826,-21.38724629631,
    43.978429639205));
#2827 = CARTESIAN_POINT('',(-65.48357796011,-18.03826031626,
    44.728429639027));
#2828 = CARTESIAN_POINT('',(-58.68588291786,-9.516216556379,
    45.478429638831));
#2829 = CARTESIAN_POINT('',(-57.60898481015,0.576347265198,
    46.228429639166));
#2830 = CARTESIAN_POINT('',(-61.52318759231,8.916414369329,
    46.978429638936));
#2831 = CARTESIAN_POINT('',(-68.23813580995,13.61717971243,
    47.728429639009));
#2832 = CARTESIAN_POINT('',(-82.5402040201,15.215255083261,
    49.22842963902));
#2833 = CARTESIAN_POINT('',(-90.12709264647,12.112539153709,
    49.978429638883));
#2834 = CARTESIAN_POINT('',(-95.78557231133,4.84209860855,50.72842963931
    ));
#2835 = CARTESIAN_POINT('',(-96.96285399388,-5.239249222123,
    51.478429638569));
#2836 = CARTESIAN_POINT('',(-92.21378400723,-15.05149711728,
    52.228429639362));
#2837 = CARTESIAN_POINT('',(-82.47131900641,-20.6898883638,
    52.978429638894));
#2838 = CARTESIAN_POINT('',(-71.59749405634,-19.91929194064,
    53.728429638909));
#2839 = CARTESIAN_POINT('',(-63.44279029473,-13.87608414802,
    54.478429639135));
#2840 = CARTESIAN_POINT('',(-59.95782091908,-5.347737811359,
    55.228429638943));
#2841 = CARTESIAN_POINT('',(-61.04726614075,2.776351889967,
    55.978429639008));
#2842 = CARTESIAN_POINT('',(-69.55805111404,14.381072443139,
    57.478429639021));
#2843 = CARTESIAN_POINT('',(-76.97925326439,17.86151549187,
    58.228429638875));
#2844 = CARTESIAN_POINT('',(-86.16067421406,17.100458880954,
    58.978429639327));
#2845 = CARTESIAN_POINT('',(-94.37511405516,11.13870206105,
    59.728429638551));
#2846 = CARTESIAN_POINT('',(-98.37776186152,0.999043043031,
    60.478429639366));
#2847 = CARTESIAN_POINT('',(-95.92766911573,-9.98749989161,
    61.228429638912));
#2848 = CARTESIAN_POINT('',(-87.99608164704,-17.46572215184,
    61.978429638875));
#2849 = CARTESIAN_POINT('',(-78.02691859846,-19.37237942178,
    62.728429639169));
#2850 = CARTESIAN_POINT('',(-69.39210474421,-16.16026290933,
    63.478429638921));
#2851 = CARTESIAN_POINT('',(-64.15287886985,-9.856435769476,
    64.228429639018));
#2852 = CARTESIAN_POINT('',(-61.37920630579,4.264815608672,
    65.728429639005));
#2853 = CARTESIAN_POINT('',(-63.84480458561,12.082011413855,
    66.478429638975));
#2854 = CARTESIAN_POINT('',(-70.6231393577,18.321552724756,
    67.228429639064));
#2855 = CARTESIAN_POINT('',(-80.57283509709,20.327324498039,
    67.978429638973));
#2856 = CARTESIAN_POINT('',(-90.74374431489,16.404763999642,
    68.728429638928));
#2857 = CARTESIAN_POINT('',(-97.16740395142,7.161189121393,
    69.478429639198));
#2858 = CARTESIAN_POINT('',(-97.29739286896,-3.739131560885,
    70.228429638777));
#2859 = CARTESIAN_POINT('',(-91.94823578926,-12.3650270106,
    70.978429639161));
#2860 = CARTESIAN_POINT('',(-83.7368045687,-16.5423587124,
    71.728429638948));
#2861 = CARTESIAN_POINT('',(-75.55049708016,-16.12751650672,
    72.478429639004));
#2862 = CARTESIAN_POINT('',(-63.28259747822,-8.604110407309,
    73.978429639026));
#2863 = CARTESIAN_POINT('',(-59.20120389162,-1.495668132416,
    74.728429638846));
#2864 = CARTESIAN_POINT('',(-59.20146537408,7.717241162956,
    75.478429639402));
#2865 = CARTESIAN_POINT('',(-64.46451670919,16.39594251056,
    76.228429638422));
#2866 = CARTESIAN_POINT('',(-74.23900761174,21.222245639983,
    76.978429639523));
#2867 = CARTESIAN_POINT('',(-85.39035298988,19.687782738878,
    77.728429638775));
#2868 = CARTESIAN_POINT('',(-93.49801863028,12.400832353031,
    78.478429638957));
#2869 = CARTESIAN_POINT('',(-96.22141065858,2.623169565616,
    79.228429639136));
#2870 = CARTESIAN_POINT('',(-93.73332242911,-6.24740650331,
    79.97842963893));
#2871 = CARTESIAN_POINT('',(-87.88367789826,-11.98930368338,
    80.728429639016));
#2872 = CARTESIAN_POINT('',(-74.03970581795,-15.91962644582,
    82.228429639008));
#2873 = CARTESIAN_POINT('',(-66.04560220771,-14.1079883463,
    82.978429638962));
#2874 = CARTESIAN_POINT('',(-59.26762164237,-7.86806226285,
    83.72842963908));
#2875 = CARTESIAN_POINT('',(-56.44706124502,1.882014900184,
    84.478429638993));
#2876 = CARTESIAN_POINT('',(-59.51631716121,12.342107791697,
    85.22842963882));
#2877 = CARTESIAN_POINT('',(-68.1978589721,19.507155723001,
    85.978429639388));
#2878 = CARTESIAN_POINT('',(-79.05021509454,20.536842027678,
    86.728429638585));
#2879 = CARTESIAN_POINT('',(-88.0883786587,15.918275816391,
    87.478429639287));
#2880 = CARTESIAN_POINT('',(-92.92953725369,8.079852123423,
    88.228429638893));
#2881 = CARTESIAN_POINT('',(-93.19213186485,-0.112752375919,
    88.978429639021));
#2882 = CARTESIAN_POINT('',(-86.7074971287,-12.96002883107,
    90.478429639001));
#2883 = CARTESIAN_POINT('',(-79.96037260542,-17.61449290309,
    91.228429638991));
#2884 = CARTESIAN_POINT('',(-70.77890845536,-18.3750283242,
    91.97842963902));
#2885 = CARTESIAN_POINT('',(-61.69522997159,-13.84663447064,
    92.728429639063));
#2886 = CARTESIAN_POINT('',(-56.07824000944,-4.504081343373,
    93.478429638783));
#2887 = CARTESIAN_POINT('',(-56.68659118091,6.735891460298,
    94.228429639375));
#2888 = CARTESIAN_POINT('',(-63.27912718708,15.417616917427,
    94.978429638621));
#2889 = CARTESIAN_POINT('',(-72.79849837939,18.939140168642,
    95.728429639264));
#2890 = CARTESIAN_POINT('',(-81.84424162974,17.192076389919,
    96.478429638893));
#2891 = CARTESIAN_POINT('',(-88.04958713452,11.83657347075,
    97.22842963903));
#2892 = CARTESIAN_POINT('',(-90.5796495716,5.10051126354,97.978429639004
    ));
#2893 = PCURVE('',#2894,#3469);
#2894 = ( BOUNDED_SURFACE() B_SPLINE_SURFACE(6,11,(
    (#2895,#2896,#2897,#2898,#2899,#2900,#2901,#2902,#2903,#2904,#2905
      ,#2906,#2907,#2908,#2909,#2910,#2911,#2912,#2913,#2914,#2915,#2916
      ,#2917,#2918,#2919,#2920,#2921,#2922,#2923,#2924,#2925,#2926,#2927
      ,#2928,#2929,#2930,#2931,#2932,#2933,#2934,#2935,#2936,#2937,#2938
      ,#2939,#2940,#2941,#2942,#2943,#2944,#2945,#2946,#2947,#2948,#2949
      ,#2950,#2951,#2952,#2953,#2954,#2955,#2956,#2957,#2958,#2959,#2960
      ,#2961,#2962,#2963,#2964,#2965,#2966,#2967,#2968,#2969,#2970,#2971
      ,#2972,#2973,#2974,#2975,#2976)
    ,(#2977,#2978,#2979,#2980,#2981,#2982,#2983,#2984,#2985,#2986,#2987
      ,#2988,#2989,#2990,#2991,#2992,#2993,#2994,#2995,#2996,#2997,#2998
      ,#2999,#3000,#3001,#3002,#3003,#3004,#3005,#3006,#3007,#3008,#3009
      ,#3010,#3011,#3012,#3013,#3014,#3015,#3016,#3017,#3018,#3019,#3020
      ,#3021,#3022,#3023,#3024,#3025,#3026,#3027,#3028,#3029,#3030,#3031
      ,#3032,#3033,#3034,#3035,#3036,#3037,#3038,#3039,#3040,#3041,#3042
      ,#3043,#3044,#3045,#3046,#3047,#3048,#3049,#3050,#3051,#3052,#3053
      ,#3054,#3055,#3056,#3057,#3058)
    ,(#3059,#3060,#3061,#3062,#3063,#3064,#3065,#3066,#3067,#3068,#3069
      ,#3070,#3071,#3072,#3073,#3074,#3075,#3076,#3077,#3078,#3079,#3080
      ,#3081,#3082,#3083,#3084,#3085,#3086,#3087,#3088,#3089,#3090,#3091
      ,#3092,#3093,#3094,#3095,#3096,#3097,#3098,#3099,#3100,#3101,#3102
      ,#3103,#3104,#3105,#3106,#3107,#3108,#3109,#3110,#3111,#3112,#3113
      ,#3114,#3115,#3116,#3117,#3118,#3119,#3120,#3121,#3122,#3123,#3124
      ,#3125,#3126,#3127,#3128,#3129,#3130,#3131,#3132,#3133,#3134,#3135
      ,#3136,#3137,#3138,#3139,#3140)
    ,(#3141,#3142,#3143,#3144,#3145,#3146,#3147,#3148,#3149,#3150,#3151
      ,#3152,#3153,#3154,#3155,#3156,#3157,#3158,#3159,#3160,#3161,#3162
      ,#3163,#3164,#3165,#3166,#3167,#3168,#3169,#3170,#3171,#3172,#3173
      ,#3174,#3175,#3176,#3177,#3178,#3179,#3180,#3181,#3182,#3183,#3184
      ,#3185,#3186,#3187,#3188,#3189,#3190,#3191,#3192,#3193,#3194,#3195
      ,#3196,#3197,#3198,#3199,#3200,#3201,#3202,#3203,#3204,#3205,#3206
      ,#3207,#3208,#3209,#3210,#3211,#3212,#3213,#3214,#3215,#3216,#3217
      ,#3218,#3219,#3220,#3221,#3222)
    ,(#3223,#3224,#3225,#3226,#3227,#3228,#3229,#3230,#3231,#3232,#3233
      ,#3234,#3235,#3236,#3237,#3238,#3239,#3240,#3241,#3242,#3243,#3244
      ,#3245,#3246,#3247,#3248,#3249,#3250,#3251,#3252,#3253,#3254,#3255
      ,#3256,#3257,#3258,#3259,#3260,#3261,#3262,#3263,#3264,#3265,#3266
      ,#3267,#3268,#3269,#3270,#3271,#3272,#3273,#3274,#3275,#3276,#3277
      ,#3278,#3279,#3280,#3281,#3282,#3283,#3284,#3285,#3286,#3287,#3288
      ,#3289,#3290,#3291,#3292,#3293,#3294,#3295,#3296,#3297,#3298,#3299
      ,#3300,#3301,#3302,#3303,#3304)
    ,(#3305,#3306,#3307,#3308,#3309,#3310,#3311,#3312,#3313,#3314,#3315
      ,#3316,#3317,#3318,#3319,#3320,#3321,#3322,#3323,#3324,#3325,#3326
      ,#3327,#3328,#3329,#3330,#3331,#3332,#3333,#3334,#3335,#3336,#3337
      ,#3338,#3339,#3340,#3341,#3342,#3343,#3344,#3345,#3346,#3347,#3348
      ,#3349,#3350,#3351,#3352,#3353,#3354,#3355,#3356,#3357,#3358,#3359
      ,#3360,#3361,#3362,#3363,#3364,#3365,#3366,#3367,#3368,#3369,#3370
      ,#3371,#3372,#3373,#3374,#3375,#3376,#3377,#3378,#3379,#3380,#3381
      ,#3382,#3383,#3384,#3385,#3386)
    ,(#3387,#3388,#3389,#3390,#3391,#3392,#3393,#3394,#3395,#3396,#3397
      ,#3398,#3399,#3400,#3401,#3402,#3403,#3404,#3405,#3406,#3407,#3408
      ,#3409,#3410,#3411,#3412,#3413,#3414,#3415,#3416,#3417,#3418,#3419
      ,#3420,#3421,#3422,#3423,#3424,#3425,#3426,#3427,#3428,#3429,#3430
      ,#3431,#3432,#3433,#3434,#3435,#3436,#3437,#3438,#3439,#3440,#3441
      ,#3442,#3443,#3444,#3445,#3446,#3447,#3448,#3449,#3450,#3451,#3452
      ,#3453,#3454,#3455,#3456,#3457,#3458,#3459,#3460,#3461,#3462,#3463
      ,#3464,#3465,#3466,#3467,#3468
)),.UNSPECIFIED.,.T.,.F.,.F.) B_SPLINE_SURFACE_WITH_KNOTS((1,6,6,1),(12,
    10,10,10,10,10,10,10,12),(-6.28318530718,0.,6.28318530718,
    12.566370614359),(0.,9.891175407885,19.78235081577,29.673526223655,
    39.56470163154,49.455877039424,59.347052447309,69.238227855194,
79.129403263079),.UNSPECIFIED.) GEOMETRIC_REPRESENTATION_ITEM() 
RATIONAL_B_SPLINE_SURFACE((
    (1.669078461068,1.669078461068,1.669078461068,1.669078461068
      ,1.669078461068,1.669078461068,1.669078461068,1.669078461068
      ,1.669078461068,1.669078461068,1.669078461068,1.669078461068
      ,1.669078461068,1.669078461069,1.669078461068,1.669078461069
      ,1.669078461068,1.669078461068,1.669078461068,1.669078461068
      ,1.669078461068,1.669078461068,1.669078461068,1.669078461068
      ,1.669078461068,1.669078461069,1.669078461068,1.669078461069
      ,1.669078461068,1.669078461068,1.669078461068,1.669078461068
      ,1.669078461069,1.669078461067,1.66907846107,1.669078461066
      ,1.66907846107,1.669078461067,1.669078461069,1.669078461068
      ,1.669078461068,1.669078461068,1.669078461068,1.669078461068
      ,1.669078461068,1.669078461068,1.669078461068,1.669078461068
      ,1.669078461068,1.669078461068,1.669078461068,1.669078461068
      ,1.669078461069,1.669078461068,1.669078461069,1.669078461067
      ,1.66907846107,1.669078461067,1.669078461069,1.669078461068
      ,1.669078461068,1.669078461068,1.669078461068,1.669078461069
      ,1.669078461068,1.669078461069,1.669078461067,1.669078461069
      ,1.669078461068,1.669078461068,1.669078461068,1.669078461068
      ,1.669078461069,1.669078461067,1.66907846107,1.669078461066
      ,1.66907846107,1.669078461067,1.669078461069,1.669078461068
      ,1.669078461068,1.669078461068)
    ,(1.03672962321,1.03672962321,1.03672962321,1.03672962321
      ,1.03672962321,1.03672962321,1.03672962321,1.03672962321
      ,1.03672962321,1.03672962321,1.03672962321,1.03672962321
      ,1.03672962321,1.03672962321,1.036729623209,1.03672962321
      ,1.036729623209,1.03672962321,1.03672962321,1.03672962321
      ,1.03672962321,1.03672962321,1.03672962321,1.03672962321
      ,1.03672962321,1.03672962321,1.03672962321,1.03672962321
      ,1.03672962321,1.03672962321,1.03672962321,1.03672962321
      ,1.03672962321,1.036729623209,1.036729623211,1.036729623208
      ,1.036729623211,1.036729623208,1.03672962321,1.036729623209
      ,1.03672962321,1.03672962321,1.03672962321,1.03672962321
      ,1.036729623209,1.03672962321,1.036729623209,1.03672962321
      ,1.036729623209,1.03672962321,1.03672962321,1.03672962321
      ,1.03672962321,1.036729623209,1.036729623211,1.036729623208
      ,1.036729623211,1.036729623209,1.03672962321,1.036729623209
      ,1.03672962321,1.03672962321,1.036729623209,1.03672962321
      ,1.036729623209,1.03672962321,1.036729623209,1.03672962321
      ,1.036729623209,1.03672962321,1.03672962321,1.03672962321
      ,1.03672962321,1.036729623209,1.036729623211,1.036729623208
      ,1.036729623211,1.036729623209,1.03672962321,1.036729623209
      ,1.03672962321,1.03672962321)
    ,(1.038346699848,1.038346699847,1.038346699848,1.038346699847
      ,1.038346699848,1.038346699847,1.038346699848,1.038346699847
      ,1.038346699848,1.038346699847,1.038346699848,1.038346699848
      ,1.038346699847,1.038346699848,1.038346699847,1.038346699848
      ,1.038346699848,1.038346699847,1.038346699848,1.038346699847
      ,1.038346699848,1.038346699848,1.038346699848,1.038346699848
      ,1.038346699847,1.038346699848,1.038346699847,1.038346699848
      ,1.038346699847,1.038346699848,1.038346699848,1.038346699847
      ,1.038346699848,1.038346699847,1.038346699848,1.038346699846
      ,1.038346699848,1.038346699847,1.038346699848,1.038346699847
      ,1.038346699848,1.038346699848,1.038346699847,1.038346699848
      ,1.038346699847,1.038346699848,1.038346699847,1.038346699848
      ,1.038346699847,1.038346699848,1.038346699848,1.038346699847
      ,1.038346699848,1.038346699847,1.038346699848,1.038346699847
      ,1.038346699848,1.038346699847,1.038346699848,1.038346699847
      ,1.038346699848,1.038346699848,1.038346699847,1.038346699848
      ,1.038346699847,1.038346699849,1.038346699846,1.038346699848
      ,1.038346699847,1.038346699848,1.038346699847,1.038346699847
      ,1.038346699848,1.038346699847,1.038346699849,1.038346699846
      ,1.038346699849,1.038346699846,1.038346699848,1.038346699847
      ,1.038346699848,1.038346699848)
    ,(0.853534330196,0.853534330196,0.853534330196,0.853534330196
      ,0.853534330196,0.853534330196,0.853534330196,0.853534330196
      ,0.853534330196,0.853534330196,0.853534330196,0.853534330196
      ,0.853534330196,0.853534330197,0.853534330196,0.853534330197
      ,0.853534330196,0.853534330197,0.853534330196,0.853534330196
      ,0.853534330196,0.853534330196,0.853534330196,0.853534330196
      ,0.853534330196,0.853534330196,0.853534330196,0.853534330196
      ,0.853534330196,0.853534330196,0.853534330196,0.853534330196
      ,0.853534330196,0.853534330196,0.853534330197,0.853534330195
      ,0.853534330197,0.853534330195,0.853534330197,0.853534330196
      ,0.853534330196,0.853534330196,0.853534330196,0.853534330196
      ,0.853534330196,0.853534330196,0.853534330196,0.853534330196
      ,0.853534330196,0.853534330196,0.853534330196,0.853534330196
      ,0.853534330196,0.853534330196,0.853534330197,0.853534330195
      ,0.853534330197,0.853534330195,0.853534330197,0.853534330196
      ,0.853534330196,0.853534330196,0.853534330196,0.853534330196
      ,0.853534330196,0.853534330196,0.853534330196,0.853534330196
      ,0.853534330196,0.853534330196,0.853534330196,0.853534330196
      ,0.853534330196,0.853534330195,0.853534330198,0.853534330194
      ,0.853534330198,0.853534330195,0.853534330197,0.853534330196
      ,0.853534330196,0.853534330196)
    ,(1.038346699848,1.038346699848,1.038346699848,1.038346699847
      ,1.038346699848,1.038346699848,1.038346699848,1.038346699847
      ,1.038346699848,1.038346699848,1.038346699848,1.038346699848
      ,1.038346699847,1.038346699848,1.038346699847,1.038346699848
      ,1.038346699847,1.038346699848,1.038346699847,1.038346699848
      ,1.038346699848,1.038346699848,1.038346699848,1.038346699847
      ,1.038346699848,1.038346699848,1.038346699847,1.038346699848
      ,1.038346699847,1.038346699848,1.038346699848,1.038346699847
      ,1.038346699848,1.038346699847,1.038346699848,1.038346699846
      ,1.038346699849,1.038346699847,1.038346699848,1.038346699847
      ,1.038346699848,1.038346699848,1.038346699847,1.038346699848
      ,1.038346699847,1.038346699848,1.038346699847,1.038346699848
      ,1.038346699847,1.038346699848,1.038346699848,1.038346699847
      ,1.038346699848,1.038346699847,1.038346699849,1.038346699846
      ,1.038346699849,1.038346699847,1.038346699848,1.038346699847
      ,1.038346699848,1.038346699848,1.038346699847,1.038346699848
      ,1.038346699847,1.038346699849,1.038346699846,1.038346699848
      ,1.038346699847,1.038346699848,1.038346699847,1.038346699847
      ,1.038346699848,1.038346699847,1.038346699849,1.038346699846
      ,1.038346699849,1.038346699846,1.038346699848,1.038346699847
      ,1.038346699848,1.038346699848)
    ,(1.03672962321,1.03672962321,1.03672962321,1.036729623209
      ,1.03672962321,1.036729623209,1.03672962321,1.036729623209
      ,1.03672962321,1.03672962321,1.03672962321,1.03672962321
      ,1.03672962321,1.03672962321,1.036729623209,1.03672962321
      ,1.03672962321,1.03672962321,1.03672962321,1.03672962321
      ,1.03672962321,1.03672962321,1.03672962321,1.036729623209
      ,1.03672962321,1.036729623209,1.03672962321,1.03672962321
      ,1.03672962321,1.03672962321,1.03672962321,1.03672962321
      ,1.03672962321,1.036729623209,1.036729623211,1.036729623208
      ,1.036729623211,1.036729623209,1.03672962321,1.036729623209
      ,1.03672962321,1.03672962321,1.03672962321,1.03672962321
      ,1.036729623209,1.03672962321,1.036729623209,1.03672962321
      ,1.03672962321,1.03672962321,1.03672962321,1.03672962321
      ,1.03672962321,1.036729623209,1.036729623211,1.036729623208
      ,1.036729623211,1.036729623209,1.03672962321,1.036729623209
      ,1.03672962321,1.03672962321,1.036729623209,1.03672962321
      ,1.036729623209,1.036729623211,1.036729623209,1.03672962321
      ,1.036729623209,1.03672962321,1.03672962321,1.03672962321
      ,1.03672962321,1.036729623209,1.036729623211,1.036729623208
      ,1.036729623211,1.036729623208,1.03672962321,1.036729623209
      ,1.03672962321,1.03672962321)
    ,(1.669078461068,1.669078461068,1.669078461068,1.669078461068
      ,1.669078461068,1.669078461068,1.669078461068,1.669078461068
      ,1.669078461068,1.669078461068,1.669078461068,1.669078461068
      ,1.669078461068,1.669078461069,1.669078461068,1.669078461069
      ,1.669078461068,1.669078461068,1.669078461068,1.669078461068
      ,1.669078461068,1.669078461068,1.669078461068,1.669078461068
      ,1.669078461068,1.669078461069,1.669078461068,1.669078461069
      ,1.669078461068,1.669078461068,1.669078461068,1.669078461068
      ,1.669078461069,1.669078461067,1.66907846107,1.669078461066
      ,1.66907846107,1.669078461067,1.669078461069,1.669078461068
      ,1.669078461068,1.669078461068,1.669078461068,1.669078461068
      ,1.669078461068,1.669078461068,1.669078461068,1.669078461068
      ,1.669078461068,1.669078461068,1.669078461068,1.669078461068
      ,1.669078461069,1.669078461068,1.669078461069,1.669078461067
      ,1.66907846107,1.669078461067,1.669078461069,1.669078461068
      ,1.669078461068,1.669078461068,1.669078461068,1.669078461069
      ,1.669078461068,1.669078461069,1.669078461067,1.669078461069
      ,1.669078461068,1.669078461068,1.669078461068,1.669078461068
      ,1.669078461069,1.669078461067,1.66907846107,1.669078461066
      ,1.66907846107,1.669078461067,1.669078461069,1.669078461068
,1.669078461068,1.669078461068))) REPRESENTATION_ITEM('') SURFACE() );
#2895 = CARTESIAN_POINT('',(-91.5,0.414846486656,31.978429639004));
#2896 = CARTESIAN_POINT('',(-91.70578085204,-6.777747220524,
    32.728429639031));
#2897 = CARTESIAN_POINT('',(-87.98714197304,-14.08250252501,
    33.478429638893));
#2898 = CARTESIAN_POINT('',(-80.27426011853,-19.12126739154,
    34.228429639241));
#2899 = CARTESIAN_POINT('',(-70.13012605893,-19.46201695505,
    34.978429638714));
#2900 = CARTESIAN_POINT('',(-60.74356704448,-13.91887844095,
    35.728429639181));
#2901 = CARTESIAN_POINT('',(-55.92896015732,-3.744074239427,
    36.478429639044));
#2902 = CARTESIAN_POINT('',(-57.59487794237,7.028975737786,
    37.228429638824));
#2903 = CARTESIAN_POINT('',(-64.29085521907,14.656782907286,
    37.978429639167));
#2904 = CARTESIAN_POINT('',(-73.07785941837,17.425584087261,
    38.728429638935));
#2905 = CARTESIAN_POINT('',(-81.0842355613,15.668977863384,
    39.47842963901));
#2906 = CARTESIAN_POINT('',(-91.94650505752,6.22895130778,
    40.978429639016));
#2907 = CARTESIAN_POINT('',(-94.8022226136,-1.454316382303,
    41.728429638907));
#2908 = CARTESIAN_POINT('',(-93.28556966093,-10.54153057238,
    42.478429639239));
#2909 = CARTESIAN_POINT('',(-86.66583220392,-18.23559595042,
    43.228429638698));
#2910 = CARTESIAN_POINT('',(-76.23026921826,-21.38724629631,
    43.978429639205));
#2911 = CARTESIAN_POINT('',(-65.48357796011,-18.03826031626,
    44.728429639027));
#2912 = CARTESIAN_POINT('',(-58.68588291786,-9.516216556379,
    45.478429638831));
#2913 = CARTESIAN_POINT('',(-57.60898481015,0.576347265198,
    46.228429639166));
#2914 = CARTESIAN_POINT('',(-61.52318759231,8.916414369329,
    46.978429638936));
#2915 = CARTESIAN_POINT('',(-68.23813580995,13.61717971243,
    47.728429639009));
#2916 = CARTESIAN_POINT('',(-82.5402040201,15.215255083261,
    49.22842963902));
#2917 = CARTESIAN_POINT('',(-90.12709264647,12.112539153709,
    49.978429638883));
#2918 = CARTESIAN_POINT('',(-95.78557231133,4.84209860855,50.72842963931
    ));
#2919 = CARTESIAN_POINT('',(-96.96285399388,-5.239249222123,
    51.478429638569));
#2920 = CARTESIAN_POINT('',(-92.21378400723,-15.05149711728,
    52.228429639362));
#2921 = CARTESIAN_POINT('',(-82.47131900641,-20.6898883638,
    52.978429638894));
#2922 = CARTESIAN_POINT('',(-71.59749405634,-19.91929194064,
    53.728429638909));
#2923 = CARTESIAN_POINT('',(-63.44279029473,-13.87608414802,
    54.478429639135));
#2924 = CARTESIAN_POINT('',(-59.95782091908,-5.347737811359,
    55.228429638943));
#2925 = CARTESIAN_POINT('',(-61.04726614075,2.776351889967,
    55.978429639008));
#2926 = CARTESIAN_POINT('',(-69.55805111404,14.381072443139,
    57.478429639021));
#2927 = CARTESIAN_POINT('',(-76.97925326439,17.86151549187,
    58.228429638875));
#2928 = CARTESIAN_POINT('',(-86.16067421406,17.100458880954,
    58.978429639327));
#2929 = CARTESIAN_POINT('',(-94.37511405516,11.13870206105,
    59.728429638551));
#2930 = CARTESIAN_POINT('',(-98.37776186152,0.999043043031,
    60.478429639366));
#2931 = CARTESIAN_POINT('',(-95.92766911573,-9.98749989161,
    61.228429638912));
#2932 = CARTESIAN_POINT('',(-87.99608164704,-17.46572215184,
    61.978429638875));
#2933 = CARTESIAN_POINT('',(-78.02691859846,-19.37237942178,
    62.728429639169));
#2934 = CARTESIAN_POINT('',(-69.39210474421,-16.16026290933,
    63.478429638921));
#2935 = CARTESIAN_POINT('',(-64.15287886985,-9.856435769476,
    64.228429639018));
#2936 = CARTESIAN_POINT('',(-61.37920630579,4.264815608672,
    65.728429639005));
#2937 = CARTESIAN_POINT('',(-63.84480458561,12.082011413855,
    66.478429638975));
#2938 = CARTESIAN_POINT('',(-70.6231393577,18.321552724756,
    67.228429639064));
#2939 = CARTESIAN_POINT('',(-80.57283509709,20.327324498039,
    67.978429638973));
#2940 = CARTESIAN_POINT('',(-90.74374431489,16.404763999642,
    68.728429638928));
#2941 = CARTESIAN_POINT('',(-97.16740395142,7.161189121393,
    69.478429639198));
#2942 = CARTESIAN_POINT('',(-97.29739286896,-3.739131560885,
    70.228429638777));
#2943 = CARTESIAN_POINT('',(-91.94823578926,-12.3650270106,
    70.978429639161));
#2944 = CARTESIAN_POINT('',(-83.7368045687,-16.5423587124,
    71.728429638948));
#2945 = CARTESIAN_POINT('',(-75.55049708016,-16.12751650672,
    72.478429639004));
#2946 = CARTESIAN_POINT('',(-63.28259747822,-8.604110407309,
    73.978429639026));
#2947 = CARTESIAN_POINT('',(-59.20120389162,-1.495668132416,
    74.728429638846));
#2948 = CARTESIAN_POINT('',(-59.20146537408,7.717241162956,
    75.478429639402));
#2949 = CARTESIAN_POINT('',(-64.46451670919,16.39594251056,
    76.228429638422));
#2950 = CARTESIAN_POINT('',(-74.23900761174,21.222245639983,
    76.978429639523));
#2951 = CARTESIAN_POINT('',(-85.39035298988,19.687782738878,
    77.728429638775));
#2952 = CARTESIAN_POINT('',(-93.49801863028,12.400832353031,
    78.478429638957));
#2953 = CARTESIAN_POINT('',(-96.22141065858,2.623169565616,
    79.228429639136));
#2954 = CARTESIAN_POINT('',(-93.73332242911,-6.24740650331,
    79.97842963893));
#2955 = CARTESIAN_POINT('',(-87.88367789826,-11.98930368338,
    80.728429639016));
#2956 = CARTESIAN_POINT('',(-74.03970581795,-15.91962644582,
    82.228429639008));
#2957 = CARTESIAN_POINT('',(-66.04560220771,-14.1079883463,
    82.978429638962));
#2958 = CARTESIAN_POINT('',(-59.26762164237,-7.86806226285,
    83.72842963908));
#2959 = CARTESIAN_POINT('',(-56.44706124502,1.882014900184,
    84.478429638993));
#2960 = CARTESIAN_POINT('',(-59.51631716121,12.342107791697,
    85.22842963882));
#2961 = CARTESIAN_POINT('',(-68.1978589721,19.507155723001,
    85.978429639388));
#2962 = CARTESIAN_POINT('',(-79.05021509454,20.536842027678,
    86.728429638585));
#2963 = CARTESIAN_POINT('',(-88.0883786587,15.918275816391,
    87.478429639287));
#2964 = CARTESIAN_POINT('',(-92.92953725369,8.079852123423,
    88.228429638893));
#2965 = CARTESIAN_POINT('',(-93.19213186485,-0.112752375919,
    88.978429639021));
#2966 = CARTESIAN_POINT('',(-86.7074971287,-12.96002883107,
    90.478429639001));
#2967 = CARTESIAN_POINT('',(-79.96037260542,-17.61449290309,
    91.228429638991));
#2968 = CARTESIAN_POINT('',(-70.77890845536,-18.3750283242,
    91.97842963902));
#2969 = CARTESIAN_POINT('',(-61.69522997159,-13.84663447064,
    92.728429639063));
#2970 = CARTESIAN_POINT('',(-56.07824000944,-4.504081343373,
    93.478429638783));
#2971 = CARTESIAN_POINT('',(-56.68659118091,6.735891460298,
    94.228429639375));
#2972 = CARTESIAN_POINT('',(-63.27912718708,15.417616917427,
    94.978429638621));
#2973 = CARTESIAN_POINT('',(-72.79849837939,18.939140168642,
    95.728429639264));
#2974 = CARTESIAN_POINT('',(-81.84424162974,17.192076389919,
    96.478429638893));
#2975 = CARTESIAN_POINT('',(-88.04958713452,11.83657347075,
    97.22842963903));
#2976 = CARTESIAN_POINT('',(-90.5796495716,5.10051126354,97.978429639004
    ));
#2977 = CARTESIAN_POINT('',(-98.14617230228,0.414846486656,
    31.978429639004));
#2978 = CARTESIAN_POINT('',(-98.35195315432,-10.07452082739,
    32.728429626217));
#2979 = CARTESIAN_POINT('',(-92.83453170095,-20.67599629418,
    33.478429694417));
#2980 = CARTESIAN_POINT('',(-81.52326757422,-27.92136307765,
    34.228429481664));
#2981 = CARTESIAN_POINT('',(-66.72883955551,-28.28525142612,
    34.978429934655));
#2982 = CARTESIAN_POINT('',(-53.11603837082,-20.08046599878,
    35.728429234537));
#2983 = CARTESIAN_POINT('',(-46.22974825568,-5.182699758892,
    36.478430042337));
#2984 = CARTESIAN_POINT('',(-48.79978470387,10.502382039917,
    37.228429341038));
#2985 = CARTESIAN_POINT('',(-58.66234413949,21.535850193761,
    37.978429794519));
#2986 = CARTESIAN_POINT('',(-71.50991613078,25.457576437132,
    38.728429583129));
#2987 = CARTESIAN_POINT('',(-83.16005041312,22.791569750201,
    39.478429648885));
#2988 = CARTESIAN_POINT('',(-98.87335025022,8.885855175355,
    40.978429627542));
#2989 = CARTESIAN_POINT('',(-102.9362613678,-2.35362767773,
    41.728429692827));
#2990 = CARTESIAN_POINT('',(-100.6059402056,-15.58274855926,
    42.478429483351));
#2991 = CARTESIAN_POINT('',(-90.85366810562,-26.7138178675,
    43.228429932146));
#2992 = CARTESIAN_POINT('',(-75.59751190389,-31.17213122571,
    43.978429239105));
#2993 = CARTESIAN_POINT('',(-59.97291167376,-26.1485569798,
    44.728430035796));
#2994 = CARTESIAN_POINT('',(-50.17366027807,-13.63450286932,
    45.478429347414));
#2995 = CARTESIAN_POINT('',(-48.73580369488,1.09438258555,
    46.228429790447));
#2996 = CARTESIAN_POINT('',(-54.55191967597,13.202761404092,
    46.978429584657));
#2997 = CARTESIAN_POINT('',(-64.40378579811,19.968406560192,
    47.728429648738));
#2998 = CARTESIAN_POINT('',(-85.27688091491,22.110972744157,
    49.228429627342));
#2999 = CARTESIAN_POINT('',(-96.29777202058,17.487858987956,
    49.978429694846));
#3000 = CARTESIAN_POINT('',(-104.4524689912,6.813546212406,
    50.728429477245));
#3001 = CARTESIAN_POINT('',(-106.0368286583,-7.900301680169,
    51.478429943588));
#3002 = CARTESIAN_POINT('',(-98.984202946,-22.14415404582,
    52.228429224194));
#3003 = CARTESIAN_POINT('',(-84.7059854601,-30.23717178553,
    52.978430049824));
#3004 = CARTESIAN_POINT('',(-68.86224424104,-28.97117709576,
    53.728429337765));
#3005 = CARTESIAN_POINT('',(-57.05201727157,-20.05343988254,
    54.478429795207));
#3006 = CARTESIAN_POINT('',(-52.08274162566,-7.573602448794,
    55.228429583096));
#3007 = CARTESIAN_POINT('',(-53.77758208455,4.256897805557,
    55.978429648984));
#3008 = CARTESIAN_POINT('',(-66.33820757802,21.064853565307,
    57.47842962719));
#3009 = CARTESIAN_POINT('',(-77.20378935929,26.042036917786,
    58.228429695291));
#3010 = CARTESIAN_POINT('',(-90.58016247778,24.812127131359,
    58.978429476147));
#3011 = CARTESIAN_POINT('',(-102.4785497977,16.012360395297,
    59.728429945734));
#3012 = CARTESIAN_POINT('',(-108.1814791334,1.176476310449,
    60.47842922101));
#3013 = CARTESIAN_POINT('',(-104.4653322189,-14.80960147034,
    61.228430053225));
#3014 = CARTESIAN_POINT('',(-92.8032356986,-25.60878584632,
    61.97842933541));
#3015 = CARTESIAN_POINT('',(-78.24339412007,-28.25803314311,
    62.728429795977));
#3016 = CARTESIAN_POINT('',(-65.69608049937,-23.46168414383,
    63.478429583396));
#3017 = CARTESIAN_POINT('',(-58.13998279608,-14.20216968803,
    64.228429648435));
#3018 = CARTESIAN_POINT('',(-54.28104803008,6.42270151328,
    65.728429628466));
#3019 = CARTESIAN_POINT('',(-57.97827352984,17.787724396575,
    66.478429687909));
#3020 = CARTESIAN_POINT('',(-67.94271859216,26.796046703752,
    67.228429494434));
#3021 = CARTESIAN_POINT('',(-82.47547582293,29.590054911845,67.978429918
    ));
#3022 = CARTESIAN_POINT('',(-97.25307945947,23.737765488971,
    68.728429247863));
#3023 = CARTESIAN_POINT('',(-106.4975412673,10.176631474186,
    69.478430038077));
#3024 = CARTESIAN_POINT('',(-106.5442363856,-5.717540360595,
    70.228429337882));
#3025 = CARTESIAN_POINT('',(-98.63223857603,-18.22385031057,
    70.978429799295));
#3026 = CARTESIAN_POINT('',(-86.60538564319,-24.20673017238,
    71.728429580348));
#3027 = CARTESIAN_POINT('',(-74.67533373072,-23.49463341889,
    72.478429649687));
#3028 = CARTESIAN_POINT('',(-56.88753742889,-12.36489881552,
    73.978429626655));
#3029 = CARTESIAN_POINT('',(-51.03008105031,-1.947441047205,
    74.728429697205));
#3030 = CARTESIAN_POINT('',(-51.15117793183,11.484810117237,
    75.47842947157));
#3031 = CARTESIAN_POINT('',(-58.93832797029,24.069237396037,
    76.228429953584));
#3032 = CARTESIAN_POINT('',(-73.25259581225,30.977825924302,
    76.978429211024));
#3033 = CARTESIAN_POINT('',(-89.49095001703,28.594491385955,
    77.728430062742));
#3034 = CARTESIAN_POINT('',(-101.2162979979,17.864016406432,
    78.47842932871));
#3035 = CARTESIAN_POINT('',(-105.0588389609,3.572677181955,
    79.228429799386));
#3036 = CARTESIAN_POINT('',(-101.3150208711,-9.327860364937,
    79.978429582186));
#3037 = CARTESIAN_POINT('',(-92.71110995441,-17.62279480596,
    80.728429648718));
#3038 = CARTESIAN_POINT('',(-72.47535145217,-23.17173771792,
    82.228429628102));
#3039 = CARTESIAN_POINT('',(-60.84383142246,-20.42565626781,
    82.978429688874));
#3040 = CARTESIAN_POINT('',(-51.0434197492,-11.23914619816,
    83.728429495135));
#3041 = CARTESIAN_POINT('',(-47.05884892549,3.01324692724,
    84.478429909295));
#3042 = CARTESIAN_POINT('',(-51.67082495527,18.223655795663,
    85.228429270703));
#3043 = CARTESIAN_POINT('',(-64.42223924919,28.556412630653,
    85.978430003663));
#3044 = CARTESIAN_POINT('',(-80.2582683417,29.915478592423,
    86.728429371598));
#3045 = CARTESIAN_POINT('',(-93.37523053021,23.063267136318,
    87.478429777163));
#3046 = CARTESIAN_POINT('',(-100.3308454523,11.57155431865,
    88.228429589767));
#3047 = CARTESIAN_POINT('',(-100.6063567541,-0.376554906401,
    88.978429647503));
#3048 = CARTESIAN_POINT('',(-90.98354041105,-19.02268306265,
    90.478429628808));
#3049 = CARTESIAN_POINT('',(-81.08536846221,-25.72040010662,
    91.22842968786));
#3050 = CARTESIAN_POINT('',(-67.68899512809,-26.70894332906,
    91.978429494298));
#3051 = CARTESIAN_POINT('',(-54.50449232585,-19.98760414677,
    92.728429916827));
#3052 = CARTESIAN_POINT('',(-46.43743722028,-6.292733476165,
    93.478429252433));
#3053 = CARTESIAN_POINT('',(-47.47167883969,10.086972695331,
    94.228430030329));
#3054 = CARTESIAN_POINT('',(-57.1972322193,22.658388286689,
    94.978429345244));
#3055 = CARTESIAN_POINT('',(-71.12244476787,27.667974454756,
    95.728429795466));
#3056 = CARTESIAN_POINT('',(-84.28808248481,25.002261351511,
    96.478429580749));
#3057 = CARTESIAN_POINT('',(-93.26519084923,17.112727408776,
    97.228429650676));
#3058 = CARTESIAN_POINT('',(-96.86571392647,7.258519882167,
    97.978429637314));
#3059 = CARTESIAN_POINT('',(-99.10044953298,-0.437475611858,
    23.804554222965));
#3060 = CARTESIAN_POINT('',(-98.8834437078,-11.40020350714,
    24.554554208284));
#3061 = CARTESIAN_POINT('',(-92.68496796627,-22.24435140801,
    25.30455428657));
#3062 = CARTESIAN_POINT('',(-80.57405687029,-29.34508298349,
    26.05455404254));
#3063 = CARTESIAN_POINT('',(-65.10895893994,-29.11592797365,
    26.804554561643));
#3064 = CARTESIAN_POINT('',(-51.23067689623,-19.98699153772,
    27.554553760135));
#3065 = CARTESIAN_POINT('',(-44.65261393077,-4.145409991922,
    28.304554684004));
#3066 = CARTESIAN_POINT('',(-47.98239718485,12.129009084043,
    29.05455388271));
#3067 = CARTESIAN_POINT('',(-58.7363750373,23.245381919946,
    29.804554400392));
#3068 = CARTESIAN_POINT('',(-72.314829309,26.811910843814,
    30.554554159242));
#3069 = CARTESIAN_POINT('',(-84.3715214679,23.548044939069,
    31.304554234246));
#3070 = CARTESIAN_POINT('',(-100.2086554541,8.379025036253,
    32.804554209835));
#3071 = CARTESIAN_POINT('',(-103.9888409629,-3.525883311396,
    33.554554284706));
#3072 = CARTESIAN_POINT('',(-101.0105220658,-17.24536482383,
    34.304554044506));
#3073 = CARTESIAN_POINT('',(-90.36770141489,-28.46820468989,
    35.054554558771));
#3074 = CARTESIAN_POINT('',(-74.25181992396,-32.49592820685,
    35.804553765324));
#3075 = CARTESIAN_POINT('',(-58.14158877708,-26.60635517744,
    36.554554676578));
#3076 = CARTESIAN_POINT('',(-48.4233103636,-13.13418988291,
    37.304553889955));
#3077 = CARTESIAN_POINT('',(-47.52820009094,2.306683216691,
    38.054554395762));
#3078 = CARTESIAN_POINT('',(-54.10065633231,14.71222101257,
    38.80455416098));
#3079 = CARTESIAN_POINT('',(-64.66773593376,21.372061486933,
    39.554554234081));
#3080 = CARTESIAN_POINT('',(-86.55414557409,22.750121997346,
    41.054554209603));
#3081 = CARTESIAN_POINT('',(-97.87312128172,17.46831982849,
    41.804554287035));
#3082 = CARTESIAN_POINT('',(-105.9497113709,5.985147396977,
    42.554554037474));
#3083 = CARTESIAN_POINT('',(-106.9984367044,-9.446052845748,
    43.304554571925));
#3084 = CARTESIAN_POINT('',(-99.04673966492,-24.03079512807,
    44.054553748215));
#3085 = CARTESIAN_POINT('',(-83.80247728342,-31.89457809661,
    44.804554692641));
#3086 = CARTESIAN_POINT('',(-67.30867227938,-29.92009862401,
    45.55455387893));
#3087 = CARTESIAN_POINT('',(-55.34221103984,-20.12083384728,
    46.30455440119));
#3088 = CARTESIAN_POINT('',(-50.66656375431,-6.883278506166,
    47.054554159204));
#3089 = CARTESIAN_POINT('',(-52.92364815506,5.401761846575,
    47.804554234361));
#3090 = CARTESIAN_POINT('',(-66.73303800587,22.437451725894,
    49.304554209429));
#3091 = CARTESIAN_POINT('',(-78.28511980903,27.187825524572,
    50.054554287548));
#3092 = CARTESIAN_POINT('',(-92.20368996734,25.352624898036,
    50.80455403621));
#3093 = CARTESIAN_POINT('',(-104.2670752961,15.672929649216,
    51.554554574387));
#3094 = CARTESIAN_POINT('',(-109.6118810597,-5.530116746405E-02,
    52.304553744575));
#3095 = CARTESIAN_POINT('',(-105.07279623,-16.59686479105,
    53.054554696512));
#3096 = CARTESIAN_POINT('',(-92.44917429879,-27.3944729489,
    53.804553876267));
#3097 = CARTESIAN_POINT('',(-77.13495721895,-29.56162316106,
    54.554554402042));
#3098 = CARTESIAN_POINT('',(-64.22904149379,-24.03605638075,
    55.304554159564));
#3099 = CARTESIAN_POINT('',(-56.71932523349,-14.05503398098,
    56.054554233724));
#3100 = CARTESIAN_POINT('',(-53.5386061147,7.642823138832,
    57.554554210903));
#3101 = CARTESIAN_POINT('',(-57.86765465078,19.359306573639,
    58.304554279016));
#3102 = CARTESIAN_POINT('',(-68.64464668871,28.356583871456,
    59.054554057366));
#3103 = CARTESIAN_POINT('',(-83.9365385344,30.676025699125,
    59.804554542254));
#3104 = CARTESIAN_POINT('',(-99.12811243038,23.955886202802,
    60.554553775779));
#3105 = CARTESIAN_POINT('',(-108.223897833,9.413076756043,
    61.304554678771));
#3106 = CARTESIAN_POINT('',(-107.6182098123,-7.187444758048,
    62.054553879343));
#3107 = CARTESIAN_POINT('',(-98.84059703616,-19.92225134468,
    62.804554405739));
#3108 = CARTESIAN_POINT('',(-86.03436654988,-25.67507757447,
    63.554554156096));
#3109 = CARTESIAN_POINT('',(-73.60489728531,-24.44019285494,
    64.304554235162));
#3110 = CARTESIAN_POINT('',(-55.48702254898,-12.0847651909,
    65.804554208816));
#3111 = CARTESIAN_POINT('',(-49.79891033059,-0.964422364511,
    66.554554289755));
#3112 = CARTESIAN_POINT('',(-50.47845640398,13.058158490842,
    67.304554030926));
#3113 = CARTESIAN_POINT('',(-59.12890411998,25.879684132588,
    68.054554583445));
#3114 = CARTESIAN_POINT('',(-74.36204449378,32.505061692545,
    68.804553733066));
#3115 = CARTESIAN_POINT('',(-91.22194494522,29.347471623649,
    69.554554707464));
#3116 = CARTESIAN_POINT('',(-103.0251242327,17.658625185656,
    70.304553868572));
#3117 = CARTESIAN_POINT('',(-106.449510552,2.575675761353,
    71.054554405947));
#3118 = CARTESIAN_POINT('',(-102.0085784563,-10.74245740375,
    71.804554158181));
#3119 = CARTESIAN_POINT('',(-92.68179376216,-19.05075047343,
    72.554554234048));
#3120 = CARTESIAN_POINT('',(-71.32070752785,-24.01240066256,
    74.054554210487));
#3121 = CARTESIAN_POINT('',(-59.28675182955,-20.66567755627,
    74.804554280134));
#3122 = CARTESIAN_POINT('',(-49.43024784906,-10.66848367851,
    75.554554058096));
#3123 = CARTESIAN_POINT('',(-45.85593366049,4.379640614737,
    76.304554532487));
#3124 = CARTESIAN_POINT('',(-51.29861027051,20.074272301851,
    77.054553801575));
#3125 = CARTESIAN_POINT('',(-65.0406246041,30.339926679916,
    77.804554639805));
#3126 = CARTESIAN_POINT('',(-81.63446428579,31.107167580066,
    78.554553917568));
#3127 = CARTESIAN_POINT('',(-95.05062453415,23.411166805077,
    79.304554380621));
#3128 = CARTESIAN_POINT('',(-101.8413320968,11.12374070681,
    80.054554166802));
#3129 = CARTESIAN_POINT('',(-101.6370825639,-1.365251587972,
    80.804554232668));
#3130 = CARTESIAN_POINT('',(-90.8200171893,-20.44154772686,
    82.304554211291));
#3131 = CARTESIAN_POINT('',(-80.20737654826,-27.02854278813,
    83.054554278961));
#3132 = CARTESIAN_POINT('',(-66.17657346635,-27.50929326328,
    83.804554057211));
#3133 = CARTESIAN_POINT('',(-52.68449148678,-19.94718439844,
    84.554554540915));
#3134 = CARTESIAN_POINT('',(-44.82380023848,-5.313192275187,
    85.304553780998));
#3135 = CARTESIAN_POINT('',(-46.57832594523,11.749874798594,
    86.054554669912));
#3136 = CARTESIAN_POINT('',(-57.25255025785,24.477997527231,
    86.804553887776));
#3137 = CARTESIAN_POINT('',(-72.0012001687,29.13622792535,
    87.554554401324));
#3138 = CARTESIAN_POINT('',(-85.64057442447,25.810266582121,
    88.304554156603));
#3139 = CARTESIAN_POINT('',(-94.69069023837,17.201430991371,
    89.054554236252));
#3140 = CARTESIAN_POINT('',(-98.04503431563,6.762232255481,
    89.804554221032));
#3141 = CARTESIAN_POINT('',(-91.5,-1.140461496087,17.062831760371));
#3142 = CARTESIAN_POINT('',(-90.93428437762,-8.333055202235,
    17.8128317603));
#3143 = CARTESIAN_POINT('',(-86.44416171208,-15.21686731716,
    18.562831760668));
#3144 = CARTESIAN_POINT('',(-78.21490012674,-19.4135546746,
    19.312831759757));
#3145 = CARTESIAN_POINT('',(-68.06535220475,-18.66606268463,
    20.06283176108));
#3146 = CARTESIAN_POINT('',(-59.30165861703,-12.13391807907,
    20.812831760043));
#3147 = CARTESIAN_POINT('',(-55.59230015061,-1.474306971438,
    21.562831760071));
#3148 = CARTESIAN_POINT('',(-58.4077086396,9.087164389923,
    22.312831761029));
#3149 = CARTESIAN_POINT('',(-65.90066453609,15.973942497832,
    23.062831759828));
#3150 = CARTESIAN_POINT('',(-74.95747081823,17.792507188025,
    23.8128317606));
#3151 = CARTESIAN_POINT('',(-82.75103317351,15.183204826112,
    24.562831760347));
#3152 = CARTESIAN_POINT('',(-92.56826198556,4.607961472553,
    26.062831760348));
#3153 = CARTESIAN_POINT('',(-94.59176981606,-3.357808225978,
    26.812831760595));
#3154 = CARTESIAN_POINT('',(-92.10584583348,-12.25461174591,
    27.562831759838));
#3155 = CARTESIAN_POINT('',(-84.68179633495,-19.21561429214,
    28.312831761026));
#3156 = CARTESIAN_POINT('',(-73.94045319231,-21.23917203313,
    29.062831760043));
#3157 = CARTESIAN_POINT('',(-63.58564229334,-16.74867760517,
    29.812831760118));
#3158 = CARTESIAN_POINT('',(-57.7221395645,-7.524224318321,
    30.562831760972));
#3159 = CARTESIAN_POINT('',(-57.73021318983,2.652810380249,
    31.312831759865));
#3160 = CARTESIAN_POINT('',(-62.52625965668,10.547799676574,
    32.062831760586));
#3161 = CARTESIAN_POINT('',(-69.72442195496,14.514477443559,
    32.812831760349));
#3162 = CARTESIAN_POINT('',(-84.1539095103,14.574829978168,
    34.312831760345));
#3163 = CARTESIAN_POINT('',(-91.3850013075,10.668504055519,
    35.062831760604));
#3164 = CARTESIAN_POINT('',(-96.24692188628,2.813909258147,
    35.812831759834));
#3165 = CARTESIAN_POINT('',(-96.34012598291,-7.362700189689,
    36.562831760995));
#3166 = CARTESIAN_POINT('',(-90.55399204527,-16.6358815788,
    37.312831760132));
#3167 = CARTESIAN_POINT('',(-80.23710530679,-21.21283438206,
    38.062831759992));
#3168 = CARTESIAN_POINT('',(-69.47921213508,-19.2792013539,
    38.81283176109));
#3169 = CARTESIAN_POINT('',(-61.99719247224,-12.38054332009,
    39.562831759792));
#3170 = CARTESIAN_POINT('',(-59.43693396778,-3.504846507147,
    40.312831760615));
#3171 = CARTESIAN_POINT('',(-61.39373696068,4.477571362859,
    41.062831760345));
#3172 = CARTESIAN_POINT('',(-71.12216016767,15.134566035136,
    42.562831760347));
#3173 = CARTESIAN_POINT('',(-78.89362276794,17.80897061107,43.3128317606
    ));
#3174 = CARTESIAN_POINT('',(-87.96532518228,16.066229522618,
    44.062831759838));
#3175 = CARTESIAN_POINT('',(-95.51562549407,9.242371965885,
    44.812831760993));
#3176 = CARTESIAN_POINT('',(-98.41928489212,-1.295179988477,
    45.562831760133));
#3177 = CARTESIAN_POINT('',(-94.79922123269,-11.98544603376,
    46.312831759988));
#3178 = CARTESIAN_POINT('',(-86.0904783929,-18.59067125137,
    47.062831761094));
#3179 = CARTESIAN_POINT('',(-75.94753668567,-19.42303806314,
    47.812831759789));
#3180 = CARTESIAN_POINT('',(-67.68345841305,-15.2953355753,
    48.562831760617));
#3181 = CARTESIAN_POINT('',(-63.13590932905,-8.449324304431,
    49.312831760342));
#3182 = CARTESIAN_POINT('',(-61.88418528876,5.925895362037,
    50.812831760353));
#3183 = CARTESIAN_POINT('',(-65.18003031347,13.454871154551,
    51.562831760559));
#3184 = CARTESIAN_POINT('',(-72.6063034285,18.948813102544,
    52.312831759961));
#3185 = CARTESIAN_POINT('',(-82.74045793459,19.882076610438,
    53.062831760745));
#3186 = CARTESIAN_POINT('',(-92.45978177166,14.881478508255,
    53.812831760506));
#3187 = CARTESIAN_POINT('',(-97.87306379181,4.977790918506,
    54.562831759563));
#3188 = CARTESIAN_POINT('',(-96.83441483403,-5.903036719437,
    55.312831761443));
#3189 = CARTESIAN_POINT('',(-90.57717951414,-13.92918817911,
    56.062831759592));
#3190 = CARTESIAN_POINT('',(-81.94322217872,-17.21365132258,
    56.812831760685));
#3191 = CARTESIAN_POINT('',(-73.82647679981,-15.92271465215,
    57.562831760334));
#3192 = CARTESIAN_POINT('',(-62.40251434764,-7.107566585722,
    59.062831760351));
#3193 = CARTESIAN_POINT('',(-59.09548192225,0.416501946709,
    59.812831760595));
#3194 = CARTESIAN_POINT('',(-60.0831354235,9.601134326352,
    60.562831759848));
#3195 = CARTESIAN_POINT('',(-66.26018718131,17.689156205694,
    61.312831760968));
#3196 = CARTESIAN_POINT('',(-76.52196576957,21.453082306338,
    62.062831760177));
#3197 = CARTESIAN_POINT('',(-87.4746616172,18.728178141964,
    62.812831759932));
#3198 = CARTESIAN_POINT('',(-94.77648892861,10.594635274472,
    63.562831761144));
#3199 = CARTESIAN_POINT('',(-96.4436102727,0.555073146597,
    64.312831759758));
#3200 = CARTESIAN_POINT('',(-93.01244815568,-8.021642071525,
    65.062831760629));
#3201 = CARTESIAN_POINT('',(-86.56535311148,-13.118998102,65.81283176034
    ));
#3202 = CARTESIAN_POINT('',(-72.34259865996,-15.55354310015,
    67.312831760354));
#3203 = CARTESIAN_POINT('',(-64.56716941166,-12.89069295264,
    68.062831760584));
#3204 = CARTESIAN_POINT('',(-58.47873529448,-5.943470451941,
    68.812831759811));
#3205 = CARTESIAN_POINT('',(-56.71178748092,4.079002491207,
    69.562831761181));
#3206 = CARTESIAN_POINT('',(-60.89269066788,14.178076009179,
    70.312831759697));
#3207 = CARTESIAN_POINT('',(-70.3155267602,20.390709004718,
    71.062831760592));
#3208 = CARTESIAN_POINT('',(-81.24496191183,20.254139134993,
    71.812831760538));
#3209 = CARTESIAN_POINT('',(-89.7604183096,14.681069822676,
    72.562831760132));
#3210 = CARTESIAN_POINT('',(-93.74664993773,6.34783062052,
    73.312831760485));
#3211 = CARTESIAN_POINT('',(-93.1303979744,-1.847796653557,
    74.062831760364));
#3212 = CARTESIAN_POINT('',(-85.28874145626,-13.96068964326,
    75.562831760343));
#3213 = CARTESIAN_POINT('',(-78.06346398831,-17.87775952175,
    76.312831760581));
#3214 = CARTESIAN_POINT('',(-68.82864205389,-17.65194031293,
    77.062831759906));
#3215 = CARTESIAN_POINT('',(-60.25814788777,-12.16388982772,
    77.812831760864));
#3216 = CARTESIAN_POINT('',(-55.65966666404,-2.247983024913,
    78.562831760311));
#3217 = CARTESIAN_POINT('',(-57.4707973306,8.892324665829,79.31283175979
    ));
#3218 = CARTESIAN_POINT('',(-64.97357998186,16.84087514854,
    80.062831761274));
#3219 = CARTESIAN_POINT('',(-74.84118209342,19.33136291312,
    80.812831759652));
#3220 = CARTESIAN_POINT('',(-83.67194660662,16.620179477152,
    81.562831760706));
#3221 = CARTESIAN_POINT('',(-89.28428947613,10.616040858601,
    82.312831760292));
#3222 = CARTESIAN_POINT('',(-91.08465724442,3.629474156055,
    83.062831760372));
#3223 = CARTESIAN_POINT('',(-83.89955046701,-0.437475611858,
    23.804554222965));
#3224 = CARTESIAN_POINT('',(-83.68254464185,-3.859935129798,
    24.554554237593));
#3225 = CARTESIAN_POINT('',(-81.59818317707,-7.163936889907,
    25.304554159578));
#3226 = CARTESIAN_POINT('',(-77.71736953163,-9.217803669748,
    26.054554402945));
#3227 = CARTESIAN_POINT('',(-72.88826565684,-8.935726418543,
    26.804553884776));
#3228 = CARTESIAN_POINT('',(-68.67610085124,-5.894418204883,
    27.554554685624));
#3229 = CARTESIAN_POINT('',(-66.83632124835,-0.855034672039,
    28.304553761604));
#3230 = CARTESIAN_POINT('',(-68.09823507072,4.184752418338,
    29.054554563797));
#3231 = CARTESIAN_POINT('',(-71.60971399403,7.511813373481,
    29.804554045079));
#3232 = CARTESIAN_POINT('',(-75.90097582639,8.44141133584,
    30.554554286879));
#3233 = CARTESIAN_POINT('',(-79.62378839584,7.257495215834,
    31.304554211662));
#3234 = CARTESIAN_POINT('',(-84.36581090688,2.302244946593,
    32.804554236079));
#3235 = CARTESIAN_POINT('',(-85.38494439236,-1.469009127444,
    33.554554161384));
#3236 = CARTESIAN_POINT('',(-84.26761972823,-5.715262638291,
    34.304554401043));
#3237 = CARTESIAN_POINT('',(-80.78942568699,-9.07710410466,
    35.054553887613));
#3238 = CARTESIAN_POINT('',(-75.69904091544,-10.1162724563,
    35.804554680409));
#3239 = CARTESIAN_POINT('',(-70.74539713401,-8.056760708591,
    36.554553769112));
#3240 = CARTESIAN_POINT('',(-67.89217624447,-3.714985607044,
    37.304554556463));
#3241 = CARTESIAN_POINT('',(-67.82263791057,1.121850464978,
    38.054554049765));
#3242 = CARTESIAN_POINT('',(-70.04510302104,4.908633974247,
    38.804554285121));
#3243 = CARTESIAN_POINT('',(-73.43753076642,6.845751625136,
    39.554554211829));
#3244 = CARTESIAN_POINT('',(-80.29491133187,6.978471281241,
    41.05455423631));
#3245 = CARTESIAN_POINT('',(-83.75975345614,5.174071269869,
    41.80455415904));
#3246 = CARTESIAN_POINT('',(-86.12708029036,1.476119541999,
    42.554554408142));
#3247 = CARTESIAN_POINT('',(-86.2447507137,-3.359784241188,
    43.304553874297));
#3248 = CARTESIAN_POINT('',(-83.56166792112,-7.808711622448,
    44.054554697771));
#3249 = CARTESIAN_POINT('',(-78.6914242346,-10.0583564269,
    44.804553752776));
#3250 = CARTESIAN_POINT('',(-73.56464255392,-9.216935007197,
    45.554554567698));
#3251 = CARTESIAN_POINT('',(-69.95896956795,-5.99219607743,
    46.304554044224));
#3252 = CARTESIAN_POINT('',(-68.6781770606,-1.792356671872,
    47.054554286936));
#3253 = CARTESIAN_POINT('',(-69.55062208136,2.015507623573,
    47.804554211543));
#3254 = CARTESIAN_POINT('',(-74.09735454373,7.150535047232,
    49.304554236489));
#3255 = CARTESIAN_POINT('',(-77.77156849557,8.477615369528,
    50.054554158515));
#3256 = CARTESIAN_POINT('',(-82.09558684203,7.714759767123,
    50.804554409428));
#3257 = CARTESIAN_POINT('',(-85.7331728922,4.526064197716,51.55455387181
    ));
#3258 = CARTESIAN_POINT('',(-87.18915261631,-0.461120497174,
    52.304554701424));
#3259 = CARTESIAN_POINT('',(-85.54574378726,-5.567918195885,
    53.05455374891));
#3260 = CARTESIAN_POINT('',(-81.45441517901,-8.769934842215,
    53.80455457034));
#3261 = CARTESIAN_POINT('',(-76.63984177437,-9.238658421401,
    54.554554043397));
#3262 = CARTESIAN_POINT('',(-72.68246234051,-7.336494260541,
    55.304554286559));
#3263 = CARTESIAN_POINT('',(-70.47181646519,-4.115619283473,
    56.054554212186));
#3264 = CARTESIAN_POINT('',(-69.77327211429,2.707379948389,
    57.554554235007));
#3265 = CARTESIAN_POINT('',(-71.28538479532,6.309394051831,
    58.304554167092));
#3266 = CARTESIAN_POINT('',(-74.77521382692,8.974009699306,
    59.05455438817));
#3267 = CARTESIAN_POINT('',(-79.58488342875,9.490623983469,
    59.804553904054));
#3268 = CARTESIAN_POINT('',(-84.24018265382,7.184094798637,
    60.554554670234));
#3269 = CARTESIAN_POINT('',(-86.8843253453,2.516259647019,
    61.304553766444));
#3270 = CARTESIAN_POINT('',(-86.46914406688,-2.662495492858,
    62.054554567559));
#3271 = CARTESIAN_POINT('',(-83.55317337377,-6.522150116852,
    62.804554039477));
#3272 = CARTESIAN_POINT('',(-79.47344555767,-8.145388052708,
    63.554554290127));
#3273 = CARTESIAN_POINT('',(-75.60654110916,-7.590373816908,
    64.304554210727));
#3274 = CARTESIAN_POINT('',(-70.1135862174,-3.483217954151,
    65.804554237112));
#3275 = CARTESIAN_POINT('',(-68.48762436283,6.885726865535E-02,
    66.554554156278));
#3276 = CARTESIAN_POINT('',(-68.89079982448,4.441103019923,
    67.304554414788));
#3277 = CARTESIAN_POINT('',(-71.76821490205,8.329585255742,
    68.054553862616));
#3278 = CARTESIAN_POINT('',(-76.61813198584,10.192430528788,
    68.804554713116));
#3279 = CARTESIAN_POINT('',(-81.84319900171,8.976350774466,
    69.554553737781));
#3280 = CARTESIAN_POINT('',(-85.37213837948,5.16341657574,70.30455457816
    ));
#3281 = CARTESIAN_POINT('',(-86.23684534922,0.403994260807,
    71.05455403943));
#3282 = CARTESIAN_POINT('',(-84.66797584706,-3.696948184581,
    71.804554287963));
#3283 = CARTESIAN_POINT('',(-81.64065548047,-6.166021331824,
    72.554554211859));
#3284 = CARTESIAN_POINT('',(-74.89864558543,-7.425618609924,
    74.054554235426));
#3285 = CARTESIAN_POINT('',(-71.1840649106,-6.216122528296,
    74.804554165994));
#3286 = CARTESIAN_POINT('',(-68.24036248198,-2.958255247348,
    75.554554387279));
#3287 = CARTESIAN_POINT('',(-67.32833331977,1.792325227596,
    76.304553914338));
#3288 = CARTESIAN_POINT('',(-69.24255299741,6.622195904519,
    77.054554643422));
#3289 = CARTESIAN_POINT('',(-73.676093519,9.642774301292,77.804553806742
    ));
#3290 = CARTESIAN_POINT('',(-78.87144601884,9.656669261172,
    78.554554528142));
#3291 = CARTESIAN_POINT('',(-82.95871688861,7.069385860881,
    79.304554065315));
#3292 = CARTESIAN_POINT('',(-84.91331191225,3.137638297179,
    80.054554279146));
#3293 = CARTESIAN_POINT('',(-84.67951976411,-0.761891419621,
    80.80455421327));
#3294 = CARTESIAN_POINT('',(-81.03999654278,-6.575251330313,
    82.304554234604));
#3295 = CARTESIAN_POINT('',(-77.63432431746,-8.488987742801,
    83.054554167186));
#3296 = CARTESIAN_POINT('',(-73.24371805337,-8.448246535706,
    83.804554388229));
#3297 = CARTESIAN_POINT('',(-69.13090187022,-5.901767582825,
    84.554553905594));
#3298 = CARTESIAN_POINT('',(-66.8739162222,-1.222247999561,
    85.304554664684));
#3299 = CARTESIAN_POINT('',(-67.65435979288,4.085395862618,
    86.054553775694));
#3300 = CARTESIAN_POINT('',(-71.16285341137,7.91715171438,
    86.804554558814));
#3301 = CARTESIAN_POINT('',(-75.83461293907,9.17193526005,
    87.554554044041));
#3302 = CARTESIAN_POINT('',(-80.05110480474,7.947077382701,
    88.304554289598));
#3303 = CARTESIAN_POINT('',(-82.76173895191,5.133991295161,
    89.054554209612));
#3304 = CARTESIAN_POINT('',(-83.66776188956,1.826508397712,
    89.804554224898));
#3305 = CARTESIAN_POINT('',(-84.85382769771,0.414846486656,
    31.978429639004));
#3306 = CARTESIAN_POINT('',(-85.05960854976,-3.480973613657,
    32.728429651844));
#3307 = CARTESIAN_POINT('',(-83.13975224513,-7.489008755845,
    33.478429583374));
#3308 = CARTESIAN_POINT('',(-79.02525266285,-10.32117170544,
    34.228429796807));
#3309 = CARTESIAN_POINT('',(-73.53141256235,-10.63878248397,
    34.978429342792));
#3310 = CARTESIAN_POINT('',(-68.37109571816,-7.757290883141,
    35.728430043799));
#3311 = CARTESIAN_POINT('',(-65.62817205896,-2.305448719951,
    36.478429235777));
#3312 = CARTESIAN_POINT('',(-66.38997118087,3.555569435647,
    37.228429936589));
#3313 = CARTESIAN_POINT('',(-69.91936629864,7.777715620817,
    37.978429483829));
#3314 = CARTESIAN_POINT('',(-74.64580270596,9.393591737389,
    38.728429694735));
#3315 = CARTESIAN_POINT('',(-79.00842070947,8.546385976569,
    39.478429629137));
#3316 = CARTESIAN_POINT('',(-85.01965986482,3.572047440205,
    40.978429650489));
#3317 = CARTESIAN_POINT('',(-86.66818385935,-0.555005086875,
    41.728429584994));
#3318 = CARTESIAN_POINT('',(-85.96519911617,-5.500312585514,
    42.478429795112));
#3319 = CARTESIAN_POINT('',(-82.47799630223,-9.757374033332,
    43.228429345275));
#3320 = CARTESIAN_POINT('',(-76.86302653262,-11.60236136691,
    43.978430039271));
#3321 = CARTESIAN_POINT('',(-70.99424424647,-9.927963652711,
    44.728429242292));
#3322 = CARTESIAN_POINT('',(-67.19810555763,-5.397930243442,
    45.478429930221));
#3323 = CARTESIAN_POINT('',(-66.48216592542,5.83119448508E-02,
    46.2284294879));
#3324 = CARTESIAN_POINT('',(-68.49445550863,4.630067334564,
    46.978429693208));
#3325 = CARTESIAN_POINT('',(-72.07248582179,7.265952864669,
    47.728429629281));
#3326 = CARTESIAN_POINT('',(-79.80352712529,8.319537422364,
    49.228429650696));
#3327 = CARTESIAN_POINT('',(-83.95641327236,6.737219319459,
    49.978429582921));
#3328 = CARTESIAN_POINT('',(-87.11867563142,2.8706510047,50.728429801375
    ));
#3329 = CARTESIAN_POINT('',(-87.88887932936,-2.578196764084,
    51.47842933355));
#3330 = CARTESIAN_POINT('',(-85.44336506847,-7.958840188727,
    52.228430054529));
#3331 = CARTESIAN_POINT('',(-80.23665255271,-11.14260494208,
    52.978429227965));
#3332 = CARTESIAN_POINT('',(-74.33274387164,-10.86740678552,
    53.728429940053));
#3333 = CARTESIAN_POINT('',(-69.8335633179,-7.698728413501,
    54.478429483062));
#3334 = CARTESIAN_POINT('',(-67.8329002125,-3.121873173922,
    55.228429694791));
#3335 = CARTESIAN_POINT('',(-68.31695019695,1.295805974377,
    55.978429629031));
#3336 = CARTESIAN_POINT('',(-72.77789465005,7.697291320973,
    57.478429650852));
#3337 = CARTESIAN_POINT('',(-76.75471716948,9.680994065948,
    58.228429582459));
#3338 = CARTESIAN_POINT('',(-81.74118595034,9.388790630561,
    58.978429802507));
#3339 = CARTESIAN_POINT('',(-86.27167831258,6.265043726786,
    59.728429331367));
#3340 = CARTESIAN_POINT('',(-88.57404458957,0.821609775627,
    60.478430057725));
#3341 = CARTESIAN_POINT('',(-87.39000601255,-5.16539831288,
    61.228429224596));
#3342 = CARTESIAN_POINT('',(-83.18892759549,-9.322658457355,
    61.978429942342));
#3343 = CARTESIAN_POINT('',(-77.81044307686,-10.48672570045,
    62.72842948236));
#3344 = CARTESIAN_POINT('',(-73.08812898904,-8.85884167484,
    63.478429694447));
#3345 = CARTESIAN_POINT('',(-70.16577494362,-5.510701850921,
    64.2284296296));
#3346 = CARTESIAN_POINT('',(-68.4773645815,2.106929704064,
    65.728429649544));
#3347 = CARTESIAN_POINT('',(-69.71133564139,6.376298431137,
    66.478429590039));
#3348 = CARTESIAN_POINT('',(-73.30356012323,9.847058745754,67.2284297837
    ));
#3349 = CARTESIAN_POINT('',(-78.67019437125,11.064594084248,
    67.978429359935));
#3350 = CARTESIAN_POINT('',(-84.2344091703,9.071762510296,
    68.728430030006));
#3351 = CARTESIAN_POINT('',(-87.83726663551,4.14574676861,
    69.478429240306));
#3352 = CARTESIAN_POINT('',(-88.05054935225,-1.760722761177,
    70.228429939682));
#3353 = CARTESIAN_POINT('',(-85.2642330025,-6.506203710634,
    70.978429479022));
#3354 = CARTESIAN_POINT('',(-80.86822349421,-8.877987252422,
    71.72842969755));
#3355 = CARTESIAN_POINT('',(-76.4256604296,-8.760399594548,
    72.478429628321));
#3356 = CARTESIAN_POINT('',(-69.67765752755,-4.843321999097,
    73.978429651398));
#3357 = CARTESIAN_POINT('',(-67.37232673294,-1.043895217625,
    74.728429580487));
#3358 = CARTESIAN_POINT('',(-67.25175281631,3.949672208676,
    75.478429807235));
#3359 = CARTESIAN_POINT('',(-69.99070544812,8.722647625076,
    76.228429323258));
#3360 = CARTESIAN_POINT('',(-75.2254194112,11.466665355676,
    76.978430068024));
#3361 = CARTESIAN_POINT('',(-81.28975596275,10.781074091793,
    77.728429214807));
#3362 = CARTESIAN_POINT('',(-85.77973926261,6.937648299631,
    78.478429949206));
#3363 = CARTESIAN_POINT('',(-87.38398235624,1.67366194928,
    79.228429478886));
#3364 = CARTESIAN_POINT('',(-86.15162398702,-3.166952641685,
    79.978429695673));
#3365 = CARTESIAN_POINT('',(-83.0562458421,-6.355812560806,
    80.728429629315));
#3366 = CARTESIAN_POINT('',(-75.60406018373,-8.667515173732,
    82.228429649911));
#3367 = CARTESIAN_POINT('',(-71.24737299296,-7.790320424782,
    82.978429589064));
#3368 = CARTESIAN_POINT('',(-67.49182353554,-4.496978327547,
    83.728429782989));
#3369 = CARTESIAN_POINT('',(-65.83527356455,0.75078287315,
    84.478429368756));
#3370 = CARTESIAN_POINT('',(-67.36180936716,6.460559787695,
    85.228430006854));
#3371 = CARTESIAN_POINT('',(-71.97347869501,10.457898815388,
    85.978429275195));
#3372 = CARTESIAN_POINT('',(-77.84216184738,11.158205462904,
    86.72842990551));
#3373 = CARTESIAN_POINT('',(-82.80152678719,8.773284496478,
    87.478429501446));
#3374 = CARTESIAN_POINT('',(-85.52822905505,4.588149928191,
    88.228429688005));
#3375 = CARTESIAN_POINT('',(-85.77790697556,0.151050154563,
    88.978429630541));
#3376 = CARTESIAN_POINT('',(-82.43145384635,-6.897374599497,
    90.478429649194));
#3377 = CARTESIAN_POINT('',(-78.83537674863,-9.50858569956,
    91.228429590119));
#3378 = CARTESIAN_POINT('',(-73.86882178264,-10.04111331933,
    91.978429783756));
#3379 = CARTESIAN_POINT('',(-68.8859676173,-7.705664794505,
    92.728429361273));
#3380 = CARTESIAN_POINT('',(-65.71904279862,-2.715429210578,
    93.478430025167));
#3381 = CARTESIAN_POINT('',(-65.90150352209,3.384810225263,
    94.228429248386));
#3382 = CARTESIAN_POINT('',(-69.36102215489,8.176845548168,
    94.978429932027));
#3383 = CARTESIAN_POINT('',(-74.47455199089,10.210305882526,
    95.728429483044));
#3384 = CARTESIAN_POINT('',(-79.40040077468,9.381891428328,
    96.478429697045));
#3385 = CARTESIAN_POINT('',(-82.83398341982,6.560419532724,
    97.228429627381));
#3386 = CARTESIAN_POINT('',(-84.29358521673,2.942502644913,
    97.978429640694));
#3387 = CARTESIAN_POINT('',(-91.5,0.414846486656,31.978429639004));
#3388 = CARTESIAN_POINT('',(-91.70578085204,-6.777747220524,
    32.728429639031));
#3389 = CARTESIAN_POINT('',(-87.98714197304,-14.08250252501,
    33.478429638893));
#3390 = CARTESIAN_POINT('',(-80.27426011853,-19.12126739154,
    34.228429639241));
#3391 = CARTESIAN_POINT('',(-70.13012605893,-19.46201695505,
    34.978429638714));
#3392 = CARTESIAN_POINT('',(-60.74356704448,-13.91887844095,
    35.728429639181));
#3393 = CARTESIAN_POINT('',(-55.92896015732,-3.744074239427,
    36.478429639044));
#3394 = CARTESIAN_POINT('',(-57.59487794237,7.028975737786,
    37.228429638824));
#3395 = CARTESIAN_POINT('',(-64.29085521907,14.656782907286,
    37.978429639167));
#3396 = CARTESIAN_POINT('',(-73.07785941837,17.425584087261,
    38.728429638935));
#3397 = CARTESIAN_POINT('',(-81.0842355613,15.668977863384,
    39.47842963901));
#3398 = CARTESIAN_POINT('',(-91.94650505752,6.22895130778,
    40.978429639016));
#3399 = CARTESIAN_POINT('',(-94.8022226136,-1.454316382303,
    41.728429638907));
#3400 = CARTESIAN_POINT('',(-93.28556966093,-10.54153057238,
    42.478429639239));
#3401 = CARTESIAN_POINT('',(-86.66583220392,-18.23559595042,
    43.228429638698));
#3402 = CARTESIAN_POINT('',(-76.23026921826,-21.38724629631,
    43.978429639205));
#3403 = CARTESIAN_POINT('',(-65.48357796011,-18.03826031626,
    44.728429639027));
#3404 = CARTESIAN_POINT('',(-58.68588291786,-9.516216556379,
    45.478429638831));
#3405 = CARTESIAN_POINT('',(-57.60898481015,0.576347265198,
    46.228429639166));
#3406 = CARTESIAN_POINT('',(-61.52318759231,8.916414369329,
    46.978429638936));
#3407 = CARTESIAN_POINT('',(-68.23813580995,13.61717971243,
    47.728429639009));
#3408 = CARTESIAN_POINT('',(-82.5402040201,15.215255083261,
    49.22842963902));
#3409 = CARTESIAN_POINT('',(-90.12709264647,12.112539153709,
    49.978429638883));
#3410 = CARTESIAN_POINT('',(-95.78557231133,4.84209860855,50.72842963931
    ));
#3411 = CARTESIAN_POINT('',(-96.96285399388,-5.239249222123,
    51.478429638569));
#3412 = CARTESIAN_POINT('',(-92.21378400723,-15.05149711728,
    52.228429639362));
#3413 = CARTESIAN_POINT('',(-82.47131900641,-20.6898883638,
    52.978429638894));
#3414 = CARTESIAN_POINT('',(-71.59749405634,-19.91929194064,
    53.728429638909));
#3415 = CARTESIAN_POINT('',(-63.44279029473,-13.87608414802,
    54.478429639135));
#3416 = CARTESIAN_POINT('',(-59.95782091908,-5.347737811359,
    55.228429638943));
#3417 = CARTESIAN_POINT('',(-61.04726614075,2.776351889967,
    55.978429639008));
#3418 = CARTESIAN_POINT('',(-69.55805111404,14.381072443139,
    57.478429639021));
#3419 = CARTESIAN_POINT('',(-76.97925326439,17.86151549187,
    58.228429638875));
#3420 = CARTESIAN_POINT('',(-86.16067421406,17.100458880954,
    58.978429639327));
#3421 = CARTESIAN_POINT('',(-94.37511405516,11.13870206105,
    59.728429638551));
#3422 = CARTESIAN_POINT('',(-98.37776186152,0.999043043031,
    60.478429639366));
#3423 = CARTESIAN_POINT('',(-95.92766911573,-9.98749989161,
    61.228429638912));
#3424 = CARTESIAN_POINT('',(-87.99608164704,-17.46572215184,
    61.978429638875));
#3425 = CARTESIAN_POINT('',(-78.02691859846,-19.37237942178,
    62.728429639169));
#3426 = CARTESIAN_POINT('',(-69.39210474421,-16.16026290933,
    63.478429638921));
#3427 = CARTESIAN_POINT('',(-64.15287886985,-9.856435769476,
    64.228429639018));
#3428 = CARTESIAN_POINT('',(-61.37920630579,4.264815608672,
    65.728429639005));
#3429 = CARTESIAN_POINT('',(-63.84480458561,12.082011413855,
    66.478429638975));
#3430 = CARTESIAN_POINT('',(-70.6231393577,18.321552724756,
    67.228429639064));
#3431 = CARTESIAN_POINT('',(-80.57283509709,20.327324498039,
    67.978429638973));
#3432 = CARTESIAN_POINT('',(-90.74374431489,16.404763999642,
    68.728429638928));
#3433 = CARTESIAN_POINT('',(-97.16740395142,7.161189121393,
    69.478429639198));
#3434 = CARTESIAN_POINT('',(-97.29739286896,-3.739131560885,
    70.228429638777));
#3435 = CARTESIAN_POINT('',(-91.94823578926,-12.3650270106,
    70.978429639161));
#3436 = CARTESIAN_POINT('',(-83.7368045687,-16.5423587124,
    71.728429638948));
#3437 = CARTESIAN_POINT('',(-75.55049708016,-16.12751650672,
    72.478429639004));
#3438 = CARTESIAN_POINT('',(-63.28259747822,-8.604110407309,
    73.978429639026));
#3439 = CARTESIAN_POINT('',(-59.20120389162,-1.495668132416,
    74.728429638846));
#3440 = CARTESIAN_POINT('',(-59.20146537408,7.717241162956,
    75.478429639402));
#3441 = CARTESIAN_POINT('',(-64.46451670919,16.39594251056,
    76.228429638422));
#3442 = CARTESIAN_POINT('',(-74.23900761174,21.222245639983,
    76.978429639523));
#3443 = CARTESIAN_POINT('',(-85.39035298988,19.687782738878,
    77.728429638775));
#3444 = CARTESIAN_POINT('',(-93.49801863028,12.400832353031,
    78.478429638957));
#3445 = CARTESIAN_POINT('',(-96.22141065858,2.623169565616,
    79.228429639136));
#3446 = CARTESIAN_POINT('',(-93.73332242911,-6.24740650331,
    79.97842963893));
#3447 = CARTESIAN_POINT('',(-87.88367789826,-11.98930368338,
    80.728429639016));
#3448 = CARTESIAN_POINT('',(-74.03970581795,-15.91962644582,
    82.228429639008));
#3449 = CARTESIAN_POINT('',(-66.04560220771,-14.1079883463,
    82.978429638962));
#3450 = CARTESIAN_POINT('',(-59.26762164237,-7.86806226285,
    83.72842963908));
#3451 = CARTESIAN_POINT('',(-56.44706124502,1.882014900184,
    84.478429638993));
#3452 = CARTESIAN_POINT('',(-59.51631716121,12.342107791697,
    85.22842963882));
#3453 = CARTESIAN_POINT('',(-68.1978589721,19.507155723001,
    85.978429639388));
#3454 = CARTESIAN_POINT('',(-79.05021509454,20.536842027678,
    86.728429638585));
#3455 = CARTESIAN_POINT('',(-88.0883786587,15.918275816391,
    87.478429639287));
#3456 = CARTESIAN_POINT('',(-92.92953725369,8.079852123423,
    88.228429638893));
#3457 = CARTESIAN_POINT('',(-93.19213186485,-0.112752375919,
    88.978429639021));
#3458 = CARTESIAN_POINT('',(-86.7074971287,-12.96002883107,
    90.478429639001));
#3459 = CARTESIAN_POINT('',(-79.96037260542,-17.61449290309,
    91.228429638991));
#3460 = CARTESIAN_POINT('',(-70.77890845536,-18.3750283242,
    91.97842963902));
#3461 = CARTESIAN_POINT('',(-61.69522997159,-13.84663447064,
    92.728429639063));
#3462 = CARTESIAN_POINT('',(-56.07824000944,-4.504081343373,
    93.478429638783));
#3463 = CARTESIAN_POINT('',(-56.68659118091,6.735891460298,
    94.228429639375));
#3464 = CARTESIAN_POINT('',(-63.27912718708,15.417616917427,
    94.978429638621));
#3465 = CARTESIAN_POINT('',(-72.79849837939,18.939140168642,
    95.728429639264));
#3466 = CARTESIAN_POINT('',(-81.84424162974,17.192076389919,
    96.478429638893));
#3467 = CARTESIAN_POINT('',(-88.04958713452,11.83657347075,
    97.22842963903));
#3468 = CARTESIAN_POINT('',(-90.5796495716,5.10051126354,97.978429639004
    ));
#3469 = DEFINITIONAL_REPRESENTATION('',(#3470),#3473);
#3470 = B_SPLINE_CURVE_WITH_KNOTS('',1,(#3471,#3472),.UNSPECIFIED.,.F.,
  .F.,(2,2),(0.,79.129403263079),.PIECEWISE_BEZIER_KNOTS.);
#3471 = CARTESIAN_POINT('',(6.28318530718,0.));
#3472 = CARTESIAN_POINT('',(6.28318530718,79.129403263079));
#3473 = ( GEOMETRIC_REPRESENTATION_CONTEXT(2) 
PARAMETRIC_REPRESENTATION_CONTEXT() REPRESENTATION_CONTEXT('2D SPACE',''
  ) );
#3474 = PCURVE('',#2894,#3475);
#3475 = DEFINITIONAL_REPRESENTATION('',(#3476),#3480);
#3476 = LINE('',#3477,#3478);
#3477 = CARTESIAN_POINT('',(0.,0.));
#3478 = VECTOR('',#3479,1.);
#3479 = DIRECTION('',(0.,1.));
#3480 = ( GEOMETRIC_REPRESENTATION_CONTEXT(2) 
PARAMETRIC_REPRESENTATION_CONTEXT() REPRESENTATION_CONTEXT('2D SPACE',''
  ) );
#3481 = ORIENTED_EDGE('',*,*,#3482,.F.);
#3482 = EDGE_CURVE('',#2807,#2807,#3483,.T.);
#3483 = SURFACE_CURVE('',#3484,(#3492,#3499),.PCURVE_S1.);
#3484 = ( BOUNDED_CURVE() B_SPLINE_CURVE(6,(#3485,#3486,#3487,#3488,
#3489,#3490,#3491),.UNSPECIFIED.,.T.,.F.) B_SPLINE_CURVE_WITH_KNOTS((1,6
    ,6,1),(-6.28318530718,0.,6.28318530718,12.566370614359),
.UNSPECIFIED.) CURVE() GEOMETRIC_REPRESENTATION_ITEM() 
RATIONAL_B_SPLINE_CURVE((1.669078461068,1.03672962321,1.038346699848,
    0.853534330196,1.038346699848,1.03672962321,1.669078461068)) 
REPRESENTATION_ITEM('') );
#3485 = CARTESIAN_POINT('',(-90.5796495716,5.10051126354,97.978429639004
    ));
#3486 = CARTESIAN_POINT('',(-96.86571392647,7.258519882167,
    97.978429637314));
#3487 = CARTESIAN_POINT('',(-98.04503431563,6.762232255481,
    89.804554221032));
#3488 = CARTESIAN_POINT('',(-91.08465724442,3.629474156055,
    83.062831760372));
#3489 = CARTESIAN_POINT('',(-83.66776188956,1.826508397712,
    89.804554224898));
#3490 = CARTESIAN_POINT('',(-84.29358521673,2.942502644913,
    97.978429640694));
#3491 = CARTESIAN_POINT('',(-90.5796495716,5.10051126354,97.978429639004
    ));
#3492 = PCURVE('',#2894,#3493);
#3493 = DEFINITIONAL_REPRESENTATION('',(#3494),#3498);
#3494 = LINE('',#3495,#3496);
#3495 = CARTESIAN_POINT('',(0.,79.129403263079));
#3496 = VECTOR('',#3497,1.);
#3497 = DIRECTION('',(1.,0.));
#3498 = ( GEOMETRIC_REPRESENTATION_CONTEXT(2) 
PARAMETRIC_REPRESENTATION_CONTEXT() REPRESENTATION_CONTEXT('2D SPACE',''
  ) );
#3499 = PCURVE('',#3500,#3505);
#3500 = PLANE('',#3501);
#3501 = AXIS2_PLACEMENT_3D('',#3502,#3503,#3504);
#3502 = CARTESIAN_POINT('',(-90.71432866498,4.708204463828,
    94.000630275693));
#3503 = DIRECTION('',(-0.322948498013,-0.940716836866,0.103711621664));
#3504 = DIRECTION('',(-0.945817241701,0.324699469205,0.));
#3505 = DEFINITIONAL_REPRESENTATION('',(#3506),#3514);
#3506 = ( BOUNDED_CURVE() B_SPLINE_CURVE(6,(#3507,#3508,#3509,#3510,
#3511,#3512,#3513),.UNSPECIFIED.,.T.,.F.) B_SPLINE_CURVE_WITH_KNOTS((1,6
    ,6,1),(-6.28318530718,0.,6.28318530718,12.566370614359),
.UNSPECIFIED.) CURVE() GEOMETRIC_REPRESENTATION_ITEM() 
RATIONAL_B_SPLINE_CURVE((1.669078461068,1.03672962321,1.038346699848,
    0.853534330196,1.038346699848,1.03672962321,1.669078461068)) 
REPRESENTATION_ITEM('') );
#3507 = CARTESIAN_POINT('',(1.02258290724E-09,-3.999366307061));
#3508 = CARTESIAN_POINT('',(6.646172303307,-3.999366305361));
#3509 = CARTESIAN_POINT('',(7.600449531904,4.218826457075));
#3510 = CARTESIAN_POINT('',(-2.811873400788E-09,10.997101376973));
#3511 = CARTESIAN_POINT('',(-7.600449534061,4.218826453189));
#3512 = CARTESIAN_POINT('',(-6.646172301262,-3.99936630876));
#3513 = CARTESIAN_POINT('',(1.02258290724E-09,-3.999366307061));
#3514 = ( GEOMETRIC_REPRESENTATION_CONTEXT(2) 
PARAMETRIC_REPRESENTATION_CONTEXT() REPRESENTATION_CONTEXT('2D SPACE',''
  ) );
#3515 = ORIENTED_EDGE('',*,*,#2804,.F.);
#3516 = ORIENTED_EDGE('',*,*,#3517,.T.);
#3517 = EDGE_CURVE('',#2805,#2805,#3518,.T.);
#3518 = SURFACE_CURVE('',#3519,(#3527,#3534),.PCURVE_S1.);
#3519 = ( BOUNDED_CURVE() B_SPLINE_CURVE(6,(#3520,#3521,#3522,#3523,
#3524,#3525,#3526),.UNSPECIFIED.,.T.,.F.) B_SPLINE_CURVE_WITH_KNOTS((1,6
    ,6,1),(-6.28318530718,0.,6.28318530718,12.566370614359),
.UNSPECIFIED.) CURVE() GEOMETRIC_REPRESENTATION_ITEM() 
RATIONAL_B_SPLINE_CURVE((1.669078461068,1.03672962321,1.038346699848,
    0.853534330196,1.038346699848,1.03672962321,1.669078461068)) 
REPRESENTATION_ITEM('') );
#3520 = CARTESIAN_POINT('',(-91.5,0.414846486656,31.978429639004));
#3521 = CARTESIAN_POINT('',(-98.14617230228,0.414846486656,
    31.978429639004));
#3522 = CARTESIAN_POINT('',(-99.10044953298,-0.437475611858,
    23.804554222965));
#3523 = CARTESIAN_POINT('',(-91.5,-1.140461496087,17.062831760371));
#3524 = CARTESIAN_POINT('',(-83.89955046701,-0.437475611858,
    23.804554222965));
#3525 = CARTESIAN_POINT('',(-84.85382769771,0.414846486656,
    31.978429639004));
#3526 = CARTESIAN_POINT('',(-91.5,0.414846486656,31.978429639004));
#3527 = PCURVE('',#2894,#3528);
#3528 = DEFINITIONAL_REPRESENTATION('',(#3529),#3533);
#3529 = LINE('',#3530,#3531);
#3530 = CARTESIAN_POINT('',(0.,0.));
#3531 = VECTOR('',#3532,1.);
#3532 = DIRECTION('',(1.,0.));
#3533 = ( GEOMETRIC_REPRESENTATION_CONTEXT(2) 
PARAMETRIC_REPRESENTATION_CONTEXT() REPRESENTATION_CONTEXT('2D SPACE',''
  ) );
#3534 = PCURVE('',#3535,#3540);
#3535 = PLANE('',#3536);
#3536 = AXIS2_PLACEMENT_3D('',#3537,#3538,#3539);
#3537 = CARTESIAN_POINT('',(-91.5,6.572132239861E-05,28.000630275693));
#3538 = DIRECTION('',(-3.653951081841E-16,-0.994607409751,0.103711621664
    ));
#3539 = DIRECTION('',(1.270101055052E-17,0.103711621664,0.994607409751)
  );
#3540 = DEFINITIONAL_REPRESENTATION('',(#3541),#3549);
#3541 = ( BOUNDED_CURVE() B_SPLINE_CURVE(6,(#3542,#3543,#3544,#3545,
#3546,#3547,#3548),.UNSPECIFIED.,.T.,.F.) B_SPLINE_CURVE_WITH_KNOTS((1,6
    ,6,1),(-6.28318530718,0.,6.28318530718,12.566370614359),
.UNSPECIFIED.) CURVE() GEOMETRIC_REPRESENTATION_ITEM() 
RATIONAL_B_SPLINE_CURVE((1.669078461068,1.03672962321,1.038346699848,
    0.853534330196,1.038346699848,1.03672962321,1.669078461068)) 
REPRESENTATION_ITEM('') );
#3542 = CARTESIAN_POINT('',(3.999366307061,5.329070518201E-15));
#3543 = CARTESIAN_POINT('',(3.999366307061,6.646172302284));
#3544 = CARTESIAN_POINT('',(-4.218826455132,7.600449532982));
#3545 = CARTESIAN_POINT('',(-10.99710137697,1.95399252334E-14));
#3546 = CARTESIAN_POINT('',(-4.218826455132,-7.600449532982));
#3547 = CARTESIAN_POINT('',(3.999366307061,-6.646172302284));
#3548 = CARTESIAN_POINT('',(3.999366307061,5.329070518201E-15));
#3549 = ( GEOMETRIC_REPRESENTATION_CONTEXT(2) 
PARAMETRIC_REPRESENTATION_CONTEXT() REPRESENTATION_CONTEXT('2D SPACE',''
  ) );
#3550 = ADVANCED_FACE('',(#3551),#3535,.F.);
#3551 = FACE_BOUND('',#3552,.F.);
#3552 = EDGE_LOOP('',(#3553));
#3553 = ORIENTED_EDGE('',*,*,#3517,.T.);
#3554 = ADVANCED_FACE('',(#3555),#3500,.T.);
#3555 = FACE_BOUND('',#3556,.T.);
#3556 = EDGE_LOOP('',(#3557));
#3557 = ORIENTED_EDGE('',*,*,#3482,.T.);
#3558 = MANIFOLD_SOLID_BREP('',#3559);
#3559 = CLOSED_SHELL('',(#3560,#4310,#4314));
#3560 = ADVANCED_FACE('',(#3561),#3654,.T.);
#3561 = FACE_BOUND('',#3562,.T.);
#3562 = EDGE_LOOP('',(#3563,#4241,#4275,#4276));
#3563 = ORIENTED_EDGE('',*,*,#3564,.T.);
#3564 = EDGE_CURVE('',#3565,#3567,#3569,.T.);
#3565 = VERTEX_POINT('',#3566);
#3566 = CARTESIAN_POINT('',(-0.414846486656,-91.5,31.978429639004));
#3567 = VERTEX_POINT('',#3568);
#3568 = CARTESIAN_POINT('',(-5.10051126354,-90.5796495716,
    97.978429639004));
#3569 = SEAM_CURVE('',#3570,(#3653,#4234),.PCURVE_S1.);
#3570 = ( BOUNDED_CURVE() B_SPLINE_CURVE(11,(#3571,#3572,#3573,#3574,
    #3575,#3576,#3577,#3578,#3579,#3580,#3581,#3582,#3583,#3584,#3585,
    #3586,#3587,#3588,#3589,#3590,#3591,#3592,#3593,#3594,#3595,#3596,
    #3597,#3598,#3599,#3600,#3601,#3602,#3603,#3604,#3605,#3606,#3607,
    #3608,#3609,#3610,#3611,#3612,#3613,#3614,#3615,#3616,#3617,#3618,
    #3619,#3620,#3621,#3622,#3623,#3624,#3625,#3626,#3627,#3628,#3629,
    #3630,#3631,#3632,#3633,#3634,#3635,#3636,#3637,#3638,#3639,#3640,
    #3641,#3642,#3643,#3644,#3645,#3646,#3647,#3648,#3649,#3650,#3651,
#3652),.UNSPECIFIED.,.F.,.F.) B_SPLINE_CURVE_WITH_KNOTS((12,10,10,10,10,
    10,10,10,12),(0.,9.891175407885,19.78235081577,29.673526223655,
    39.56470163154,49.455877039424,59.347052447309,69.238227855194,
79.129403263079),.UNSPECIFIED.) CURVE() GEOMETRIC_REPRESENTATION_ITEM() 
RATIONAL_B_SPLINE_CURVE((1.669078461068,1.669078461068,1.669078461068,
    1.669078461068,1.669078461068,1.669078461068,1.669078461068,
    1.669078461068,1.669078461068,1.669078461068,1.669078461068,
    1.669078461068,1.669078461068,1.669078461069,1.669078461068,
    1.669078461069,1.669078461068,1.669078461068,1.669078461068,
    1.669078461068,1.669078461068,1.669078461068,1.669078461068,
    1.669078461068,1.669078461068,1.669078461069,1.669078461068,
    1.669078461069,1.669078461068,1.669078461068,1.669078461068,
    1.669078461068,1.669078461069,1.669078461067,1.66907846107,
    1.669078461066,1.66907846107,1.669078461067,1.669078461069,
    1.669078461068,1.669078461068,1.669078461068,1.669078461068,
    1.669078461068,1.669078461068,1.669078461068,1.669078461068,
    1.669078461068,1.669078461068,1.669078461068,1.669078461068,
    1.669078461068,1.669078461069,1.669078461068,1.669078461069,
    1.669078461067,1.66907846107,1.669078461067,1.669078461069,
    1.669078461068,1.669078461068,1.669078461068,1.669078461068,
    1.669078461069,1.669078461068,1.669078461069,1.669078461067,
    1.669078461069,1.669078461068,1.669078461068,1.669078461068,
    1.669078461068,1.669078461069,1.669078461067,1.66907846107,
    1.669078461066,1.66907846107,1.669078461067,1.669078461069,
1.669078461068,1.669078461068,1.669078461068)) REPRESENTATION_ITEM('') 
  );
#3571 = CARTESIAN_POINT('',(-0.414846486656,-91.5,31.978429639004));
#3572 = CARTESIAN_POINT('',(6.777747220524,-91.70578085204,
    32.728429639031));
#3573 = CARTESIAN_POINT('',(14.082502525015,-87.98714197304,
    33.478429638893));
#3574 = CARTESIAN_POINT('',(19.121267391546,-80.27426011853,
    34.228429639241));
#3575 = CARTESIAN_POINT('',(19.462016955053,-70.13012605893,
    34.978429638714));
#3576 = CARTESIAN_POINT('',(13.918878440956,-60.74356704448,
    35.728429639181));
#3577 = CARTESIAN_POINT('',(3.744074239427,-55.92896015732,
    36.478429639044));
#3578 = CARTESIAN_POINT('',(-7.028975737786,-57.59487794237,
    37.228429638824));
#3579 = CARTESIAN_POINT('',(-14.65678290728,-64.29085521907,
    37.978429639167));
#3580 = CARTESIAN_POINT('',(-17.42558408726,-73.07785941837,
    38.728429638935));
#3581 = CARTESIAN_POINT('',(-15.66897786338,-81.0842355613,
    39.47842963901));
#3582 = CARTESIAN_POINT('',(-6.22895130778,-91.94650505752,
    40.978429639016));
#3583 = CARTESIAN_POINT('',(1.454316382303,-94.8022226136,
    41.728429638907));
#3584 = CARTESIAN_POINT('',(10.541530572386,-93.28556966093,
    42.478429639239));
#3585 = CARTESIAN_POINT('',(18.235595950423,-86.66583220392,
    43.228429638698));
#3586 = CARTESIAN_POINT('',(21.38724629631,-76.23026921826,
    43.978429639205));
#3587 = CARTESIAN_POINT('',(18.038260316264,-65.48357796011,
    44.728429639027));
#3588 = CARTESIAN_POINT('',(9.516216556379,-58.68588291786,
    45.478429638831));
#3589 = CARTESIAN_POINT('',(-0.576347265198,-57.60898481015,
    46.228429639166));
#3590 = CARTESIAN_POINT('',(-8.916414369329,-61.52318759231,
    46.978429638936));
#3591 = CARTESIAN_POINT('',(-13.61717971243,-68.23813580995,
    47.728429639009));
#3592 = CARTESIAN_POINT('',(-15.21525508326,-82.5402040201,
    49.22842963902));
#3593 = CARTESIAN_POINT('',(-12.1125391537,-90.12709264647,
    49.978429638883));
#3594 = CARTESIAN_POINT('',(-4.84209860855,-95.78557231133,
    50.72842963931));
#3595 = CARTESIAN_POINT('',(5.239249222122,-96.96285399388,
    51.478429638569));
#3596 = CARTESIAN_POINT('',(15.05149711728,-92.21378400723,
    52.228429639362));
#3597 = CARTESIAN_POINT('',(20.689888363805,-82.47131900641,
    52.978429638894));
#3598 = CARTESIAN_POINT('',(19.919291940645,-71.59749405634,
    53.728429638909));
#3599 = CARTESIAN_POINT('',(13.876084148024,-63.44279029473,
    54.478429639135));
#3600 = CARTESIAN_POINT('',(5.347737811359,-59.95782091908,
    55.228429638943));
#3601 = CARTESIAN_POINT('',(-2.776351889967,-61.04726614075,
    55.978429639008));
#3602 = CARTESIAN_POINT('',(-14.38107244314,-69.55805111404,
    57.478429639021));
#3603 = CARTESIAN_POINT('',(-17.86151549187,-76.97925326439,
    58.228429638875));
#3604 = CARTESIAN_POINT('',(-17.10045888095,-86.16067421406,
    58.978429639327));
#3605 = CARTESIAN_POINT('',(-11.13870206105,-94.37511405516,
    59.728429638551));
#3606 = CARTESIAN_POINT('',(-0.999043043031,-98.37776186152,
    60.478429639366));
#3607 = CARTESIAN_POINT('',(9.98749989161,-95.92766911573,
    61.228429638912));
#3608 = CARTESIAN_POINT('',(17.465722151843,-87.99608164704,
    61.978429638875));
#3609 = CARTESIAN_POINT('',(19.372379421782,-78.02691859846,
    62.728429639169));
#3610 = CARTESIAN_POINT('',(16.160262909338,-69.39210474421,
    63.478429638921));
#3611 = CARTESIAN_POINT('',(9.856435769476,-64.15287886985,
    64.228429639018));
#3612 = CARTESIAN_POINT('',(-4.264815608672,-61.37920630579,
    65.728429639005));
#3613 = CARTESIAN_POINT('',(-12.08201141385,-63.84480458561,
    66.478429638975));
#3614 = CARTESIAN_POINT('',(-18.32155272475,-70.6231393577,
    67.228429639064));
#3615 = CARTESIAN_POINT('',(-20.32732449803,-80.57283509709,
    67.978429638973));
#3616 = CARTESIAN_POINT('',(-16.40476399964,-90.74374431489,
    68.728429638928));
#3617 = CARTESIAN_POINT('',(-7.161189121393,-97.16740395142,
    69.478429639198));
#3618 = CARTESIAN_POINT('',(3.739131560885,-97.29739286896,
    70.228429638777));
#3619 = CARTESIAN_POINT('',(12.365027010605,-91.94823578926,
    70.978429639161));
#3620 = CARTESIAN_POINT('',(16.542358712403,-83.7368045687,
    71.728429638948));
#3621 = CARTESIAN_POINT('',(16.12751650672,-75.55049708016,
    72.478429639004));
#3622 = CARTESIAN_POINT('',(8.604110407309,-63.28259747822,
    73.978429639026));
#3623 = CARTESIAN_POINT('',(1.495668132416,-59.20120389162,
    74.728429638846));
#3624 = CARTESIAN_POINT('',(-7.717241162956,-59.20146537408,
    75.478429639402));
#3625 = CARTESIAN_POINT('',(-16.39594251056,-64.46451670919,
    76.228429638422));
#3626 = CARTESIAN_POINT('',(-21.22224563998,-74.23900761174,
    76.978429639523));
#3627 = CARTESIAN_POINT('',(-19.68778273887,-85.39035298988,
    77.728429638775));
#3628 = CARTESIAN_POINT('',(-12.40083235303,-93.49801863028,
    78.478429638957));
#3629 = CARTESIAN_POINT('',(-2.623169565616,-96.22141065858,
    79.228429639136));
#3630 = CARTESIAN_POINT('',(6.24740650331,-93.73332242911,79.97842963893
    ));
#3631 = CARTESIAN_POINT('',(11.989303683388,-87.88367789826,
    80.728429639016));
#3632 = CARTESIAN_POINT('',(15.919626445829,-74.03970581795,
    82.228429639008));
#3633 = CARTESIAN_POINT('',(14.107988346301,-66.04560220771,
    82.978429638962));
#3634 = CARTESIAN_POINT('',(7.86806226285,-59.26762164237,83.72842963908
    ));
#3635 = CARTESIAN_POINT('',(-1.882014900184,-56.44706124502,
    84.478429638993));
#3636 = CARTESIAN_POINT('',(-12.34210779169,-59.51631716121,
    85.22842963882));
#3637 = CARTESIAN_POINT('',(-19.507155723,-68.1978589721,85.978429639388
    ));
#3638 = CARTESIAN_POINT('',(-20.53684202767,-79.05021509454,
    86.728429638585));
#3639 = CARTESIAN_POINT('',(-15.91827581639,-88.0883786587,
    87.478429639287));
#3640 = CARTESIAN_POINT('',(-8.079852123423,-92.92953725369,
    88.228429638893));
#3641 = CARTESIAN_POINT('',(0.112752375919,-93.19213186485,
    88.978429639021));
#3642 = CARTESIAN_POINT('',(12.960028831073,-86.7074971287,
    90.478429639001));
#3643 = CARTESIAN_POINT('',(17.614492903094,-79.96037260542,
    91.228429638991));
#3644 = CARTESIAN_POINT('',(18.3750283242,-70.77890845536,91.97842963902
    ));
#3645 = CARTESIAN_POINT('',(13.846634470641,-61.69522997159,
    92.728429639063));
#3646 = CARTESIAN_POINT('',(4.504081343373,-56.07824000944,
    93.478429638783));
#3647 = CARTESIAN_POINT('',(-6.735891460298,-56.68659118091,
    94.228429639375));
#3648 = CARTESIAN_POINT('',(-15.41761691742,-63.27912718708,
    94.978429638621));
#3649 = CARTESIAN_POINT('',(-18.93914016864,-72.79849837939,
    95.728429639264));
#3650 = CARTESIAN_POINT('',(-17.19207638991,-81.84424162974,
    96.478429638893));
#3651 = CARTESIAN_POINT('',(-11.83657347075,-88.04958713452,
    97.22842963903));
#3652 = CARTESIAN_POINT('',(-5.10051126354,-90.5796495716,
    97.978429639004));
#3653 = PCURVE('',#3654,#4229);
#3654 = ( BOUNDED_SURFACE() B_SPLINE_SURFACE(6,11,(
    (#3655,#3656,#3657,#3658,#3659,#3660,#3661,#3662,#3663,#3664,#3665
      ,#3666,#3667,#3668,#3669,#3670,#3671,#3672,#3673,#3674,#3675,#3676
      ,#3677,#3678,#3679,#3680,#3681,#3682,#3683,#3684,#3685,#3686,#3687
      ,#3688,#3689,#3690,#3691,#3692,#3693,#3694,#3695,#3696,#3697,#3698
      ,#3699,#3700,#3701,#3702,#3703,#3704,#3705,#3706,#3707,#3708,#3709
      ,#3710,#3711,#3712,#3713,#3714,#3715,#3716,#3717,#3718,#3719,#3720
      ,#3721,#3722,#3723,#3724,#3725,#3726,#3727,#3728,#3729,#3730,#3731
      ,#3732,#3733,#3734,#3735,#3736)
    ,(#3737,#3738,#3739,#3740,#3741,#3742,#3743,#3744,#3745,#3746,#3747
      ,#3748,#3749,#3750,#3751,#3752,#3753,#3754,#3755,#3756,#3757,#3758
      ,#3759,#3760,#3761,#3762,#3763,#3764,#3765,#3766,#3767,#3768,#3769
      ,#3770,#3771,#3772,#3773,#3774,#3775,#3776,#3777,#3778,#3779,#3780
      ,#3781,#3782,#3783,#3784,#3785,#3786,#3787,#3788,#3789,#3790,#3791
      ,#3792,#3793,#3794,#3795,#3796,#3797,#3798,#3799,#3800,#3801,#3802
      ,#3803,#3804,#3805,#3806,#3807,#3808,#3809,#3810,#3811,#3812,#3813
      ,#3814,#3815,#3816,#3817,#3818)
    ,(#3819,#3820,#3821,#3822,#3823,#3824,#3825,#3826,#3827,#3828,#3829
      ,#3830,#3831,#3832,#3833,#3834,#3835,#3836,#3837,#3838,#3839,#3840
      ,#3841,#3842,#3843,#3844,#3845,#3846,#3847,#3848,#3849,#3850,#3851
      ,#3852,#3853,#3854,#3855,#3856,#3857,#3858,#3859,#3860,#3861,#3862
      ,#3863,#3864,#3865,#3866,#3867,#3868,#3869,#3870,#3871,#3872,#3873
      ,#3874,#3875,#3876,#3877,#3878,#3879,#3880,#3881,#3882,#3883,#3884
      ,#3885,#3886,#3887,#3888,#3889,#3890,#3891,#3892,#3893,#3894,#3895
      ,#3896,#3897,#3898,#3899,#3900)
    ,(#3901,#3902,#3903,#3904,#3905,#3906,#3907,#3908,#3909,#3910,#3911
      ,#3912,#3913,#3914,#3915,#3916,#3917,#3918,#3919,#3920,#3921,#3922
      ,#3923,#3924,#3925,#3926,#3927,#3928,#3929,#3930,#3931,#3932,#3933
      ,#3934,#3935,#3936,#3937,#3938,#3939,#3940,#3941,#3942,#3943,#3944
      ,#3945,#3946,#3947,#3948,#3949,#3950,#3951,#3952,#3953,#3954,#3955
      ,#3956,#3957,#3958,#3959,#3960,#3961,#3962,#3963,#3964,#3965,#3966
      ,#3967,#3968,#3969,#3970,#3971,#3972,#3973,#3974,#3975,#3976,#3977
      ,#3978,#3979,#3980,#3981,#3982)
    ,(#3983,#3984,#3985,#3986,#3987,#3988,#3989,#3990,#3991,#3992,#3993
      ,#3994,#3995,#3996,#3997,#3998,#3999,#4000,#4001,#4002,#4003,#4004
      ,#4005,#4006,#4007,#4008,#4009,#4010,#4011,#4012,#4013,#4014,#4015
      ,#4016,#4017,#4018,#4019,#4020,#4021,#4022,#4023,#4024,#4025,#4026
      ,#4027,#4028,#4029,#4030,#4031,#4032,#4033,#4034,#4035,#4036,#4037
      ,#4038,#4039,#4040,#4041,#4042,#4043,#4044,#4045,#4046,#4047,#4048
      ,#4049,#4050,#4051,#4052,#4053,#4054,#4055,#4056,#4057,#4058,#4059
      ,#4060,#4061,#4062,#4063,#4064)
    ,(#4065,#4066,#4067,#4068,#4069,#4070,#4071,#4072,#4073,#4074,#4075
      ,#4076,#4077,#4078,#4079,#4080,#4081,#4082,#4083,#4084,#4085,#4086
      ,#4087,#4088,#4089,#4090,#4091,#4092,#4093,#4094,#4095,#4096,#4097
      ,#4098,#4099,#4100,#4101,#4102,#4103,#4104,#4105,#4106,#4107,#4108
      ,#4109,#4110,#4111,#4112,#4113,#4114,#4115,#4116,#4117,#4118,#4119
      ,#4120,#4121,#4122,#4123,#4124,#4125,#4126,#4127,#4128,#4129,#4130
      ,#4131,#4132,#4133,#4134,#4135,#4136,#4137,#4138,#4139,#4140,#4141
      ,#4142,#4143,#4144,#4145,#4146)
    ,(#4147,#4148,#4149,#4150,#4151,#4152,#4153,#4154,#4155,#4156,#4157
      ,#4158,#4159,#4160,#4161,#4162,#4163,#4164,#4165,#4166,#4167,#4168
      ,#4169,#4170,#4171,#4172,#4173,#4174,#4175,#4176,#4177,#4178,#4179
      ,#4180,#4181,#4182,#4183,#4184,#4185,#4186,#4187,#4188,#4189,#4190
      ,#4191,#4192,#4193,#4194,#4195,#4196,#4197,#4198,#4199,#4200,#4201
      ,#4202,#4203,#4204,#4205,#4206,#4207,#4208,#4209,#4210,#4211,#4212
      ,#4213,#4214,#4215,#4216,#4217,#4218,#4219,#4220,#4221,#4222,#4223
      ,#4224,#4225,#4226,#4227,#4228
)),.UNSPECIFIED.,.T.,.F.,.F.) B_SPLINE_SURFACE_WITH_KNOTS((1,6,6,1),(12,
    10,10,10,10,10,10,10,12),(-6.28318530718,0.,6.28318530718,
    12.566370614359),(0.,9.891175407885,19.78235081577,29.673526223655,
    39.56470163154,49.455877039424,59.347052447309,69.238227855194,
79.129403263079),.UNSPECIFIED.) GEOMETRIC_REPRESENTATION_ITEM() 
RATIONAL_B_SPLINE_SURFACE((
    (1.669078461068,1.669078461068,1.669078461068,1.669078461068
      ,1.669078461068,1.669078461068,1.669078461068,1.669078461068
      ,1.669078461068,1.669078461068,1.669078461068,1.669078461068
      ,1.669078461068,1.669078461069,1.669078461068,1.669078461069
      ,1.669078461068,1.669078461068,1.669078461068,1.669078461068
      ,1.669078461068,1.669078461068,1.669078461068,1.669078461068
      ,1.669078461068,1.669078461069,1.669078461068,1.669078461069
      ,1.669078461068,1.669078461068,1.669078461068,1.669078461068
      ,1.669078461069,1.669078461067,1.66907846107,1.669078461066
      ,1.66907846107,1.669078461067,1.669078461069,1.669078461068
      ,1.669078461068,1.669078461068,1.669078461068,1.669078461068
      ,1.669078461068,1.669078461068,1.669078461068,1.669078461068
      ,1.669078461068,1.669078461068,1.669078461068,1.669078461068
      ,1.669078461069,1.669078461068,1.669078461069,1.669078461067
      ,1.66907846107,1.669078461067,1.669078461069,1.669078461068
      ,1.669078461068,1.669078461068,1.669078461068,1.669078461069
      ,1.669078461068,1.669078461069,1.669078461067,1.669078461069
      ,1.669078461068,1.669078461068,1.669078461068,1.669078461068
      ,1.669078461069,1.669078461067,1.66907846107,1.669078461066
      ,1.66907846107,1.669078461067,1.669078461069,1.669078461068
      ,1.669078461068,1.669078461068)
    ,(1.03672962321,1.03672962321,1.03672962321,1.03672962321
      ,1.03672962321,1.03672962321,1.03672962321,1.03672962321
      ,1.03672962321,1.03672962321,1.03672962321,1.03672962321
      ,1.03672962321,1.03672962321,1.036729623209,1.03672962321
      ,1.036729623209,1.03672962321,1.03672962321,1.03672962321
      ,1.03672962321,1.03672962321,1.03672962321,1.03672962321
      ,1.03672962321,1.03672962321,1.03672962321,1.03672962321
      ,1.03672962321,1.03672962321,1.03672962321,1.03672962321
      ,1.03672962321,1.036729623209,1.036729623211,1.036729623208
      ,1.036729623211,1.036729623208,1.03672962321,1.036729623209
      ,1.03672962321,1.03672962321,1.03672962321,1.03672962321
      ,1.036729623209,1.03672962321,1.036729623209,1.03672962321
      ,1.036729623209,1.03672962321,1.03672962321,1.03672962321
      ,1.03672962321,1.036729623209,1.036729623211,1.036729623208
      ,1.036729623211,1.036729623209,1.03672962321,1.036729623209
      ,1.03672962321,1.03672962321,1.036729623209,1.03672962321
      ,1.036729623209,1.03672962321,1.036729623209,1.03672962321
      ,1.036729623209,1.03672962321,1.03672962321,1.03672962321
      ,1.03672962321,1.036729623209,1.036729623211,1.036729623208
      ,1.036729623211,1.036729623209,1.03672962321,1.036729623209
      ,1.03672962321,1.03672962321)
    ,(1.038346699848,1.038346699847,1.038346699848,1.038346699847
      ,1.038346699848,1.038346699847,1.038346699848,1.038346699847
      ,1.038346699848,1.038346699847,1.038346699848,1.038346699848
      ,1.038346699847,1.038346699848,1.038346699847,1.038346699848
      ,1.038346699848,1.038346699847,1.038346699848,1.038346699847
      ,1.038346699848,1.038346699848,1.038346699848,1.038346699848
      ,1.038346699847,1.038346699848,1.038346699847,1.038346699848
      ,1.038346699847,1.038346699848,1.038346699848,1.038346699847
      ,1.038346699848,1.038346699847,1.038346699848,1.038346699846
      ,1.038346699848,1.038346699847,1.038346699848,1.038346699847
      ,1.038346699848,1.038346699848,1.038346699847,1.038346699848
      ,1.038346699847,1.038346699848,1.038346699847,1.038346699848
      ,1.038346699847,1.038346699848,1.038346699848,1.038346699847
      ,1.038346699848,1.038346699847,1.038346699848,1.038346699847
      ,1.038346699848,1.038346699847,1.038346699848,1.038346699847
      ,1.038346699848,1.038346699848,1.038346699847,1.038346699848
      ,1.038346699847,1.038346699849,1.038346699846,1.038346699848
      ,1.038346699847,1.038346699848,1.038346699847,1.038346699847
      ,1.038346699848,1.038346699847,1.038346699849,1.038346699846
      ,1.038346699849,1.038346699846,1.038346699848,1.038346699847
      ,1.038346699848,1.038346699848)
    ,(0.853534330196,0.853534330196,0.853534330196,0.853534330196
      ,0.853534330196,0.853534330196,0.853534330196,0.853534330196
      ,0.853534330196,0.853534330196,0.853534330196,0.853534330196
      ,0.853534330196,0.853534330197,0.853534330196,0.853534330197
      ,0.853534330196,0.853534330197,0.853534330196,0.853534330196
      ,0.853534330196,0.853534330196,0.853534330196,0.853534330196
      ,0.853534330196,0.853534330196,0.853534330196,0.853534330196
      ,0.853534330196,0.853534330196,0.853534330196,0.853534330196
      ,0.853534330196,0.853534330196,0.853534330197,0.853534330195
      ,0.853534330197,0.853534330195,0.853534330197,0.853534330196
      ,0.853534330196,0.853534330196,0.853534330196,0.853534330196
      ,0.853534330196,0.853534330196,0.853534330196,0.853534330196
      ,0.853534330196,0.853534330196,0.853534330196,0.853534330196
      ,0.853534330196,0.853534330196,0.853534330197,0.853534330195
      ,0.853534330197,0.853534330195,0.853534330197,0.853534330196
      ,0.853534330196,0.853534330196,0.853534330196,0.853534330196
      ,0.853534330196,0.853534330196,0.853534330196,0.853534330196
      ,0.853534330196,0.853534330196,0.853534330196,0.853534330196
      ,0.853534330196,0.853534330195,0.853534330198,0.853534330194
      ,0.853534330198,0.853534330195,0.853534330197,0.853534330196
      ,0.853534330196,0.853534330196)
    ,(1.038346699848,1.038346699848,1.038346699848,1.038346699847
      ,1.038346699848,1.038346699848,1.038346699848,1.038346699847
      ,1.038346699848,1.038346699848,1.038346699848,1.038346699848
      ,1.038346699847,1.038346699848,1.038346699847,1.038346699848
      ,1.038346699847,1.038346699848,1.038346699847,1.038346699848
      ,1.038346699848,1.038346699848,1.038346699848,1.038346699847
      ,1.038346699848,1.038346699848,1.038346699847,1.038346699848
      ,1.038346699847,1.038346699848,1.038346699848,1.038346699847
      ,1.038346699848,1.038346699847,1.038346699848,1.038346699846
      ,1.038346699849,1.038346699847,1.038346699848,1.038346699847
      ,1.038346699848,1.038346699848,1.038346699847,1.038346699848
      ,1.038346699847,1.038346699848,1.038346699847,1.038346699848
      ,1.038346699847,1.038346699848,1.038346699848,1.038346699847
      ,1.038346699848,1.038346699847,1.038346699849,1.038346699846
      ,1.038346699849,1.038346699847,1.038346699848,1.038346699847
      ,1.038346699848,1.038346699848,1.038346699847,1.038346699848
      ,1.038346699847,1.038346699849,1.038346699846,1.038346699848
      ,1.038346699847,1.038346699848,1.038346699847,1.038346699847
      ,1.038346699848,1.038346699847,1.038346699849,1.038346699846
      ,1.038346699849,1.038346699846,1.038346699848,1.038346699847
      ,1.038346699848,1.038346699848)
    ,(1.03672962321,1.03672962321,1.03672962321,1.036729623209
      ,1.03672962321,1.036729623209,1.03672962321,1.036729623209
      ,1.03672962321,1.03672962321,1.03672962321,1.03672962321
      ,1.03672962321,1.03672962321,1.036729623209,1.03672962321
      ,1.03672962321,1.03672962321,1.03672962321,1.03672962321
      ,1.03672962321,1.03672962321,1.03672962321,1.036729623209
      ,1.03672962321,1.036729623209,1.03672962321,1.03672962321
      ,1.03672962321,1.03672962321,1.03672962321,1.03672962321
      ,1.03672962321,1.036729623209,1.036729623211,1.036729623208
      ,1.036729623211,1.036729623209,1.03672962321,1.036729623209
      ,1.03672962321,1.03672962321,1.03672962321,1.03672962321
      ,1.036729623209,1.03672962321,1.036729623209,1.03672962321
      ,1.03672962321,1.03672962321,1.03672962321,1.03672962321
      ,1.03672962321,1.036729623209,1.036729623211,1.036729623208
      ,1.036729623211,1.036729623209,1.03672962321,1.036729623209
      ,1.03672962321,1.03672962321,1.036729623209,1.03672962321
      ,1.036729623209,1.036729623211,1.036729623209,1.03672962321
      ,1.036729623209,1.03672962321,1.03672962321,1.03672962321
      ,1.03672962321,1.036729623209,1.036729623211,1.036729623208
      ,1.036729623211,1.036729623208,1.03672962321,1.036729623209
      ,1.03672962321,1.03672962321)
    ,(1.669078461068,1.669078461068,1.669078461068,1.669078461068
      ,1.669078461068,1.669078461068,1.669078461068,1.669078461068
      ,1.669078461068,1.669078461068,1.669078461068,1.669078461068
      ,1.669078461068,1.669078461069,1.669078461068,1.669078461069
      ,1.669078461068,1.669078461068,1.669078461068,1.669078461068
      ,1.669078461068,1.669078461068,1.669078461068,1.669078461068
      ,1.669078461068,1.669078461069,1.669078461068,1.669078461069
      ,1.669078461068,1.669078461068,1.669078461068,1.669078461068
      ,1.669078461069,1.669078461067,1.66907846107,1.669078461066
      ,1.66907846107,1.669078461067,1.669078461069,1.669078461068
      ,1.669078461068,1.669078461068,1.669078461068,1.669078461068
      ,1.669078461068,1.669078461068,1.669078461068,1.669078461068
      ,1.669078461068,1.669078461068,1.669078461068,1.669078461068
      ,1.669078461069,1.669078461068,1.669078461069,1.669078461067
      ,1.66907846107,1.669078461067,1.669078461069,1.669078461068
      ,1.669078461068,1.669078461068,1.669078461068,1.669078461069
      ,1.669078461068,1.669078461069,1.669078461067,1.669078461069
      ,1.669078461068,1.669078461068,1.669078461068,1.669078461068
      ,1.669078461069,1.669078461067,1.66907846107,1.669078461066
      ,1.66907846107,1.669078461067,1.669078461069,1.669078461068
,1.669078461068,1.669078461068))) REPRESENTATION_ITEM('') SURFACE() );
#3655 = CARTESIAN_POINT('',(-0.414846486656,-91.5,31.978429639004));
#3656 = CARTESIAN_POINT('',(6.777747220524,-91.70578085204,
    32.728429639031));
#3657 = CARTESIAN_POINT('',(14.082502525015,-87.98714197304,
    33.478429638893));
#3658 = CARTESIAN_POINT('',(19.121267391546,-80.27426011853,
    34.228429639241));
#3659 = CARTESIAN_POINT('',(19.462016955053,-70.13012605893,
    34.978429638714));
#3660 = CARTESIAN_POINT('',(13.918878440956,-60.74356704448,
    35.728429639181));
#3661 = CARTESIAN_POINT('',(3.744074239427,-55.92896015732,
    36.478429639044));
#3662 = CARTESIAN_POINT('',(-7.028975737786,-57.59487794237,
    37.228429638824));
#3663 = CARTESIAN_POINT('',(-14.65678290728,-64.29085521907,
    37.978429639167));
#3664 = CARTESIAN_POINT('',(-17.42558408726,-73.07785941837,
    38.728429638935));
#3665 = CARTESIAN_POINT('',(-15.66897786338,-81.0842355613,
    39.47842963901));
#3666 = CARTESIAN_POINT('',(-6.22895130778,-91.94650505752,
    40.978429639016));
#3667 = CARTESIAN_POINT('',(1.454316382303,-94.8022226136,
    41.728429638907));
#3668 = CARTESIAN_POINT('',(10.541530572386,-93.28556966093,
    42.478429639239));
#3669 = CARTESIAN_POINT('',(18.235595950423,-86.66583220392,
    43.228429638698));
#3670 = CARTESIAN_POINT('',(21.38724629631,-76.23026921826,
    43.978429639205));
#3671 = CARTESIAN_POINT('',(18.038260316264,-65.48357796011,
    44.728429639027));
#3672 = CARTESIAN_POINT('',(9.516216556379,-58.68588291786,
    45.478429638831));
#3673 = CARTESIAN_POINT('',(-0.576347265198,-57.60898481015,
    46.228429639166));
#3674 = CARTESIAN_POINT('',(-8.916414369329,-61.52318759231,
    46.978429638936));
#3675 = CARTESIAN_POINT('',(-13.61717971243,-68.23813580995,
    47.728429639009));
#3676 = CARTESIAN_POINT('',(-15.21525508326,-82.5402040201,
    49.22842963902));
#3677 = CARTESIAN_POINT('',(-12.1125391537,-90.12709264647,
    49.978429638883));
#3678 = CARTESIAN_POINT('',(-4.84209860855,-95.78557231133,
    50.72842963931));
#3679 = CARTESIAN_POINT('',(5.239249222122,-96.96285399388,
    51.478429638569));
#3680 = CARTESIAN_POINT('',(15.05149711728,-92.21378400723,
    52.228429639362));
#3681 = CARTESIAN_POINT('',(20.689888363805,-82.47131900641,
    52.978429638894));
#3682 = CARTESIAN_POINT('',(19.919291940645,-71.59749405634,
    53.728429638909));
#3683 = CARTESIAN_POINT('',(13.876084148024,-63.44279029473,
    54.478429639135));
#3684 = CARTESIAN_POINT('',(5.347737811359,-59.95782091908,
    55.228429638943));
#3685 = CARTESIAN_POINT('',(-2.776351889967,-61.04726614075,
    55.978429639008));
#3686 = CARTESIAN_POINT('',(-14.38107244314,-69.55805111404,
    57.478429639021));
#3687 = CARTESIAN_POINT('',(-17.86151549187,-76.97925326439,
    58.228429638875));
#3688 = CARTESIAN_POINT('',(-17.10045888095,-86.16067421406,
    58.978429639327));
#3689 = CARTESIAN_POINT('',(-11.13870206105,-94.37511405516,
    59.728429638551));
#3690 = CARTESIAN_POINT('',(-0.999043043031,-98.37776186152,
    60.478429639366));
#3691 = CARTESIAN_POINT('',(9.98749989161,-95.92766911573,
    61.228429638912));
#3692 = CARTESIAN_POINT('',(17.465722151843,-87.99608164704,
    61.978429638875));
#3693 = CARTESIAN_POINT('',(19.372379421782,-78.02691859846,
    62.728429639169));
#3694 = CARTESIAN_POINT('',(16.160262909338,-69.39210474421,
    63.478429638921));
#3695 = CARTESIAN_POINT('',(9.856435769476,-64.15287886985,
    64.228429639018));
#3696 = CARTESIAN_POINT('',(-4.264815608672,-61.37920630579,
    65.728429639005));
#3697 = CARTESIAN_POINT('',(-12.08201141385,-63.84480458561,
    66.478429638975));
#3698 = CARTESIAN_POINT('',(-18.32155272475,-70.6231393577,
    67.228429639064));
#3699 = CARTESIAN_POINT('',(-20.32732449803,-80.57283509709,
    67.978429638973));
#3700 = CARTESIAN_POINT('',(-16.40476399964,-90.74374431489,
    68.728429638928));
#3701 = CARTESIAN_POINT('',(-7.161189121393,-97.16740395142,
    69.478429639198));
#3702 = CARTESIAN_POINT('',(3.739131560885,-97.29739286896,
    70.228429638777));
#3703 = CARTESIAN_POINT('',(12.365027010605,-91.94823578926,
    70.978429639161));
#3704 = CARTESIAN_POINT('',(16.542358712403,-83.7368045687,
    71.728429638948));
#3705 = CARTESIAN_POINT('',(16.12751650672,-75.55049708016,
    72.478429639004));
#3706 = CARTESIAN_POINT('',(8.604110407309,-63.28259747822,
    73.978429639026));
#3707 = CARTESIAN_POINT('',(1.495668132416,-59.20120389162,
    74.728429638846));
#3708 = CARTESIAN_POINT('',(-7.717241162956,-59.20146537408,
    75.478429639402));
#3709 = CARTESIAN_POINT('',(-16.39594251056,-64.46451670919,
    76.228429638422));
#3710 = CARTESIAN_POINT('',(-21.22224563998,-74.23900761174,
    76.978429639523));
#3711 = CARTESIAN_POINT('',(-19.68778273887,-85.39035298988,
    77.728429638775));
#3712 = CARTESIAN_POINT('',(-12.40083235303,-93.49801863028,
    78.478429638957));
#3713 = CARTESIAN_POINT('',(-2.623169565616,-96.22141065858,
    79.228429639136));
#3714 = CARTESIAN_POINT('',(6.24740650331,-93.73332242911,79.97842963893
    ));
#3715 = CARTESIAN_POINT('',(11.989303683388,-87.88367789826,
    80.728429639016));
#3716 = CARTESIAN_POINT('',(15.919626445829,-74.03970581795,
    82.228429639008));
#3717 = CARTESIAN_POINT('',(14.107988346301,-66.04560220771,
    82.978429638962));
#3718 = CARTESIAN_POINT('',(7.86806226285,-59.26762164237,83.72842963908
    ));
#3719 = CARTESIAN_POINT('',(-1.882014900184,-56.44706124502,
    84.478429638993));
#3720 = CARTESIAN_POINT('',(-12.34210779169,-59.51631716121,
    85.22842963882));
#3721 = CARTESIAN_POINT('',(-19.507155723,-68.1978589721,85.978429639388
    ));
#3722 = CARTESIAN_POINT('',(-20.53684202767,-79.05021509454,
    86.728429638585));
#3723 = CARTESIAN_POINT('',(-15.91827581639,-88.0883786587,
    87.478429639287));
#3724 = CARTESIAN_POINT('',(-8.079852123423,-92.92953725369,
    88.228429638893));
#3725 = CARTESIAN_POINT('',(0.112752375919,-93.19213186485,
    88.978429639021));
#3726 = CARTESIAN_POINT('',(12.960028831073,-86.7074971287,
    90.478429639001));
#3727 = CARTESIAN_POINT('',(17.614492903094,-79.96037260542,
    91.228429638991));
#3728 = CARTESIAN_POINT('',(18.3750283242,-70.77890845536,91.97842963902
    ));
#3729 = CARTESIAN_POINT('',(13.846634470641,-61.69522997159,
    92.728429639063));
#3730 = CARTESIAN_POINT('',(4.504081343373,-56.07824000944,
    93.478429638783));
#3731 = CARTESIAN_POINT('',(-6.735891460298,-56.68659118091,
    94.228429639375));
#3732 = CARTESIAN_POINT('',(-15.41761691742,-63.27912718708,
    94.978429638621));
#3733 = CARTESIAN_POINT('',(-18.93914016864,-72.79849837939,
    95.728429639264));
#3734 = CARTESIAN_POINT('',(-17.19207638991,-81.84424162974,
    96.478429638893));
#3735 = CARTESIAN_POINT('',(-11.83657347075,-88.04958713452,
    97.22842963903));
#3736 = CARTESIAN_POINT('',(-5.10051126354,-90.5796495716,
    97.978429639004));
#3737 = CARTESIAN_POINT('',(-0.414846486656,-98.14617230228,
    31.978429639004));
#3738 = CARTESIAN_POINT('',(10.074520827392,-98.35195315432,
    32.728429626217));
#3739 = CARTESIAN_POINT('',(20.675996294184,-92.83453170095,
    33.478429694417));
#3740 = CARTESIAN_POINT('',(27.921363077653,-81.52326757422,
    34.228429481664));
#3741 = CARTESIAN_POINT('',(28.285251426128,-66.72883955551,
    34.978429934655));
#3742 = CARTESIAN_POINT('',(20.080465998781,-53.11603837082,
    35.728429234537));
#3743 = CARTESIAN_POINT('',(5.182699758892,-46.22974825568,
    36.478430042337));
#3744 = CARTESIAN_POINT('',(-10.50238203991,-48.79978470387,
    37.228429341038));
#3745 = CARTESIAN_POINT('',(-21.53585019376,-58.66234413949,
    37.978429794519));
#3746 = CARTESIAN_POINT('',(-25.45757643713,-71.50991613078,
    38.728429583129));
#3747 = CARTESIAN_POINT('',(-22.7915697502,-83.16005041312,
    39.478429648885));
#3748 = CARTESIAN_POINT('',(-8.885855175355,-98.87335025022,
    40.978429627542));
#3749 = CARTESIAN_POINT('',(2.35362767773,-102.9362613678,
    41.728429692827));
#3750 = CARTESIAN_POINT('',(15.582748559263,-100.6059402056,
    42.478429483351));
#3751 = CARTESIAN_POINT('',(26.713817867504,-90.85366810562,
    43.228429932146));
#3752 = CARTESIAN_POINT('',(31.172131225715,-75.59751190389,
    43.978429239105));
#3753 = CARTESIAN_POINT('',(26.148556979804,-59.97291167376,
    44.728430035796));
#3754 = CARTESIAN_POINT('',(13.634502869324,-50.17366027807,
    45.478429347414));
#3755 = CARTESIAN_POINT('',(-1.09438258555,-48.73580369488,
    46.228429790447));
#3756 = CARTESIAN_POINT('',(-13.20276140409,-54.55191967597,
    46.978429584657));
#3757 = CARTESIAN_POINT('',(-19.96840656019,-64.40378579811,
    47.728429648738));
#3758 = CARTESIAN_POINT('',(-22.11097274415,-85.27688091491,
    49.228429627342));
#3759 = CARTESIAN_POINT('',(-17.48785898795,-96.29777202058,
    49.978429694846));
#3760 = CARTESIAN_POINT('',(-6.813546212406,-104.4524689912,
    50.728429477245));
#3761 = CARTESIAN_POINT('',(7.900301680169,-106.0368286583,
    51.478429943588));
#3762 = CARTESIAN_POINT('',(22.144154045827,-98.984202946,
    52.228429224194));
#3763 = CARTESIAN_POINT('',(30.237171785532,-84.7059854601,
    52.978430049824));
#3764 = CARTESIAN_POINT('',(28.971177095762,-68.86224424104,
    53.728429337765));
#3765 = CARTESIAN_POINT('',(20.053439882549,-57.05201727157,
    54.478429795207));
#3766 = CARTESIAN_POINT('',(7.573602448794,-52.08274162566,
    55.228429583096));
#3767 = CARTESIAN_POINT('',(-4.256897805557,-53.77758208455,
    55.978429648984));
#3768 = CARTESIAN_POINT('',(-21.0648535653,-66.33820757802,
    57.47842962719));
#3769 = CARTESIAN_POINT('',(-26.04203691778,-77.20378935929,
    58.228429695291));
#3770 = CARTESIAN_POINT('',(-24.81212713135,-90.58016247778,
    58.978429476147));
#3771 = CARTESIAN_POINT('',(-16.01236039529,-102.4785497977,
    59.728429945734));
#3772 = CARTESIAN_POINT('',(-1.176476310449,-108.1814791334,
    60.47842922101));
#3773 = CARTESIAN_POINT('',(14.809601470346,-104.4653322189,
    61.228430053225));
#3774 = CARTESIAN_POINT('',(25.608785846328,-92.8032356986,
    61.97842933541));
#3775 = CARTESIAN_POINT('',(28.25803314311,-78.24339412007,
    62.728429795977));
#3776 = CARTESIAN_POINT('',(23.461684143835,-65.69608049937,
    63.478429583396));
#3777 = CARTESIAN_POINT('',(14.20216968803,-58.13998279608,
    64.228429648435));
#3778 = CARTESIAN_POINT('',(-6.42270151328,-54.28104803008,
    65.728429628466));
#3779 = CARTESIAN_POINT('',(-17.78772439657,-57.97827352984,
    66.478429687909));
#3780 = CARTESIAN_POINT('',(-26.79604670375,-67.94271859216,
    67.228429494434));
#3781 = CARTESIAN_POINT('',(-29.59005491184,-82.47547582293,67.978429918
    ));
#3782 = CARTESIAN_POINT('',(-23.73776548897,-97.25307945947,
    68.728429247863));
#3783 = CARTESIAN_POINT('',(-10.17663147418,-106.4975412673,
    69.478430038077));
#3784 = CARTESIAN_POINT('',(5.717540360595,-106.5442363856,
    70.228429337882));
#3785 = CARTESIAN_POINT('',(18.223850310577,-98.63223857603,
    70.978429799295));
#3786 = CARTESIAN_POINT('',(24.206730172384,-86.60538564319,
    71.728429580348));
#3787 = CARTESIAN_POINT('',(23.494633418892,-74.67533373072,
    72.478429649687));
#3788 = CARTESIAN_POINT('',(12.364898815522,-56.88753742889,
    73.978429626655));
#3789 = CARTESIAN_POINT('',(1.947441047205,-51.03008105031,
    74.728429697205));
#3790 = CARTESIAN_POINT('',(-11.48481011723,-51.15117793183,
    75.47842947157));
#3791 = CARTESIAN_POINT('',(-24.06923739603,-58.93832797029,
    76.228429953584));
#3792 = CARTESIAN_POINT('',(-30.9778259243,-73.25259581225,
    76.978429211024));
#3793 = CARTESIAN_POINT('',(-28.59449138595,-89.49095001703,
    77.728430062742));
#3794 = CARTESIAN_POINT('',(-17.86401640643,-101.2162979979,
    78.47842932871));
#3795 = CARTESIAN_POINT('',(-3.572677181955,-105.0588389609,
    79.228429799386));
#3796 = CARTESIAN_POINT('',(9.327860364937,-101.3150208711,
    79.978429582186));
#3797 = CARTESIAN_POINT('',(17.622794805969,-92.71110995441,
    80.728429648718));
#3798 = CARTESIAN_POINT('',(23.171737717927,-72.47535145217,
    82.228429628102));
#3799 = CARTESIAN_POINT('',(20.425656267816,-60.84383142246,
    82.978429688874));
#3800 = CARTESIAN_POINT('',(11.239146198163,-51.0434197492,
    83.728429495135));
#3801 = CARTESIAN_POINT('',(-3.01324692724,-47.05884892549,
    84.478429909295));
#3802 = CARTESIAN_POINT('',(-18.22365579566,-51.67082495527,
    85.228429270703));
#3803 = CARTESIAN_POINT('',(-28.55641263065,-64.42223924919,
    85.978430003663));
#3804 = CARTESIAN_POINT('',(-29.91547859242,-80.2582683417,
    86.728429371598));
#3805 = CARTESIAN_POINT('',(-23.06326713631,-93.37523053021,
    87.478429777163));
#3806 = CARTESIAN_POINT('',(-11.57155431865,-100.3308454523,
    88.228429589767));
#3807 = CARTESIAN_POINT('',(0.3765549064,-100.6063567541,88.978429647503
    ));
#3808 = CARTESIAN_POINT('',(19.02268306265,-90.98354041105,
    90.478429628808));
#3809 = CARTESIAN_POINT('',(25.720400106626,-81.08536846221,
    91.22842968786));
#3810 = CARTESIAN_POINT('',(26.708943329068,-67.68899512809,
    91.978429494298));
#3811 = CARTESIAN_POINT('',(19.987604146777,-54.50449232585,
    92.728429916827));
#3812 = CARTESIAN_POINT('',(6.292733476165,-46.43743722028,
    93.478429252433));
#3813 = CARTESIAN_POINT('',(-10.08697269533,-47.47167883969,
    94.228430030329));
#3814 = CARTESIAN_POINT('',(-22.65838828668,-57.1972322193,
    94.978429345244));
#3815 = CARTESIAN_POINT('',(-27.66797445475,-71.12244476787,
    95.728429795466));
#3816 = CARTESIAN_POINT('',(-25.00226135151,-84.28808248481,
    96.478429580749));
#3817 = CARTESIAN_POINT('',(-17.11272740877,-93.26519084923,
    97.228429650676));
#3818 = CARTESIAN_POINT('',(-7.258519882167,-96.86571392647,
    97.978429637314));
#3819 = CARTESIAN_POINT('',(0.437475611858,-99.10044953298,
    23.804554222965));
#3820 = CARTESIAN_POINT('',(11.400203507148,-98.8834437078,
    24.554554208284));
#3821 = CARTESIAN_POINT('',(22.244351408013,-92.68496796627,
    25.30455428657));
#3822 = CARTESIAN_POINT('',(29.345082983496,-80.57405687029,
    26.05455404254));
#3823 = CARTESIAN_POINT('',(29.115927973653,-65.10895893994,
    26.804554561643));
#3824 = CARTESIAN_POINT('',(19.986991537724,-51.23067689623,
    27.554553760135));
#3825 = CARTESIAN_POINT('',(4.145409991922,-44.65261393077,
    28.304554684004));
#3826 = CARTESIAN_POINT('',(-12.12900908404,-47.98239718485,
    29.05455388271));
#3827 = CARTESIAN_POINT('',(-23.24538191994,-58.7363750373,
    29.804554400392));
#3828 = CARTESIAN_POINT('',(-26.81191084381,-72.314829309,
    30.554554159242));
#3829 = CARTESIAN_POINT('',(-23.54804493906,-84.3715214679,
    31.304554234246));
#3830 = CARTESIAN_POINT('',(-8.379025036253,-100.2086554541,
    32.804554209835));
#3831 = CARTESIAN_POINT('',(3.525883311396,-103.9888409629,
    33.554554284706));
#3832 = CARTESIAN_POINT('',(17.24536482383,-101.0105220658,
    34.304554044506));
#3833 = CARTESIAN_POINT('',(28.468204689895,-90.36770141489,
    35.054554558771));
#3834 = CARTESIAN_POINT('',(32.495928206855,-74.25181992396,
    35.804553765324));
#3835 = CARTESIAN_POINT('',(26.606355177444,-58.14158877708,
    36.554554676578));
#3836 = CARTESIAN_POINT('',(13.134189882912,-48.4233103636,
    37.304553889955));
#3837 = CARTESIAN_POINT('',(-2.306683216691,-47.52820009094,
    38.054554395762));
#3838 = CARTESIAN_POINT('',(-14.71222101257,-54.10065633231,
    38.80455416098));
#3839 = CARTESIAN_POINT('',(-21.37206148693,-64.66773593376,
    39.554554234081));
#3840 = CARTESIAN_POINT('',(-22.75012199734,-86.55414557409,
    41.054554209603));
#3841 = CARTESIAN_POINT('',(-17.46831982849,-97.87312128172,
    41.804554287035));
#3842 = CARTESIAN_POINT('',(-5.985147396977,-105.9497113709,
    42.554554037474));
#3843 = CARTESIAN_POINT('',(9.446052845748,-106.9984367044,
    43.304554571925));
#3844 = CARTESIAN_POINT('',(24.030795128079,-99.04673966492,
    44.054553748215));
#3845 = CARTESIAN_POINT('',(31.894578096615,-83.80247728342,
    44.804554692641));
#3846 = CARTESIAN_POINT('',(29.920098624011,-67.30867227938,
    45.55455387893));
#3847 = CARTESIAN_POINT('',(20.120833847287,-55.34221103984,
    46.30455440119));
#3848 = CARTESIAN_POINT('',(6.883278506166,-50.66656375431,
    47.054554159204));
#3849 = CARTESIAN_POINT('',(-5.401761846575,-52.92364815506,
    47.804554234361));
#3850 = CARTESIAN_POINT('',(-22.43745172589,-66.73303800587,
    49.304554209429));
#3851 = CARTESIAN_POINT('',(-27.18782552457,-78.28511980903,
    50.054554287548));
#3852 = CARTESIAN_POINT('',(-25.35262489803,-92.20368996734,
    50.80455403621));
#3853 = CARTESIAN_POINT('',(-15.67292964921,-104.2670752961,
    51.554554574387));
#3854 = CARTESIAN_POINT('',(5.530116746404E-02,-109.6118810597,
    52.304553744575));
#3855 = CARTESIAN_POINT('',(16.596864791057,-105.07279623,
    53.054554696512));
#3856 = CARTESIAN_POINT('',(27.394472948907,-92.44917429879,
    53.804553876267));
#3857 = CARTESIAN_POINT('',(29.561623161066,-77.13495721895,
    54.554554402042));
#3858 = CARTESIAN_POINT('',(24.036056380758,-64.22904149379,
    55.304554159564));
#3859 = CARTESIAN_POINT('',(14.05503398098,-56.71932523349,
    56.054554233724));
#3860 = CARTESIAN_POINT('',(-7.642823138832,-53.5386061147,
    57.554554210903));
#3861 = CARTESIAN_POINT('',(-19.35930657363,-57.86765465078,
    58.304554279016));
#3862 = CARTESIAN_POINT('',(-28.35658387145,-68.64464668871,
    59.054554057366));
#3863 = CARTESIAN_POINT('',(-30.67602569912,-83.9365385344,
    59.804554542254));
#3864 = CARTESIAN_POINT('',(-23.9558862028,-99.12811243038,
    60.554553775779));
#3865 = CARTESIAN_POINT('',(-9.413076756043,-108.223897833,
    61.304554678771));
#3866 = CARTESIAN_POINT('',(7.187444758048,-107.6182098123,
    62.054553879343));
#3867 = CARTESIAN_POINT('',(19.922251344683,-98.84059703616,
    62.804554405739));
#3868 = CARTESIAN_POINT('',(25.675077574477,-86.03436654988,
    63.554554156096));
#3869 = CARTESIAN_POINT('',(24.440192854944,-73.60489728531,
    64.304554235162));
#3870 = CARTESIAN_POINT('',(12.084765190903,-55.48702254898,
    65.804554208816));
#3871 = CARTESIAN_POINT('',(0.964422364511,-49.79891033059,
    66.554554289755));
#3872 = CARTESIAN_POINT('',(-13.05815849084,-50.47845640398,
    67.304554030926));
#3873 = CARTESIAN_POINT('',(-25.87968413258,-59.12890411998,
    68.054554583445));
#3874 = CARTESIAN_POINT('',(-32.50506169254,-74.36204449378,
    68.804553733066));
#3875 = CARTESIAN_POINT('',(-29.34747162364,-91.22194494522,
    69.554554707464));
#3876 = CARTESIAN_POINT('',(-17.65862518565,-103.0251242327,
    70.304553868572));
#3877 = CARTESIAN_POINT('',(-2.575675761353,-106.449510552,
    71.054554405947));
#3878 = CARTESIAN_POINT('',(10.742457403751,-102.0085784563,
    71.804554158181));
#3879 = CARTESIAN_POINT('',(19.05075047343,-92.68179376216,
    72.554554234048));
#3880 = CARTESIAN_POINT('',(24.012400662567,-71.32070752785,
    74.054554210487));
#3881 = CARTESIAN_POINT('',(20.665677556273,-59.28675182955,
    74.804554280134));
#3882 = CARTESIAN_POINT('',(10.668483678514,-49.43024784906,
    75.554554058096));
#3883 = CARTESIAN_POINT('',(-4.379640614737,-45.85593366049,
    76.304554532487));
#3884 = CARTESIAN_POINT('',(-20.07427230185,-51.29861027051,
    77.054553801575));
#3885 = CARTESIAN_POINT('',(-30.33992667991,-65.0406246041,
    77.804554639805));
#3886 = CARTESIAN_POINT('',(-31.10716758006,-81.63446428579,
    78.554553917568));
#3887 = CARTESIAN_POINT('',(-23.41116680507,-95.05062453415,
    79.304554380621));
#3888 = CARTESIAN_POINT('',(-11.12374070681,-101.8413320968,
    80.054554166802));
#3889 = CARTESIAN_POINT('',(1.365251587972,-101.6370825639,
    80.804554232668));
#3890 = CARTESIAN_POINT('',(20.441547726868,-90.8200171893,
    82.304554211291));
#3891 = CARTESIAN_POINT('',(27.028542788134,-80.20737654826,
    83.054554278961));
#3892 = CARTESIAN_POINT('',(27.509293263287,-66.17657346635,
    83.804554057211));
#3893 = CARTESIAN_POINT('',(19.94718439844,-52.68449148678,
    84.554554540915));
#3894 = CARTESIAN_POINT('',(5.313192275187,-44.82380023848,
    85.304553780998));
#3895 = CARTESIAN_POINT('',(-11.74987479859,-46.57832594523,
    86.054554669912));
#3896 = CARTESIAN_POINT('',(-24.47799752723,-57.25255025785,
    86.804553887776));
#3897 = CARTESIAN_POINT('',(-29.13622792535,-72.0012001687,
    87.554554401324));
#3898 = CARTESIAN_POINT('',(-25.81026658212,-85.64057442447,
    88.304554156603));
#3899 = CARTESIAN_POINT('',(-17.20143099137,-94.69069023837,
    89.054554236252));
#3900 = CARTESIAN_POINT('',(-6.762232255481,-98.04503431563,
    89.804554221032));
#3901 = CARTESIAN_POINT('',(1.140461496087,-91.5,17.062831760371));
#3902 = CARTESIAN_POINT('',(8.333055202235,-90.93428437762,17.8128317603
    ));
#3903 = CARTESIAN_POINT('',(15.216867317168,-86.44416171208,
    18.562831760668));
#3904 = CARTESIAN_POINT('',(19.413554674601,-78.21490012674,
    19.312831759757));
#3905 = CARTESIAN_POINT('',(18.666062684634,-68.06535220475,
    20.06283176108));
#3906 = CARTESIAN_POINT('',(12.133918079078,-59.30165861703,
    20.812831760043));
#3907 = CARTESIAN_POINT('',(1.474306971438,-55.59230015061,
    21.562831760071));
#3908 = CARTESIAN_POINT('',(-9.087164389923,-58.4077086396,
    22.312831761029));
#3909 = CARTESIAN_POINT('',(-15.97394249783,-65.90066453609,
    23.062831759828));
#3910 = CARTESIAN_POINT('',(-17.79250718802,-74.95747081823,
    23.8128317606));
#3911 = CARTESIAN_POINT('',(-15.18320482611,-82.75103317351,
    24.562831760347));
#3912 = CARTESIAN_POINT('',(-4.607961472553,-92.56826198556,
    26.062831760348));
#3913 = CARTESIAN_POINT('',(3.357808225978,-94.59176981606,
    26.812831760595));
#3914 = CARTESIAN_POINT('',(12.254611745915,-92.10584583348,
    27.562831759838));
#3915 = CARTESIAN_POINT('',(19.215614292147,-84.68179633495,
    28.312831761026));
#3916 = CARTESIAN_POINT('',(21.239172033135,-73.94045319231,
    29.062831760043));
#3917 = CARTESIAN_POINT('',(16.748677605173,-63.58564229334,
    29.812831760118));
#3918 = CARTESIAN_POINT('',(7.524224318321,-57.7221395645,
    30.562831760972));
#3919 = CARTESIAN_POINT('',(-2.652810380249,-57.73021318983,
    31.312831759865));
#3920 = CARTESIAN_POINT('',(-10.54779967657,-62.52625965668,
    32.062831760586));
#3921 = CARTESIAN_POINT('',(-14.51447744355,-69.72442195496,
    32.812831760349));
#3922 = CARTESIAN_POINT('',(-14.57482997816,-84.1539095103,
    34.312831760345));
#3923 = CARTESIAN_POINT('',(-10.66850405551,-91.3850013075,
    35.062831760604));
#3924 = CARTESIAN_POINT('',(-2.813909258147,-96.24692188628,
    35.812831759834));
#3925 = CARTESIAN_POINT('',(7.362700189689,-96.34012598291,
    36.562831760995));
#3926 = CARTESIAN_POINT('',(16.635881578801,-90.55399204527,
    37.312831760132));
#3927 = CARTESIAN_POINT('',(21.212834382061,-80.23710530679,
    38.062831759992));
#3928 = CARTESIAN_POINT('',(19.2792013539,-69.47921213508,38.81283176109
    ));
#3929 = CARTESIAN_POINT('',(12.380543320098,-61.99719247224,
    39.562831759792));
#3930 = CARTESIAN_POINT('',(3.504846507147,-59.43693396778,
    40.312831760615));
#3931 = CARTESIAN_POINT('',(-4.477571362859,-61.39373696068,
    41.062831760345));
#3932 = CARTESIAN_POINT('',(-15.13456603513,-71.12216016767,
    42.562831760347));
#3933 = CARTESIAN_POINT('',(-17.80897061107,-78.89362276794,
    43.3128317606));
#3934 = CARTESIAN_POINT('',(-16.06622952261,-87.96532518228,
    44.062831759838));
#3935 = CARTESIAN_POINT('',(-9.242371965885,-95.51562549407,
    44.812831760993));
#3936 = CARTESIAN_POINT('',(1.295179988477,-98.41928489212,
    45.562831760133));
#3937 = CARTESIAN_POINT('',(11.985446033765,-94.79922123269,
    46.312831759988));
#3938 = CARTESIAN_POINT('',(18.590671251372,-86.0904783929,
    47.062831761094));
#3939 = CARTESIAN_POINT('',(19.423038063142,-75.94753668567,
    47.812831759789));
#3940 = CARTESIAN_POINT('',(15.295335575305,-67.68345841305,
    48.562831760617));
#3941 = CARTESIAN_POINT('',(8.449324304431,-63.13590932905,
    49.312831760342));
#3942 = CARTESIAN_POINT('',(-5.925895362037,-61.88418528876,
    50.812831760353));
#3943 = CARTESIAN_POINT('',(-13.45487115455,-65.18003031347,
    51.562831760559));
#3944 = CARTESIAN_POINT('',(-18.94881310254,-72.6063034285,
    52.312831759961));
#3945 = CARTESIAN_POINT('',(-19.88207661043,-82.74045793459,
    53.062831760745));
#3946 = CARTESIAN_POINT('',(-14.88147850825,-92.45978177166,
    53.812831760506));
#3947 = CARTESIAN_POINT('',(-4.977790918506,-97.87306379181,
    54.562831759563));
#3948 = CARTESIAN_POINT('',(5.903036719437,-96.83441483403,
    55.312831761443));
#3949 = CARTESIAN_POINT('',(13.929188179117,-90.57717951414,
    56.062831759592));
#3950 = CARTESIAN_POINT('',(17.213651322585,-81.94322217872,
    56.812831760685));
#3951 = CARTESIAN_POINT('',(15.922714652151,-73.82647679981,
    57.562831760334));
#3952 = CARTESIAN_POINT('',(7.107566585722,-62.40251434764,
    59.062831760351));
#3953 = CARTESIAN_POINT('',(-0.416501946709,-59.09548192225,
    59.812831760595));
#3954 = CARTESIAN_POINT('',(-9.601134326352,-60.0831354235,
    60.562831759848));
#3955 = CARTESIAN_POINT('',(-17.68915620569,-66.26018718131,
    61.312831760968));
#3956 = CARTESIAN_POINT('',(-21.45308230633,-76.52196576957,
    62.062831760177));
#3957 = CARTESIAN_POINT('',(-18.72817814196,-87.4746616172,
    62.812831759932));
#3958 = CARTESIAN_POINT('',(-10.59463527447,-94.77648892861,
    63.562831761144));
#3959 = CARTESIAN_POINT('',(-0.555073146597,-96.4436102727,
    64.312831759758));
#3960 = CARTESIAN_POINT('',(8.021642071525,-93.01244815568,
    65.062831760629));
#3961 = CARTESIAN_POINT('',(13.118998102006,-86.56535311148,
    65.81283176034));
#3962 = CARTESIAN_POINT('',(15.553543100153,-72.34259865996,
    67.312831760354));
#3963 = CARTESIAN_POINT('',(12.890692952648,-64.56716941166,
    68.062831760584));
#3964 = CARTESIAN_POINT('',(5.943470451941,-58.47873529448,
    68.812831759811));
#3965 = CARTESIAN_POINT('',(-4.079002491207,-56.71178748092,
    69.562831761181));
#3966 = CARTESIAN_POINT('',(-14.17807600917,-60.89269066788,
    70.312831759697));
#3967 = CARTESIAN_POINT('',(-20.39070900471,-70.3155267602,
    71.062831760592));
#3968 = CARTESIAN_POINT('',(-20.25413913499,-81.24496191183,
    71.812831760538));
#3969 = CARTESIAN_POINT('',(-14.68106982267,-89.7604183096,
    72.562831760132));
#3970 = CARTESIAN_POINT('',(-6.34783062052,-93.74664993773,
    73.312831760485));
#3971 = CARTESIAN_POINT('',(1.847796653557,-93.1303979744,
    74.062831760364));
#3972 = CARTESIAN_POINT('',(13.960689643269,-85.28874145626,
    75.562831760343));
#3973 = CARTESIAN_POINT('',(17.877759521757,-78.06346398831,
    76.312831760581));
#3974 = CARTESIAN_POINT('',(17.651940312938,-68.82864205389,
    77.062831759906));
#3975 = CARTESIAN_POINT('',(12.163889827727,-60.25814788777,
    77.812831760864));
#3976 = CARTESIAN_POINT('',(2.247983024913,-55.65966666404,
    78.562831760311));
#3977 = CARTESIAN_POINT('',(-8.892324665829,-57.4707973306,
    79.31283175979));
#3978 = CARTESIAN_POINT('',(-16.84087514854,-64.97357998186,
    80.062831761274));
#3979 = CARTESIAN_POINT('',(-19.33136291312,-74.84118209342,
    80.812831759652));
#3980 = CARTESIAN_POINT('',(-16.62017947715,-83.67194660662,
    81.562831760706));
#3981 = CARTESIAN_POINT('',(-10.6160408586,-89.28428947613,
    82.312831760292));
#3982 = CARTESIAN_POINT('',(-3.629474156055,-91.08465724442,
    83.062831760372));
#3983 = CARTESIAN_POINT('',(0.437475611858,-83.89955046701,
    23.804554222965));
#3984 = CARTESIAN_POINT('',(3.859935129798,-83.68254464185,
    24.554554237593));
#3985 = CARTESIAN_POINT('',(7.163936889907,-81.59818317707,
    25.304554159578));
#3986 = CARTESIAN_POINT('',(9.217803669748,-77.71736953163,
    26.054554402945));
#3987 = CARTESIAN_POINT('',(8.935726418543,-72.88826565684,
    26.804553884776));
#3988 = CARTESIAN_POINT('',(5.894418204883,-68.67610085124,
    27.554554685624));
#3989 = CARTESIAN_POINT('',(0.855034672039,-66.83632124835,
    28.304553761604));
#3990 = CARTESIAN_POINT('',(-4.184752418338,-68.09823507072,
    29.054554563797));
#3991 = CARTESIAN_POINT('',(-7.511813373481,-71.60971399403,
    29.804554045079));
#3992 = CARTESIAN_POINT('',(-8.44141133584,-75.90097582639,
    30.554554286879));
#3993 = CARTESIAN_POINT('',(-7.257495215834,-79.62378839584,
    31.304554211662));
#3994 = CARTESIAN_POINT('',(-2.302244946593,-84.36581090688,
    32.804554236079));
#3995 = CARTESIAN_POINT('',(1.469009127444,-85.38494439236,
    33.554554161384));
#3996 = CARTESIAN_POINT('',(5.71526263829,-84.26761972823,
    34.304554401043));
#3997 = CARTESIAN_POINT('',(9.07710410466,-80.78942568699,
    35.054553887613));
#3998 = CARTESIAN_POINT('',(10.116272456302,-75.69904091544,
    35.804554680409));
#3999 = CARTESIAN_POINT('',(8.056760708591,-70.74539713401,
    36.554553769112));
#4000 = CARTESIAN_POINT('',(3.714985607044,-67.89217624447,
    37.304554556463));
#4001 = CARTESIAN_POINT('',(-1.121850464978,-67.82263791057,
    38.054554049765));
#4002 = CARTESIAN_POINT('',(-4.908633974247,-70.04510302104,
    38.804554285121));
#4003 = CARTESIAN_POINT('',(-6.845751625136,-73.43753076642,
    39.554554211829));
#4004 = CARTESIAN_POINT('',(-6.978471281241,-80.29491133187,
    41.05455423631));
#4005 = CARTESIAN_POINT('',(-5.174071269869,-83.75975345614,
    41.80455415904));
#4006 = CARTESIAN_POINT('',(-1.476119541999,-86.12708029036,
    42.554554408142));
#4007 = CARTESIAN_POINT('',(3.359784241188,-86.2447507137,
    43.304553874297));
#4008 = CARTESIAN_POINT('',(7.808711622448,-83.56166792112,
    44.054554697771));
#4009 = CARTESIAN_POINT('',(10.058356426908,-78.6914242346,
    44.804553752776));
#4010 = CARTESIAN_POINT('',(9.216935007197,-73.56464255392,
    45.554554567698));
#4011 = CARTESIAN_POINT('',(5.99219607743,-69.95896956795,
    46.304554044224));
#4012 = CARTESIAN_POINT('',(1.792356671872,-68.6781770606,
    47.054554286936));
#4013 = CARTESIAN_POINT('',(-2.015507623573,-69.55062208136,
    47.804554211543));
#4014 = CARTESIAN_POINT('',(-7.150535047232,-74.09735454373,
    49.304554236489));
#4015 = CARTESIAN_POINT('',(-8.477615369528,-77.77156849557,
    50.054554158515));
#4016 = CARTESIAN_POINT('',(-7.714759767123,-82.09558684203,
    50.804554409428));
#4017 = CARTESIAN_POINT('',(-4.526064197716,-85.7331728922,
    51.55455387181));
#4018 = CARTESIAN_POINT('',(0.461120497174,-87.18915261631,
    52.304554701424));
#4019 = CARTESIAN_POINT('',(5.567918195885,-85.54574378726,
    53.05455374891));
#4020 = CARTESIAN_POINT('',(8.769934842215,-81.45441517901,
    53.80455457034));
#4021 = CARTESIAN_POINT('',(9.238658421401,-76.63984177437,
    54.554554043397));
#4022 = CARTESIAN_POINT('',(7.336494260541,-72.68246234051,
    55.304554286559));
#4023 = CARTESIAN_POINT('',(4.115619283473,-70.47181646519,
    56.054554212186));
#4024 = CARTESIAN_POINT('',(-2.707379948389,-69.77327211429,
    57.554554235007));
#4025 = CARTESIAN_POINT('',(-6.309394051831,-71.28538479532,
    58.304554167092));
#4026 = CARTESIAN_POINT('',(-8.974009699306,-74.77521382692,
    59.05455438817));
#4027 = CARTESIAN_POINT('',(-9.490623983469,-79.58488342875,
    59.804553904054));
#4028 = CARTESIAN_POINT('',(-7.184094798637,-84.24018265382,
    60.554554670234));
#4029 = CARTESIAN_POINT('',(-2.516259647019,-86.8843253453,
    61.304553766444));
#4030 = CARTESIAN_POINT('',(2.662495492858,-86.46914406688,
    62.054554567559));
#4031 = CARTESIAN_POINT('',(6.522150116852,-83.55317337377,
    62.804554039477));
#4032 = CARTESIAN_POINT('',(8.145388052708,-79.47344555767,
    63.554554290127));
#4033 = CARTESIAN_POINT('',(7.590373816908,-75.60654110916,
    64.304554210727));
#4034 = CARTESIAN_POINT('',(3.483217954151,-70.1135862174,
    65.804554237112));
#4035 = CARTESIAN_POINT('',(-6.885726865536E-02,-68.48762436283,
    66.554554156278));
#4036 = CARTESIAN_POINT('',(-4.441103019923,-68.89079982448,
    67.304554414788));
#4037 = CARTESIAN_POINT('',(-8.329585255742,-71.76821490205,
    68.054553862616));
#4038 = CARTESIAN_POINT('',(-10.19243052878,-76.61813198584,
    68.804554713116));
#4039 = CARTESIAN_POINT('',(-8.976350774466,-81.84319900171,
    69.554553737781));
#4040 = CARTESIAN_POINT('',(-5.16341657574,-85.37213837948,
    70.30455457816));
#4041 = CARTESIAN_POINT('',(-0.403994260807,-86.23684534922,
    71.05455403943));
#4042 = CARTESIAN_POINT('',(3.696948184581,-84.66797584706,
    71.804554287963));
#4043 = CARTESIAN_POINT('',(6.166021331824,-81.64065548047,
    72.554554211859));
#4044 = CARTESIAN_POINT('',(7.425618609924,-74.89864558543,
    74.054554235426));
#4045 = CARTESIAN_POINT('',(6.216122528296,-71.1840649106,
    74.804554165994));
#4046 = CARTESIAN_POINT('',(2.958255247348,-68.24036248198,
    75.554554387279));
#4047 = CARTESIAN_POINT('',(-1.792325227596,-67.32833331977,
    76.304553914338));
#4048 = CARTESIAN_POINT('',(-6.622195904519,-69.24255299741,
    77.054554643422));
#4049 = CARTESIAN_POINT('',(-9.642774301292,-73.676093519,
    77.804553806742));
#4050 = CARTESIAN_POINT('',(-9.656669261172,-78.87144601884,
    78.554554528142));
#4051 = CARTESIAN_POINT('',(-7.069385860881,-82.95871688861,
    79.304554065315));
#4052 = CARTESIAN_POINT('',(-3.137638297179,-84.91331191225,
    80.054554279146));
#4053 = CARTESIAN_POINT('',(0.761891419621,-84.67951976411,
    80.80455421327));
#4054 = CARTESIAN_POINT('',(6.575251330313,-81.03999654278,
    82.304554234604));
#4055 = CARTESIAN_POINT('',(8.488987742801,-77.63432431746,
    83.054554167186));
#4056 = CARTESIAN_POINT('',(8.448246535706,-73.24371805337,
    83.804554388229));
#4057 = CARTESIAN_POINT('',(5.901767582825,-69.13090187022,
    84.554553905594));
#4058 = CARTESIAN_POINT('',(1.222247999561,-66.8739162222,
    85.304554664684));
#4059 = CARTESIAN_POINT('',(-4.085395862618,-67.65435979288,
    86.054553775694));
#4060 = CARTESIAN_POINT('',(-7.91715171438,-71.16285341137,
    86.804554558814));
#4061 = CARTESIAN_POINT('',(-9.17193526005,-75.83461293907,
    87.554554044041));
#4062 = CARTESIAN_POINT('',(-7.947077382701,-80.05110480474,
    88.304554289598));
#4063 = CARTESIAN_POINT('',(-5.133991295161,-82.76173895191,
    89.054554209612));
#4064 = CARTESIAN_POINT('',(-1.826508397712,-83.66776188956,
    89.804554224898));
#4065 = CARTESIAN_POINT('',(-0.414846486656,-84.85382769771,
    31.978429639004));
#4066 = CARTESIAN_POINT('',(3.480973613657,-85.05960854976,
    32.728429651844));
#4067 = CARTESIAN_POINT('',(7.489008755845,-83.13975224513,
    33.478429583374));
#4068 = CARTESIAN_POINT('',(10.321171705443,-79.02525266285,
    34.228429796807));
#4069 = CARTESIAN_POINT('',(10.638782483973,-73.53141256235,
    34.978429342792));
#4070 = CARTESIAN_POINT('',(7.757290883141,-68.37109571816,
    35.728430043799));
#4071 = CARTESIAN_POINT('',(2.305448719951,-65.62817205896,
    36.478429235777));
#4072 = CARTESIAN_POINT('',(-3.555569435647,-66.38997118087,
    37.228429936589));
#4073 = CARTESIAN_POINT('',(-7.777715620817,-69.91936629864,
    37.978429483829));
#4074 = CARTESIAN_POINT('',(-9.393591737389,-74.64580270596,
    38.728429694735));
#4075 = CARTESIAN_POINT('',(-8.546385976569,-79.00842070947,
    39.478429629137));
#4076 = CARTESIAN_POINT('',(-3.572047440205,-85.01965986482,
    40.978429650489));
#4077 = CARTESIAN_POINT('',(0.555005086875,-86.66818385935,
    41.728429584994));
#4078 = CARTESIAN_POINT('',(5.500312585514,-85.96519911617,
    42.478429795112));
#4079 = CARTESIAN_POINT('',(9.757374033332,-82.47799630223,
    43.228429345275));
#4080 = CARTESIAN_POINT('',(11.602361366918,-76.86302653262,
    43.978430039271));
#4081 = CARTESIAN_POINT('',(9.927963652711,-70.99424424647,
    44.728429242292));
#4082 = CARTESIAN_POINT('',(5.397930243442,-67.19810555763,
    45.478429930221));
#4083 = CARTESIAN_POINT('',(-5.83119448508E-02,-66.48216592542,
    46.2284294879));
#4084 = CARTESIAN_POINT('',(-4.630067334564,-68.49445550863,
    46.978429693208));
#4085 = CARTESIAN_POINT('',(-7.265952864669,-72.07248582179,
    47.728429629281));
#4086 = CARTESIAN_POINT('',(-8.319537422364,-79.80352712529,
    49.228429650696));
#4087 = CARTESIAN_POINT('',(-6.737219319459,-83.95641327236,
    49.978429582921));
#4088 = CARTESIAN_POINT('',(-2.8706510047,-87.11867563142,
    50.728429801375));
#4089 = CARTESIAN_POINT('',(2.578196764084,-87.88887932936,
    51.47842933355));
#4090 = CARTESIAN_POINT('',(7.958840188727,-85.44336506847,
    52.228430054529));
#4091 = CARTESIAN_POINT('',(11.14260494208,-80.23665255271,
    52.978429227965));
#4092 = CARTESIAN_POINT('',(10.867406785525,-74.33274387164,
    53.728429940053));
#4093 = CARTESIAN_POINT('',(7.698728413501,-69.8335633179,
    54.478429483062));
#4094 = CARTESIAN_POINT('',(3.121873173922,-67.8329002125,
    55.228429694791));
#4095 = CARTESIAN_POINT('',(-1.295805974377,-68.31695019695,
    55.978429629031));
#4096 = CARTESIAN_POINT('',(-7.697291320973,-72.77789465005,
    57.478429650852));
#4097 = CARTESIAN_POINT('',(-9.680994065948,-76.75471716948,
    58.228429582459));
#4098 = CARTESIAN_POINT('',(-9.388790630561,-81.74118595034,
    58.978429802507));
#4099 = CARTESIAN_POINT('',(-6.265043726786,-86.27167831258,
    59.728429331367));
#4100 = CARTESIAN_POINT('',(-0.821609775627,-88.57404458957,
    60.478430057725));
#4101 = CARTESIAN_POINT('',(5.16539831288,-87.39000601255,
    61.228429224596));
#4102 = CARTESIAN_POINT('',(9.322658457355,-83.18892759549,
    61.978429942342));
#4103 = CARTESIAN_POINT('',(10.486725700456,-77.81044307686,
    62.72842948236));
#4104 = CARTESIAN_POINT('',(8.85884167484,-73.08812898904,
    63.478429694447));
#4105 = CARTESIAN_POINT('',(5.510701850921,-70.16577494362,64.2284296296
    ));
#4106 = CARTESIAN_POINT('',(-2.106929704064,-68.4773645815,
    65.728429649544));
#4107 = CARTESIAN_POINT('',(-6.376298431137,-69.71133564139,
    66.478429590039));
#4108 = CARTESIAN_POINT('',(-9.847058745754,-73.30356012323,
    67.2284297837));
#4109 = CARTESIAN_POINT('',(-11.06459408424,-78.67019437125,
    67.978429359935));
#4110 = CARTESIAN_POINT('',(-9.071762510296,-84.2344091703,
    68.728430030006));
#4111 = CARTESIAN_POINT('',(-4.14574676861,-87.83726663551,
    69.478429240306));
#4112 = CARTESIAN_POINT('',(1.760722761177,-88.05054935225,
    70.228429939682));
#4113 = CARTESIAN_POINT('',(6.506203710634,-85.2642330025,
    70.978429479022));
#4114 = CARTESIAN_POINT('',(8.877987252422,-80.86822349421,
    71.72842969755));
#4115 = CARTESIAN_POINT('',(8.760399594548,-76.4256604296,
    72.478429628321));
#4116 = CARTESIAN_POINT('',(4.843321999097,-69.67765752755,
    73.978429651398));
#4117 = CARTESIAN_POINT('',(1.043895217625,-67.37232673294,
    74.728429580487));
#4118 = CARTESIAN_POINT('',(-3.949672208676,-67.25175281631,
    75.478429807235));
#4119 = CARTESIAN_POINT('',(-8.722647625076,-69.99070544812,
    76.228429323258));
#4120 = CARTESIAN_POINT('',(-11.46666535567,-75.2254194112,
    76.978430068024));
#4121 = CARTESIAN_POINT('',(-10.78107409179,-81.28975596275,
    77.728429214807));
#4122 = CARTESIAN_POINT('',(-6.937648299631,-85.77973926261,
    78.478429949206));
#4123 = CARTESIAN_POINT('',(-1.67366194928,-87.38398235624,
    79.228429478886));
#4124 = CARTESIAN_POINT('',(3.166952641685,-86.15162398702,
    79.978429695673));
#4125 = CARTESIAN_POINT('',(6.355812560806,-83.0562458421,
    80.728429629315));
#4126 = CARTESIAN_POINT('',(8.667515173732,-75.60406018373,
    82.228429649911));
#4127 = CARTESIAN_POINT('',(7.790320424782,-71.24737299296,
    82.978429589064));
#4128 = CARTESIAN_POINT('',(4.496978327547,-67.49182353554,
    83.728429782989));
#4129 = CARTESIAN_POINT('',(-0.75078287315,-65.83527356455,
    84.478429368756));
#4130 = CARTESIAN_POINT('',(-6.460559787695,-67.36180936716,
    85.228430006854));
#4131 = CARTESIAN_POINT('',(-10.45789881538,-71.97347869501,
    85.978429275195));
#4132 = CARTESIAN_POINT('',(-11.1582054629,-77.84216184738,
    86.72842990551));
#4133 = CARTESIAN_POINT('',(-8.773284496478,-82.80152678719,
    87.478429501446));
#4134 = CARTESIAN_POINT('',(-4.588149928191,-85.52822905505,
    88.228429688005));
#4135 = CARTESIAN_POINT('',(-0.151050154563,-85.77790697556,
    88.978429630541));
#4136 = CARTESIAN_POINT('',(6.897374599497,-82.43145384635,
    90.478429649194));
#4137 = CARTESIAN_POINT('',(9.50858569956,-78.83537674863,
    91.228429590119));
#4138 = CARTESIAN_POINT('',(10.041113319331,-73.86882178264,
    91.978429783756));
#4139 = CARTESIAN_POINT('',(7.705664794505,-68.8859676173,
    92.728429361273));
#4140 = CARTESIAN_POINT('',(2.715429210578,-65.71904279862,
    93.478430025167));
#4141 = CARTESIAN_POINT('',(-3.384810225263,-65.90150352209,
    94.228429248386));
#4142 = CARTESIAN_POINT('',(-8.176845548168,-69.36102215489,
    94.978429932027));
#4143 = CARTESIAN_POINT('',(-10.21030588252,-74.47455199089,
    95.728429483044));
#4144 = CARTESIAN_POINT('',(-9.381891428328,-79.40040077468,
    96.478429697045));
#4145 = CARTESIAN_POINT('',(-6.560419532724,-82.83398341982,
    97.228429627381));
#4146 = CARTESIAN_POINT('',(-2.942502644913,-84.29358521673,
    97.978429640694));
#4147 = CARTESIAN_POINT('',(-0.414846486656,-91.5,31.978429639004));
#4148 = CARTESIAN_POINT('',(6.777747220524,-91.70578085204,
    32.728429639031));
#4149 = CARTESIAN_POINT('',(14.082502525015,-87.98714197304,
    33.478429638893));
#4150 = CARTESIAN_POINT('',(19.121267391546,-80.27426011853,
    34.228429639241));
#4151 = CARTESIAN_POINT('',(19.462016955053,-70.13012605893,
    34.978429638714));
#4152 = CARTESIAN_POINT('',(13.918878440956,-60.74356704448,
    35.728429639181));
#4153 = CARTESIAN_POINT('',(3.744074239427,-55.92896015732,
    36.478429639044));
#4154 = CARTESIAN_POINT('',(-7.028975737786,-57.59487794237,
    37.228429638824));
#4155 = CARTESIAN_POINT('',(-14.65678290728,-64.29085521907,
    37.978429639167));
#4156 = CARTESIAN_POINT('',(-17.42558408726,-73.07785941837,
    38.728429638935));
#4157 = CARTESIAN_POINT('',(-15.66897786338,-81.0842355613,
    39.47842963901));
#4158 = CARTESIAN_POINT('',(-6.22895130778,-91.94650505752,
    40.978429639016));
#4159 = CARTESIAN_POINT('',(1.454316382303,-94.8022226136,
    41.728429638907));
#4160 = CARTESIAN_POINT('',(10.541530572386,-93.28556966093,
    42.478429639239));
#4161 = CARTESIAN_POINT('',(18.235595950423,-86.66583220392,
    43.228429638698));
#4162 = CARTESIAN_POINT('',(21.38724629631,-76.23026921826,
    43.978429639205));
#4163 = CARTESIAN_POINT('',(18.038260316264,-65.48357796011,
    44.728429639027));
#4164 = CARTESIAN_POINT('',(9.516216556379,-58.68588291786,
    45.478429638831));
#4165 = CARTESIAN_POINT('',(-0.576347265198,-57.60898481015,
    46.228429639166));
#4166 = CARTESIAN_POINT('',(-8.916414369329,-61.52318759231,
    46.978429638936));
#4167 = CARTESIAN_POINT('',(-13.61717971243,-68.23813580995,
    47.728429639009));
#4168 = CARTESIAN_POINT('',(-15.21525508326,-82.5402040201,
    49.22842963902));
#4169 = CARTESIAN_POINT('',(-12.1125391537,-90.12709264647,
    49.978429638883));
#4170 = CARTESIAN_POINT('',(-4.84209860855,-95.78557231133,
    50.72842963931));
#4171 = CARTESIAN_POINT('',(5.239249222122,-96.96285399388,
    51.478429638569));
#4172 = CARTESIAN_POINT('',(15.05149711728,-92.21378400723,
    52.228429639362));
#4173 = CARTESIAN_POINT('',(20.689888363805,-82.47131900641,
    52.978429638894));
#4174 = CARTESIAN_POINT('',(19.919291940645,-71.59749405634,
    53.728429638909));
#4175 = CARTESIAN_POINT('',(13.876084148024,-63.44279029473,
    54.478429639135));
#4176 = CARTESIAN_POINT('',(5.347737811359,-59.95782091908,
    55.228429638943));
#4177 = CARTESIAN_POINT('',(-2.776351889967,-61.04726614075,
    55.978429639008));
#4178 = CARTESIAN_POINT('',(-14.38107244314,-69.55805111404,
    57.478429639021));
#4179 = CARTESIAN_POINT('',(-17.86151549187,-76.97925326439,
    58.228429638875));
#4180 = CARTESIAN_POINT('',(-17.10045888095,-86.16067421406,
    58.978429639327));
#4181 = CARTESIAN_POINT('',(-11.13870206105,-94.37511405516,
    59.728429638551));
#4182 = CARTESIAN_POINT('',(-0.999043043031,-98.37776186152,
    60.478429639366));
#4183 = CARTESIAN_POINT('',(9.98749989161,-95.92766911573,
    61.228429638912));
#4184 = CARTESIAN_POINT('',(17.465722151843,-87.99608164704,
    61.978429638875));
#4185 = CARTESIAN_POINT('',(19.372379421782,-78.02691859846,
    62.728429639169));
#4186 = CARTESIAN_POINT('',(16.160262909338,-69.39210474421,
    63.478429638921));
#4187 = CARTESIAN_POINT('',(9.856435769476,-64.15287886985,
    64.228429639018));
#4188 = CARTESIAN_POINT('',(-4.264815608672,-61.37920630579,
    65.728429639005));
#4189 = CARTESIAN_POINT('',(-12.08201141385,-63.84480458561,
    66.478429638975));
#4190 = CARTESIAN_POINT('',(-18.32155272475,-70.6231393577,
    67.228429639064));
#4191 = CARTESIAN_POINT('',(-20.32732449803,-80.57283509709,
    67.978429638973));
#4192 = CARTESIAN_POINT('',(-16.40476399964,-90.74374431489,
    68.728429638928));
#4193 = CARTESIAN_POINT('',(-7.161189121393,-97.16740395142,
    69.478429639198));
#4194 = CARTESIAN_POINT('',(3.739131560885,-97.29739286896,
    70.228429638777));
#4195 = CARTESIAN_POINT('',(12.365027010605,-91.94823578926,
    70.978429639161));
#4196 = CARTESIAN_POINT('',(16.542358712403,-83.7368045687,
    71.728429638948));
#4197 = CARTESIAN_POINT('',(16.12751650672,-75.55049708016,
    72.478429639004));
#4198 = CARTESIAN_POINT('',(8.604110407309,-63.28259747822,
    73.978429639026));
#4199 = CARTESIAN_POINT('',(1.495668132416,-59.20120389162,
    74.728429638846));
#4200 = CARTESIAN_POINT('',(-7.717241162956,-59.20146537408,
    75.478429639402));
#4201 = CARTESIAN_POINT('',(-16.39594251056,-64.46451670919,
    76.228429638422));
#4202 = CARTESIAN_POINT('',(-21.22224563998,-74.23900761174,
    76.978429639523));
#4203 = CARTESIAN_POINT('',(-19.68778273887,-85.39035298988,
    77.728429638775));
#4204 = CARTESIAN_POINT('',(-12.40083235303,-93.49801863028,
    78.478429638957));
#4205 = CARTESIAN_POINT('',(-2.623169565616,-96.22141065858,
    79.228429639136));
#4206 = CARTESIAN_POINT('',(6.24740650331,-93.73332242911,79.97842963893
    ));
#4207 = CARTESIAN_POINT('',(11.989303683388,-87.88367789826,
    80.728429639016));
#4208 = CARTESIAN_POINT('',(15.919626445829,-74.03970581795,
    82.228429639008));
#4209 = CARTESIAN_POINT('',(14.107988346301,-66.04560220771,
    82.978429638962));
#4210 = CARTESIAN_POINT('',(7.86806226285,-59.26762164237,83.72842963908
    ));
#4211 = CARTESIAN_POINT('',(-1.882014900184,-56.44706124502,
    84.478429638993));
#4212 = CARTESIAN_POINT('',(-12.34210779169,-59.51631716121,
    85.22842963882));
#4213 = CARTESIAN_POINT('',(-19.507155723,-68.1978589721,85.978429639388
    ));
#4214 = CARTESIAN_POINT('',(-20.53684202767,-79.05021509454,
    86.728429638585));
#4215 = CARTESIAN_POINT('',(-15.91827581639,-88.0883786587,
    87.478429639287));
#4216 = CARTESIAN_POINT('',(-8.079852123423,-92.92953725369,
    88.228429638893));
#4217 = CARTESIAN_POINT('',(0.112752375919,-93.19213186485,
    88.978429639021));
#4218 = CARTESIAN_POINT('',(12.960028831073,-86.7074971287,
    90.478429639001));
#4219 = CARTESIAN_POINT('',(17.614492903094,-79.96037260542,
    91.228429638991));
#4220 = CARTESIAN_POINT('',(18.3750283242,-70.77890845536,91.97842963902
    ));
#4221 = CARTESIAN_POINT('',(13.846634470641,-61.69522997159,
    92.728429639063));
#4222 = CARTESIAN_POINT('',(4.504081343373,-56.07824000944,
    93.478429638783));
#4223 = CARTESIAN_POINT('',(-6.735891460298,-56.68659118091,
    94.228429639375));
#4224 = CARTESIAN_POINT('',(-15.41761691742,-63.27912718708,
    94.978429638621));
#4225 = CARTESIAN_POINT('',(-18.93914016864,-72.79849837939,
    95.728429639264));
#4226 = CARTESIAN_POINT('',(-17.19207638991,-81.84424162974,
    96.478429638893));
#4227 = CARTESIAN_POINT('',(-11.83657347075,-88.04958713452,
    97.22842963903));
#4228 = CARTESIAN_POINT('',(-5.10051126354,-90.5796495716,
    97.978429639004));
#4229 = DEFINITIONAL_REPRESENTATION('',(#4230),#4233);
#4230 = B_SPLINE_CURVE_WITH_KNOTS('',1,(#4231,#4232),.UNSPECIFIED.,.F.,
  .F.,(2,2),(0.,79.129403263079),.PIECEWISE_BEZIER_KNOTS.);
#4231 = CARTESIAN_POINT('',(6.28318530718,0.));
#4232 = CARTESIAN_POINT('',(6.28318530718,79.129403263079));
#4233 = ( GEOMETRIC_REPRESENTATION_CONTEXT(2) 
PARAMETRIC_REPRESENTATION_CONTEXT() REPRESENTATION_CONTEXT('2D SPACE',''
  ) );
#4234 = PCURVE('',#3654,#4235);
#4235 = DEFINITIONAL_REPRESENTATION('',(#4236),#4240);
#4236 = LINE('',#4237,#4238);
#4237 = CARTESIAN_POINT('',(0.,0.));
#4238 = VECTOR('',#4239,1.);
#4239 = DIRECTION('',(0.,1.));
#4240 = ( GEOMETRIC_REPRESENTATION_CONTEXT(2) 
PARAMETRIC_REPRESENTATION_CONTEXT() REPRESENTATION_CONTEXT('2D SPACE',''
  ) );
#4241 = ORIENTED_EDGE('',*,*,#4242,.F.);
#4242 = EDGE_CURVE('',#3567,#3567,#4243,.T.);
#4243 = SURFACE_CURVE('',#4244,(#4252,#4259),.PCURVE_S1.);
#4244 = ( BOUNDED_CURVE() B_SPLINE_CURVE(6,(#4245,#4246,#4247,#4248,
#4249,#4250,#4251),.UNSPECIFIED.,.T.,.F.) B_SPLINE_CURVE_WITH_KNOTS((1,6
    ,6,1),(-6.28318530718,0.,6.28318530718,12.566370614359),
.UNSPECIFIED.) CURVE() GEOMETRIC_REPRESENTATION_ITEM() 
RATIONAL_B_SPLINE_CURVE((1.669078461068,1.03672962321,1.038346699848,
    0.853534330196,1.038346699848,1.03672962321,1.669078461068)) 
REPRESENTATION_ITEM('') );
#4245 = CARTESIAN_POINT('',(-5.10051126354,-90.5796495716,
    97.978429639004));
#4246 = CARTESIAN_POINT('',(-7.258519882167,-96.86571392647,
    97.978429637314));
#4247 = CARTESIAN_POINT('',(-6.762232255481,-98.04503431563,
    89.804554221032));
#4248 = CARTESIAN_POINT('',(-3.629474156055,-91.08465724442,
    83.062831760372));
#4249 = CARTESIAN_POINT('',(-1.826508397712,-83.66776188956,
    89.804554224898));
#4250 = CARTESIAN_POINT('',(-2.942502644913,-84.29358521673,
    97.978429640694));
#4251 = CARTESIAN_POINT('',(-5.10051126354,-90.5796495716,
    97.978429639004));
#4252 = PCURVE('',#3654,#4253);
#4253 = DEFINITIONAL_REPRESENTATION('',(#4254),#4258);
#4254 = LINE('',#4255,#4256);
#4255 = CARTESIAN_POINT('',(0.,79.129403263079));
#4256 = VECTOR('',#4257,1.);
#4257 = DIRECTION('',(1.,0.));
#4258 = ( GEOMETRIC_REPRESENTATION_CONTEXT(2) 
PARAMETRIC_REPRESENTATION_CONTEXT() REPRESENTATION_CONTEXT('2D SPACE',''
  ) );
#4259 = PCURVE('',#4260,#4265);
#4260 = PLANE('',#4261);
#4261 = AXIS2_PLACEMENT_3D('',#4262,#4263,#4264);
#4262 = CARTESIAN_POINT('',(-4.708204463828,-90.71432866498,
    94.000630275693));
#4263 = DIRECTION('',(0.940716836866,-0.322948498013,0.103711621664));
#4264 = DIRECTION('',(-0.324699469205,-0.945817241701,0.));
#4265 = DEFINITIONAL_REPRESENTATION('',(#4266),#4274);
#4266 = ( BOUNDED_CURVE() B_SPLINE_CURVE(6,(#4267,#4268,#4269,#4270,
#4271,#4272,#4273),.UNSPECIFIED.,.T.,.F.) B_SPLINE_CURVE_WITH_KNOTS((1,6
    ,6,1),(-6.28318530718,0.,6.28318530718,12.566370614359),
.UNSPECIFIED.) CURVE() GEOMETRIC_REPRESENTATION_ITEM() 
RATIONAL_B_SPLINE_CURVE((1.669078461068,1.03672962321,1.038346699848,
    0.853534330196,1.038346699848,1.03672962321,1.669078461068)) 
REPRESENTATION_ITEM('') );
#4267 = CARTESIAN_POINT('',(1.02258290724E-09,-3.999366307061));
#4268 = CARTESIAN_POINT('',(6.646172303307,-3.999366305361));
#4269 = CARTESIAN_POINT('',(7.600449531904,4.218826457075));
#4270 = CARTESIAN_POINT('',(-2.811873400788E-09,10.997101376973));
#4271 = CARTESIAN_POINT('',(-7.600449534061,4.218826453189));
#4272 = CARTESIAN_POINT('',(-6.646172301262,-3.99936630876));
#4273 = CARTESIAN_POINT('',(1.02258290724E-09,-3.999366307061));
#4274 = ( GEOMETRIC_REPRESENTATION_CONTEXT(2) 
PARAMETRIC_REPRESENTATION_CONTEXT() REPRESENTATION_CONTEXT('2D SPACE',''
  ) );
#4275 = ORIENTED_EDGE('',*,*,#3564,.F.);
#4276 = ORIENTED_EDGE('',*,*,#4277,.T.);
#4277 = EDGE_CURVE('',#3565,#3565,#4278,.T.);
#4278 = SURFACE_CURVE('',#4279,(#4287,#4294),.PCURVE_S1.);
#4279 = ( BOUNDED_CURVE() B_SPLINE_CURVE(6,(#4280,#4281,#4282,#4283,
#4284,#4285,#4286),.UNSPECIFIED.,.T.,.F.) B_SPLINE_CURVE_WITH_KNOTS((1,6
    ,6,1),(-6.28318530718,0.,6.28318530718,12.566370614359),
.UNSPECIFIED.) CURVE() GEOMETRIC_REPRESENTATION_ITEM() 
RATIONAL_B_SPLINE_CURVE((1.669078461068,1.03672962321,1.038346699848,
    0.853534330196,1.038346699848,1.03672962321,1.669078461068)) 
REPRESENTATION_ITEM('') );
#4280 = CARTESIAN_POINT('',(-0.414846486656,-91.5,31.978429639004));
#4281 = CARTESIAN_POINT('',(-0.414846486656,-98.14617230228,
    31.978429639004));
#4282 = CARTESIAN_POINT('',(0.437475611858,-99.10044953298,
    23.804554222965));
#4283 = CARTESIAN_POINT('',(1.140461496087,-91.5,17.062831760371));
#4284 = CARTESIAN_POINT('',(0.437475611858,-83.89955046701,
    23.804554222965));
#4285 = CARTESIAN_POINT('',(-0.414846486656,-84.85382769771,
    31.978429639004));
#4286 = CARTESIAN_POINT('',(-0.414846486656,-91.5,31.978429639004));
#4287 = PCURVE('',#3654,#4288);
#4288 = DEFINITIONAL_REPRESENTATION('',(#4289),#4293);
#4289 = LINE('',#4290,#4291);
#4290 = CARTESIAN_POINT('',(0.,0.));
#4291 = VECTOR('',#4292,1.);
#4292 = DIRECTION('',(1.,0.));
#4293 = ( GEOMETRIC_REPRESENTATION_CONTEXT(2) 
PARAMETRIC_REPRESENTATION_CONTEXT() REPRESENTATION_CONTEXT('2D SPACE',''
  ) );
#4294 = PCURVE('',#4295,#4300);
#4295 = PLANE('',#4296);
#4296 = AXIS2_PLACEMENT_3D('',#4297,#4298,#4299);
#4297 = CARTESIAN_POINT('',(-6.572132240772E-05,-91.5,28.000630275693));
#4298 = DIRECTION('',(0.994607409751,-4.644380394618E-16,0.103711621664)
  );
#4299 = DIRECTION('',(-0.103711621664,2.302860605852E-17,0.994607409751)
  );
#4300 = DEFINITIONAL_REPRESENTATION('',(#4301),#4309);
#4301 = ( BOUNDED_CURVE() B_SPLINE_CURVE(6,(#4302,#4303,#4304,#4305,
#4306,#4307,#4308),.UNSPECIFIED.,.T.,.F.) B_SPLINE_CURVE_WITH_KNOTS((1,6
    ,6,1),(-6.28318530718,0.,6.28318530718,12.566370614359),
.UNSPECIFIED.) CURVE() GEOMETRIC_REPRESENTATION_ITEM() 
RATIONAL_B_SPLINE_CURVE((1.669078461068,1.03672962321,1.038346699848,
    0.853534330196,1.038346699848,1.03672962321,1.669078461068)) 
REPRESENTATION_ITEM('') );
#4302 = CARTESIAN_POINT('',(3.999366307061,5.329070518201E-15));
#4303 = CARTESIAN_POINT('',(3.999366307061,6.646172302284));
#4304 = CARTESIAN_POINT('',(-4.218826455132,7.600449532982));
#4305 = CARTESIAN_POINT('',(-10.99710137697,1.95399252334E-14));
#4306 = CARTESIAN_POINT('',(-4.218826455132,-7.600449532982));
#4307 = CARTESIAN_POINT('',(3.999366307061,-6.646172302284));
#4308 = CARTESIAN_POINT('',(3.999366307061,5.329070518201E-15));
#4309 = ( GEOMETRIC_REPRESENTATION_CONTEXT(2) 
PARAMETRIC_REPRESENTATION_CONTEXT() REPRESENTATION_CONTEXT('2D SPACE',''
  ) );
#4310 = ADVANCED_FACE('',(#4311),#4295,.F.);
#4311 = FACE_BOUND('',#4312,.F.);
#4312 = EDGE_LOOP('',(#4313));
#4313 = ORIENTED_EDGE('',*,*,#4277,.T.);
#4314 = ADVANCED_FACE('',(#4315),#4260,.T.);
#4315 = FACE_BOUND('',#4316,.T.);
#4316 = EDGE_LOOP('',(#4317));
#4317 = ORIENTED_EDGE('',*,*,#4242,.T.);
#4318 = ( GEOMETRIC_REPRESENTATION_CONTEXT(3) 
GLOBAL_UNCERTAINTY_ASSIGNED_CONTEXT((#4322)) 
GLOBAL_UNIT_ASSIGNED_CONTEXT((#4319,#4320,#4321)) REPRESENTATION_CONTEXT
('Context #1','3D Context with UNIT and UNCERTAINTY') );
#4319 = ( LENGTH_UNIT() NAMED_UNIT(*) SI_UNIT(.MILLI.,.METRE.) );
#4320 = ( NAMED_UNIT(*) PLANE_ANGLE_UNIT() SI_UNIT($,.RADIAN.) );
#4321 = ( NAMED_UNIT(*) SI_UNIT($,.STERADIAN.) SOLID_ANGLE_UNIT() );
#4322 = UNCERTAINTY_MEASURE_WITH_UNIT(LENGTH_MEASURE(5.E-06),#4319,
  'distance_accuracy_value','confusion accuracy');
#4323 = CONTEXT_DEPENDENT_SHAPE_REPRESENTATION(#4324,#4326);
#4324 = ( REPRESENTATION_RELATIONSHIP('','',#1277,#10) 
REPRESENTATION_RELATIONSHIP_WITH_TRANSFORMATION(#4325) 
SHAPE_REPRESENTATION_RELATIONSHIP() );
#4325 = ITEM_DEFINED_TRANSFORMATION('','',#11,#27);
#4326 = PRODUCT_DEFINITION_SHAPE('Placement','Placement of an item',
  #4327);
#4327 = NEXT_ASSEMBLY_USAGE_OCCURRENCE('4','Coil_Outer','',#5,#1272,$);
#4328 = PRODUCT_RELATED_PRODUCT_CATEGORY('part',$,(#1274));
#4329 = SHAPE_DEFINITION_REPRESENTATION(#4330,#4336);
#4330 = PRODUCT_DEFINITION_SHAPE('','',#4331);
#4331 = PRODUCT_DEFINITION('design','',#4332,#4335);
#4332 = PRODUCT_DEFINITION_FORMATION('','',#4333);
#4333 = PRODUCT('Coil_Inner','Coil_Inner','',(#4334));
#4334 = PRODUCT_CONTEXT('',#2,'mechanical');
#4335 = PRODUCT_DEFINITION_CONTEXT('part definition',#2,'design');
#4336 = ADVANCED_BREP_SHAPE_REPRESENTATION('',(#11,#4337),#5097);
#4337 = MANIFOLD_SOLID_BREP('',#4338);
#4338 = CLOSED_SHELL('',(#4339,#5089,#5093));
#4339 = ADVANCED_FACE('',(#4340),#4433,.T.);
#4340 = FACE_BOUND('',#4341,.T.);
#4341 = EDGE_LOOP('',(#4342,#5020,#5054,#5055));
#4342 = ORIENTED_EDGE('',*,*,#4343,.T.);
#4343 = EDGE_CURVE('',#4344,#4346,#4348,.T.);
#4344 = VERTEX_POINT('',#4345);
#4345 = CARTESIAN_POINT('',(18.,-0.334814662642,3.985962762204));
#4346 = VERTEX_POINT('',#4347);
#4347 = CARTESIAN_POINT('',(16.915996208148,-6.161263926654,
    69.985962762204));
#4348 = SEAM_CURVE('',#4349,(#4432,#5013),.PCURVE_S1.);
#4349 = ( BOUNDED_CURVE() B_SPLINE_CURVE(11,(#4350,#4351,#4352,#4353,
    #4354,#4355,#4356,#4357,#4358,#4359,#4360,#4361,#4362,#4363,#4364,
    #4365,#4366,#4367,#4368,#4369,#4370,#4371,#4372,#4373,#4374,#4375,
    #4376,#4377,#4378,#4379,#4380,#4381,#4382,#4383,#4384,#4385,#4386,
    #4387,#4388,#4389,#4390,#4391,#4392,#4393,#4394,#4395,#4396,#4397,
    #4398,#4399,#4400,#4401,#4402,#4403,#4404,#4405,#4406,#4407,#4408,
    #4409,#4410,#4411,#4412,#4413,#4414,#4415,#4416,#4417,#4418,#4419,
    #4420,#4421,#4422,#4423,#4424,#4425,#4426,#4427,#4428,#4429,#4430,
#4431),.UNSPECIFIED.,.F.,.F.) B_SPLINE_CURVE_WITH_KNOTS((12,10,10,10,10,
    10,10,10,12),(0.,9.891175407885,19.78235081577,29.673526223655,
    39.56470163154,49.455877039424,59.347052447309,69.238227855194,
79.129403263079),.UNSPECIFIED.) CURVE() GEOMETRIC_REPRESENTATION_ITEM() 
RATIONAL_B_SPLINE_CURVE((1.669078461068,1.669078461068,1.669078461068,
    1.669078461068,1.669078461068,1.669078461068,1.669078461068,
    1.669078461068,1.669078461068,1.669078461068,1.669078461068,
    1.669078461068,1.669078461068,1.669078461069,1.669078461068,
    1.669078461069,1.669078461068,1.669078461068,1.669078461068,
    1.669078461068,1.669078461068,1.669078461068,1.669078461068,
    1.669078461068,1.669078461068,1.669078461069,1.669078461068,
    1.669078461069,1.669078461068,1.669078461068,1.669078461068,
    1.669078461068,1.669078461069,1.669078461067,1.66907846107,
    1.669078461066,1.66907846107,1.669078461067,1.669078461069,
    1.669078461068,1.669078461068,1.669078461068,1.669078461068,
    1.669078461068,1.669078461068,1.669078461068,1.669078461068,
    1.669078461068,1.669078461068,1.669078461068,1.669078461068,
    1.669078461068,1.669078461069,1.669078461068,1.669078461069,
    1.669078461067,1.66907846107,1.669078461067,1.669078461069,
    1.669078461068,1.669078461068,1.669078461068,1.669078461068,
    1.669078461069,1.669078461068,1.669078461069,1.669078461067,
    1.669078461069,1.669078461068,1.669078461068,1.669078461068,
    1.669078461068,1.669078461069,1.669078461067,1.66907846107,
    1.669078461066,1.66907846107,1.669078461067,1.669078461069,
1.669078461068,1.669078461068,1.669078461068)) REPRESENTATION_ITEM('') 
  );
#4350 = CARTESIAN_POINT('',(18.,-0.334814662642,3.985962762204));
#4351 = CARTESIAN_POINT('',(18.166081788748,8.59392235305,4.735962762222
    ));
#4352 = CARTESIAN_POINT('',(13.460471587994,17.613132313235,
    5.48596276213));
#4353 = CARTESIAN_POINT('',(3.826042101069,23.770604343866,
    6.235962762365));
#4354 = CARTESIAN_POINT('',(-8.767303184827,24.067541686151,
    6.985962762002));
#4355 = CARTESIAN_POINT('',(-20.34743048706,17.071837560287,
    7.735962762339));
#4356 = CARTESIAN_POINT('',(-26.19615166951,4.384886009938,
    8.485962762208));
#4357 = CARTESIAN_POINT('',(-23.99495856918,-8.964046032227,
    9.235962762104));
#4358 = CARTESIAN_POINT('',(-15.590388755,-18.34720708365,9.985962762301
    ));
#4359 = CARTESIAN_POINT('',(-4.651129615787,-21.67426400077,
    10.735962762162));
#4360 = CARTESIAN_POINT('',(5.263167687863,-19.3948728896,
    11.485962762208));
#4361 = CARTESIAN_POINT('',(18.626306585302,-7.544715497037,
    12.985962762212));
#4362 = CARTESIAN_POINT('',(22.074931937196,2.025859137523,
    13.73596276214));
#4363 = CARTESIAN_POINT('',(20.079909793868,13.284481612276,
    14.485962762361));
#4364 = CARTESIAN_POINT('',(11.769133009664,22.75081704229,
    15.235962761998));
#4365 = CARTESIAN_POINT('',(-1.220780606201,26.532532105626,
    15.985962762342));
#4366 = CARTESIAN_POINT('',(-14.51610529066,22.242937636253,
    16.735962762215));
#4367 = CARTESIAN_POINT('',(-22.84640625281,11.582481572778,
    17.485962762092));
#4368 = CARTESIAN_POINT('',(-24.05756194385,-0.956003466483,
    18.235962762309));
#4369 = CARTESIAN_POINT('',(-19.09639864763,-11.25763231568,
    18.98596276216));
#4370 = CARTESIAN_POINT('',(-10.70462524597,-17.00802830604,
    19.735962762207));
#4371 = CARTESIAN_POINT('',(7.064426607267,-18.81371589175,
    21.235962762215));
#4372 = CARTESIAN_POINT('',(16.441417603212,-14.86897819112,
    21.985962762116));
#4373 = CARTESIAN_POINT('',(23.373463625837,-5.77593517777,
    22.735962762432));
#4374 = CARTESIAN_POINT('',(24.709336988093,6.749876564202,
    23.485962761868));
#4375 = CARTESIAN_POINT('',(18.693806071036,18.86815251892,
    24.235962762505));
#4376 = CARTESIAN_POINT('',(6.533170460141,25.744577517924,
    24.98596276207));
#4377 = CARTESIAN_POINT('',(-6.951941297198,24.65324867224,
    25.735962762183));
#4378 = CARTESIAN_POINT('',(-16.99709797041,17.05224002609,
    26.48596276227));
#4379 = CARTESIAN_POINT('',(-21.2161481612,6.42509018474,27.235962762171
    ));
#4380 = CARTESIAN_POINT('',(-19.76325850832,-3.643575393044,
    27.985962762205));
#4381 = CARTESIAN_POINT('',(-9.057094675024,-17.93965063749,
    29.485962762217));
#4382 = CARTESIAN_POINT('',(0.196006371744,-22.16682897368,
    30.235962762108));
#4383 = CARTESIAN_POINT('',(11.580922561583,-21.10835051976,
    30.985962762447));
#4384 = CARTESIAN_POINT('',(21.701224172464,-13.6076830312,
    31.735962761852));
#4385 = CARTESIAN_POINT('',(26.542721312488,-0.974428116185,
    32.485962762509));
#4386 = CARTESIAN_POINT('',(23.365697208397,12.629718201867,
    33.235962762086));
#4387 = CARTESIAN_POINT('',(13.429562795464,21.811900444671,
    33.985962762153));
#4388 = CARTESIAN_POINT('',(1.03391949148,24.054339313327,34.7359627623)
  );
#4389 = CARTESIAN_POINT('',(-9.642213693135,19.960822672766,
    35.485962762152));
#4390 = CARTESIAN_POINT('',(-16.06595632024,12.072575368889,
    36.235962762214));
#4391 = CARTESIAN_POINT('',(-19.33283323836,-5.486673664633,
    37.735962762203));
#4392 = CARTESIAN_POINT('',(-16.17591459982,-15.15739133909,
    38.485962762193));
#4393 = CARTESIAN_POINT('',(-7.686372749982,-22.81665845153,
    39.235962762225));
#4394 = CARTESIAN_POINT('',(4.686341424973,-25.1823424636,
    39.985962762202));
#4395 = CARTESIAN_POINT('',(17.259985955946,-20.18807692905,
    40.735962762158));
#4396 = CARTESIAN_POINT('',(25.117141783484,-8.63682673522,
    41.485962762294));
#4397 = CARTESIAN_POINT('',(25.143132094768,4.892347757892,
    42.235962762107));
#4398 = CARTESIAN_POINT('',(18.397607206175,15.530881440434,
    42.985962762269));
#4399 = CARTESIAN_POINT('',(8.155160872329,20.61310451799,
    43.735962762184));
#4400 = CARTESIAN_POINT('',(-1.99909378359,19.996641031541,44.4859627622
    ));
#4401 = CARTESIAN_POINT('',(-17.13044868528,10.507604712689,
    45.985962762223));
#4402 = CARTESIAN_POINT('',(-22.10730409172,1.635185316389,
    46.735962762082));
#4403 = CARTESIAN_POINT('',(-21.99259980701,-9.798254067561,
    47.485962762516));
#4404 = CARTESIAN_POINT('',(-15.3532787814,-20.50338993507,
    48.235962761732));
#4405 = CARTESIAN_POINT('',(-3.162980504481,-26.37159682159,
    48.985962762657));
#4406 = CARTESIAN_POINT('',(10.657057329857,-24.32884537299,
    49.735962761955));
#4407 = CARTESIAN_POINT('',(20.628397240274,-15.18490648918,
    50.485962762235));
#4408 = CARTESIAN_POINT('',(23.886801154279,-3.016779729924,
    51.235962762266));
#4409 = CARTESIAN_POINT('',(20.688894039088,7.960928973941,
    51.985962762161));
#4410 = CARTESIAN_POINT('',(13.358057560569,15.014137561824,
    52.735962762212));
#4411 = CARTESIAN_POINT('',(-3.871441177363,19.719887731444,
    54.235962762206));
#4412 = CARTESIAN_POINT('',(-13.76982472272,17.372353105695,
    54.985962762185));
#4413 = CARTESIAN_POINT('',(-22.10399236621,9.544304611361,
    55.735962762222));
#4414 = CARTESIAN_POINT('',(-25.48332699792,-2.590793833784,
    56.485962762269));
#4415 = CARTESIAN_POINT('',(-21.54444276673,-15.5339161784,
    57.235962761974));
#4416 = CARTESIAN_POINT('',(-10.68148470544,-24.31813050426,
    57.985962762575));
#4417 = CARTESIAN_POINT('',(2.799334503541,-25.46126243424,
    58.735962761836));
#4418 = CARTESIAN_POINT('',(13.958573254398,-19.617300069,
    59.485962762441));
#4419 = CARTESIAN_POINT('',(19.869252464283,-9.829523544836,
    60.235962762112));
#4420 = CARTESIAN_POINT('',(20.093426221383,0.340956337298,
    60.985962762219));
#4421 = CARTESIAN_POINT('',(11.886337154448,16.204228397819,
    62.485962762199));
#4422 = CARTESIAN_POINT('',(3.455207035704,21.89676390904,
    63.235962762211));
#4423 = CARTESIAN_POINT('',(-7.948653575126,22.726617331125,
    63.985962762179));
#4424 = CARTESIAN_POINT('',(-19.16549673423,16.993996079054,
    64.735962762297));
#4425 = CARTESIAN_POINT('',(-26.02032760715,5.329926518567,
    65.485962762005));
#4426 = CARTESIAN_POINT('',(-25.12580283565,-8.611597942645,
    66.235962762481));
#4427 = CARTESIAN_POINT('',(-16.83652188473,-19.30398116966,
    66.985962761945));
#4428 = CARTESIAN_POINT('',(-4.979032300574,-23.55609192106,
    67.73596276237));
#4429 = CARTESIAN_POINT('',(6.225263037707,-21.27563928134,
    68.485962762136));
#4430 = CARTESIAN_POINT('',(13.859757018958,-14.55229067393,
    69.235962762219));
#4431 = CARTESIAN_POINT('',(16.915996208148,-6.161263926654,
    69.985962762204));
#4432 = PCURVE('',#4433,#5008);
#4433 = ( BOUNDED_SURFACE() B_SPLINE_SURFACE(6,11,(
    (#4434,#4435,#4436,#4437,#4438,#4439,#4440,#4441,#4442,#4443,#4444
      ,#4445,#4446,#4447,#4448,#4449,#4450,#4451,#4452,#4453,#4454,#4455
      ,#4456,#4457,#4458,#4459,#4460,#4461,#4462,#4463,#4464,#4465,#4466
      ,#4467,#4468,#4469,#4470,#4471,#4472,#4473,#4474,#4475,#4476,#4477
      ,#4478,#4479,#4480,#4481,#4482,#4483,#4484,#4485,#4486,#4487,#4488
      ,#4489,#4490,#4491,#4492,#4493,#4494,#4495,#4496,#4497,#4498,#4499
      ,#4500,#4501,#4502,#4503,#4504,#4505,#4506,#4507,#4508,#4509,#4510
      ,#4511,#4512,#4513,#4514,#4515)
    ,(#4516,#4517,#4518,#4519,#4520,#4521,#4522,#4523,#4524,#4525,#4526
      ,#4527,#4528,#4529,#4530,#4531,#4532,#4533,#4534,#4535,#4536,#4537
      ,#4538,#4539,#4540,#4541,#4542,#4543,#4544,#4545,#4546,#4547,#4548
      ,#4549,#4550,#4551,#4552,#4553,#4554,#4555,#4556,#4557,#4558,#4559
      ,#4560,#4561,#4562,#4563,#4564,#4565,#4566,#4567,#4568,#4569,#4570
      ,#4571,#4572,#4573,#4574,#4575,#4576,#4577,#4578,#4579,#4580,#4581
      ,#4582,#4583,#4584,#4585,#4586,#4587,#4588,#4589,#4590,#4591,#4592
      ,#4593,#4594,#4595,#4596,#4597)
    ,(#4598,#4599,#4600,#4601,#4602,#4603,#4604,#4605,#4606,#4607,#4608
      ,#4609,#4610,#4611,#4612,#4613,#4614,#4615,#4616,#4617,#4618,#4619
      ,#4620,#4621,#4622,#4623,#4624,#4625,#4626,#4627,#4628,#4629,#4630
      ,#4631,#4632,#4633,#4634,#4635,#4636,#4637,#4638,#4639,#4640,#4641
      ,#4642,#4643,#4644,#4645,#4646,#4647,#4648,#4649,#4650,#4651,#4652
      ,#4653,#4654,#4655,#4656,#4657,#4658,#4659,#4660,#4661,#4662,#4663
      ,#4664,#4665,#4666,#4667,#4668,#4669,#4670,#4671,#4672,#4673,#4674
      ,#4675,#4676,#4677,#4678,#4679)
    ,(#4680,#4681,#4682,#4683,#4684,#4685,#4686,#4687,#4688,#4689,#4690
      ,#4691,#4692,#4693,#4694,#4695,#4696,#4697,#4698,#4699,#4700,#4701
      ,#4702,#4703,#4704,#4705,#4706,#4707,#4708,#4709,#4710,#4711,#4712
      ,#4713,#4714,#4715,#4716,#4717,#4718,#4719,#4720,#4721,#4722,#4723
      ,#4724,#4725,#4726,#4727,#4728,#4729,#4730,#4731,#4732,#4733,#4734
      ,#4735,#4736,#4737,#4738,#4739,#4740,#4741,#4742,#4743,#4744,#4745
      ,#4746,#4747,#4748,#4749,#4750,#4751,#4752,#4753,#4754,#4755,#4756
      ,#4757,#4758,#4759,#4760,#4761)
    ,(#4762,#4763,#4764,#4765,#4766,#4767,#4768,#4769,#4770,#4771,#4772
      ,#4773,#4774,#4775,#4776,#4777,#4778,#4779,#4780,#4781,#4782,#4783
      ,#4784,#4785,#4786,#4787,#4788,#4789,#4790,#4791,#4792,#4793,#4794
      ,#4795,#4796,#4797,#4798,#4799,#4800,#4801,#4802,#4803,#4804,#4805
      ,#4806,#4807,#4808,#4809,#4810,#4811,#4812,#4813,#4814,#4815,#4816
      ,#4817,#4818,#4819,#4820,#4821,#4822,#4823,#4824,#4825,#4826,#4827
      ,#4828,#4829,#4830,#4831,#4832,#4833,#4834,#4835,#4836,#4837,#4838
      ,#4839,#4840,#4841,#4842,#4843)
    ,(#4844,#4845,#4846,#4847,#4848,#4849,#4850,#4851,#4852,#4853,#4854
      ,#4855,#4856,#4857,#4858,#4859,#4860,#4861,#4862,#4863,#4864,#4865
      ,#4866,#4867,#4868,#4869,#4870,#4871,#4872,#4873,#4874,#4875,#4876
      ,#4877,#4878,#4879,#4880,#4881,#4882,#4883,#4884,#4885,#4886,#4887
      ,#4888,#4889,#4890,#4891,#4892,#4893,#4894,#4895,#4896,#4897,#4898
      ,#4899,#4900,#4901,#4902,#4903,#4904,#4905,#4906,#4907,#4908,#4909
      ,#4910,#4911,#4912,#4913,#4914,#4915,#4916,#4917,#4918,#4919,#4920
      ,#4921,#4922,#4923,#4924,#4925)
    ,(#4926,#4927,#4928,#4929,#4930,#4931,#4932,#4933,#4934,#4935,#4936
      ,#4937,#4938,#4939,#4940,#4941,#4942,#4943,#4944,#4945,#4946,#4947
      ,#4948,#4949,#4950,#4951,#4952,#4953,#4954,#4955,#4956,#4957,#4958
      ,#4959,#4960,#4961,#4962,#4963,#4964,#4965,#4966,#4967,#4968,#4969
      ,#4970,#4971,#4972,#4973,#4974,#4975,#4976,#4977,#4978,#4979,#4980
      ,#4981,#4982,#4983,#4984,#4985,#4986,#4987,#4988,#4989,#4990,#4991
      ,#4992,#4993,#4994,#4995,#4996,#4997,#4998,#4999,#5000,#5001,#5002
      ,#5003,#5004,#5005,#5006,#5007
)),.UNSPECIFIED.,.T.,.F.,.F.) B_SPLINE_SURFACE_WITH_KNOTS((1,6,6,1),(12,
    10,10,10,10,10,10,10,12),(-6.28318530718,0.,6.28318530718,
    12.566370614359),(0.,9.891175407885,19.78235081577,29.673526223655,
    39.56470163154,49.455877039424,59.347052447309,69.238227855194,
79.129403263079),.UNSPECIFIED.) GEOMETRIC_REPRESENTATION_ITEM() 
RATIONAL_B_SPLINE_SURFACE((
    (1.669078461068,1.669078461068,1.669078461068,1.669078461068
      ,1.669078461068,1.669078461068,1.669078461068,1.669078461068
      ,1.669078461068,1.669078461068,1.669078461068,1.669078461068
      ,1.669078461068,1.669078461069,1.669078461068,1.669078461069
      ,1.669078461068,1.669078461068,1.669078461068,1.669078461068
      ,1.669078461068,1.669078461068,1.669078461068,1.669078461068
      ,1.669078461068,1.669078461069,1.669078461068,1.669078461069
      ,1.669078461068,1.669078461068,1.669078461068,1.669078461068
      ,1.669078461069,1.669078461067,1.66907846107,1.669078461066
      ,1.66907846107,1.669078461067,1.669078461069,1.669078461068
      ,1.669078461068,1.669078461068,1.669078461068,1.669078461068
      ,1.669078461068,1.669078461068,1.669078461068,1.669078461068
      ,1.669078461068,1.669078461068,1.669078461068,1.669078461068
      ,1.669078461069,1.669078461068,1.669078461069,1.669078461067
      ,1.66907846107,1.669078461067,1.669078461069,1.669078461068
      ,1.669078461068,1.669078461068,1.669078461068,1.669078461069
      ,1.669078461068,1.669078461069,1.669078461067,1.669078461069
      ,1.669078461068,1.669078461068,1.669078461068,1.669078461068
      ,1.669078461069,1.669078461067,1.66907846107,1.669078461066
      ,1.66907846107,1.669078461067,1.669078461069,1.669078461068
      ,1.669078461068,1.669078461068)
    ,(1.03672962321,1.03672962321,1.03672962321,1.03672962321
      ,1.03672962321,1.03672962321,1.03672962321,1.03672962321
      ,1.03672962321,1.03672962321,1.03672962321,1.03672962321
      ,1.03672962321,1.03672962321,1.036729623209,1.03672962321
      ,1.036729623209,1.03672962321,1.03672962321,1.03672962321
      ,1.03672962321,1.03672962321,1.03672962321,1.03672962321
      ,1.03672962321,1.03672962321,1.03672962321,1.03672962321
      ,1.03672962321,1.03672962321,1.03672962321,1.03672962321
      ,1.03672962321,1.036729623209,1.036729623211,1.036729623208
      ,1.036729623211,1.036729623208,1.03672962321,1.036729623209
      ,1.03672962321,1.03672962321,1.03672962321,1.03672962321
      ,1.036729623209,1.03672962321,1.036729623209,1.03672962321
      ,1.036729623209,1.03672962321,1.03672962321,1.03672962321
      ,1.03672962321,1.036729623209,1.036729623211,1.036729623208
      ,1.036729623211,1.036729623209,1.03672962321,1.036729623209
      ,1.03672962321,1.03672962321,1.036729623209,1.03672962321
      ,1.036729623209,1.03672962321,1.036729623209,1.03672962321
      ,1.036729623209,1.03672962321,1.03672962321,1.03672962321
      ,1.03672962321,1.036729623209,1.036729623211,1.036729623208
      ,1.036729623211,1.036729623209,1.03672962321,1.036729623209
      ,1.03672962321,1.03672962321)
    ,(1.038346699848,1.038346699847,1.038346699848,1.038346699847
      ,1.038346699848,1.038346699847,1.038346699848,1.038346699847
      ,1.038346699848,1.038346699847,1.038346699848,1.038346699848
      ,1.038346699847,1.038346699848,1.038346699847,1.038346699848
      ,1.038346699848,1.038346699847,1.038346699848,1.038346699847
      ,1.038346699848,1.038346699848,1.038346699848,1.038346699848
      ,1.038346699847,1.038346699848,1.038346699847,1.038346699848
      ,1.038346699847,1.038346699848,1.038346699848,1.038346699847
      ,1.038346699848,1.038346699847,1.038346699848,1.038346699846
      ,1.038346699848,1.038346699847,1.038346699848,1.038346699847
      ,1.038346699848,1.038346699848,1.038346699847,1.038346699848
      ,1.038346699847,1.038346699848,1.038346699847,1.038346699848
      ,1.038346699847,1.038346699848,1.038346699848,1.038346699847
      ,1.038346699848,1.038346699847,1.038346699848,1.038346699847
      ,1.038346699848,1.038346699847,1.038346699848,1.038346699847
      ,1.038346699848,1.038346699848,1.038346699847,1.038346699848
      ,1.038346699847,1.038346699849,1.038346699846,1.038346699848
      ,1.038346699847,1.038346699848,1.038346699847,1.038346699847
      ,1.038346699848,1.038346699847,1.038346699849,1.038346699846
      ,1.038346699849,1.038346699846,1.038346699848,1.038346699847
      ,1.038346699848,1.038346699848)
    ,(0.853534330196,0.853534330196,0.853534330196,0.853534330196
      ,0.853534330196,0.853534330196,0.853534330196,0.853534330196
      ,0.853534330196,0.853534330196,0.853534330196,0.853534330196
      ,0.853534330196,0.853534330197,0.853534330196,0.853534330197
      ,0.853534330196,0.853534330197,0.853534330196,0.853534330196
      ,0.853534330196,0.853534330196,0.853534330196,0.853534330196
      ,0.853534330196,0.853534330196,0.853534330196,0.853534330196
      ,0.853534330196,0.853534330196,0.853534330196,0.853534330196
      ,0.853534330196,0.853534330196,0.853534330197,0.853534330195
      ,0.853534330197,0.853534330195,0.853534330197,0.853534330196
      ,0.853534330196,0.853534330196,0.853534330196,0.853534330196
      ,0.853534330196,0.853534330196,0.853534330196,0.853534330196
      ,0.853534330196,0.853534330196,0.853534330196,0.853534330196
      ,0.853534330196,0.853534330196,0.853534330197,0.853534330195
      ,0.853534330197,0.853534330195,0.853534330197,0.853534330196
      ,0.853534330196,0.853534330196,0.853534330196,0.853534330196
      ,0.853534330196,0.853534330196,0.853534330196,0.853534330196
      ,0.853534330196,0.853534330196,0.853534330196,0.853534330196
      ,0.853534330196,0.853534330195,0.853534330198,0.853534330194
      ,0.853534330198,0.853534330195,0.853534330197,0.853534330196
      ,0.853534330196,0.853534330196)
    ,(1.038346699848,1.038346699848,1.038346699848,1.038346699847
      ,1.038346699848,1.038346699848,1.038346699848,1.038346699847
      ,1.038346699848,1.038346699848,1.038346699848,1.038346699848
      ,1.038346699847,1.038346699848,1.038346699847,1.038346699848
      ,1.038346699847,1.038346699848,1.038346699847,1.038346699848
      ,1.038346699848,1.038346699848,1.038346699848,1.038346699847
      ,1.038346699848,1.038346699848,1.038346699847,1.038346699848
      ,1.038346699847,1.038346699848,1.038346699848,1.038346699847
      ,1.038346699848,1.038346699847,1.038346699848,1.038346699846
      ,1.038346699849,1.038346699847,1.038346699848,1.038346699847
      ,1.038346699848,1.038346699848,1.038346699847,1.038346699848
      ,1.038346699847,1.038346699848,1.038346699847,1.038346699848
      ,1.038346699847,1.038346699848,1.038346699848,1.038346699847
      ,1.038346699848,1.038346699847,1.038346699849,1.038346699846
      ,1.038346699849,1.038346699847,1.038346699848,1.038346699847
      ,1.038346699848,1.038346699848,1.038346699847,1.038346699848
      ,1.038346699847,1.038346699849,1.038346699846,1.038346699848
      ,1.038346699847,1.038346699848,1.038346699847,1.038346699847
      ,1.038346699848,1.038346699847,1.038346699849,1.038346699846
      ,1.038346699849,1.038346699846,1.038346699848,1.038346699847
      ,1.038346699848,1.038346699848)
    ,(1.03672962321,1.03672962321,1.03672962321,1.036729623209
      ,1.03672962321,1.036729623209,1.03672962321,1.036729623209
      ,1.03672962321,1.03672962321,1.03672962321,1.03672962321
      ,1.03672962321,1.03672962321,1.036729623209,1.03672962321
      ,1.03672962321,1.03672962321,1.03672962321,1.03672962321
      ,1.03672962321,1.03672962321,1.03672962321,1.036729623209
      ,1.03672962321,1.036729623209,1.03672962321,1.03672962321
      ,1.03672962321,1.03672962321,1.03672962321,1.03672962321
      ,1.03672962321,1.036729623209,1.036729623211,1.036729623208
      ,1.036729623211,1.036729623209,1.03672962321,1.036729623209
      ,1.03672962321,1.03672962321,1.03672962321,1.03672962321
      ,1.036729623209,1.03672962321,1.036729623209,1.03672962321
      ,1.03672962321,1.03672962321,1.03672962321,1.03672962321
      ,1.03672962321,1.036729623209,1.036729623211,1.036729623208
      ,1.036729623211,1.036729623209,1.03672962321,1.036729623209
      ,1.03672962321,1.03672962321,1.036729623209,1.03672962321
      ,1.036729623209,1.036729623211,1.036729623209,1.03672962321
      ,1.036729623209,1.03672962321,1.03672962321,1.03672962321
      ,1.03672962321,1.036729623209,1.036729623211,1.036729623208
      ,1.036729623211,1.036729623208,1.03672962321,1.036729623209
      ,1.03672962321,1.03672962321)
    ,(1.669078461068,1.669078461068,1.669078461068,1.669078461068
      ,1.669078461068,1.669078461068,1.669078461068,1.669078461068
      ,1.669078461068,1.669078461068,1.669078461068,1.669078461068
      ,1.669078461068,1.669078461069,1.669078461068,1.669078461069
      ,1.669078461068,1.669078461068,1.669078461068,1.669078461068
      ,1.669078461068,1.669078461068,1.669078461068,1.669078461068
      ,1.669078461068,1.669078461069,1.669078461068,1.669078461069
      ,1.669078461068,1.669078461068,1.669078461068,1.669078461068
      ,1.669078461069,1.669078461067,1.66907846107,1.669078461066
      ,1.66907846107,1.669078461067,1.669078461069,1.669078461068
      ,1.669078461068,1.669078461068,1.669078461068,1.669078461068
      ,1.669078461068,1.669078461068,1.669078461068,1.669078461068
      ,1.669078461068,1.669078461068,1.669078461068,1.669078461068
      ,1.669078461069,1.669078461068,1.669078461069,1.669078461067
      ,1.66907846107,1.669078461067,1.669078461069,1.669078461068
      ,1.669078461068,1.669078461068,1.669078461068,1.669078461069
      ,1.669078461068,1.669078461069,1.669078461067,1.669078461069
      ,1.669078461068,1.669078461068,1.669078461068,1.669078461068
      ,1.669078461069,1.669078461067,1.66907846107,1.669078461066
      ,1.66907846107,1.669078461067,1.669078461069,1.669078461068
,1.669078461068,1.669078461068))) REPRESENTATION_ITEM('') SURFACE() );
#4434 = CARTESIAN_POINT('',(18.,-0.334814662642,3.985962762204));
#4435 = CARTESIAN_POINT('',(18.166081788748,8.59392235305,4.735962762222
    ));
#4436 = CARTESIAN_POINT('',(13.460471587994,17.613132313235,
    5.48596276213));
#4437 = CARTESIAN_POINT('',(3.826042101069,23.770604343866,
    6.235962762365));
#4438 = CARTESIAN_POINT('',(-8.767303184827,24.067541686151,
    6.985962762002));
#4439 = CARTESIAN_POINT('',(-20.34743048706,17.071837560287,
    7.735962762339));
#4440 = CARTESIAN_POINT('',(-26.19615166951,4.384886009938,
    8.485962762208));
#4441 = CARTESIAN_POINT('',(-23.99495856918,-8.964046032227,
    9.235962762104));
#4442 = CARTESIAN_POINT('',(-15.590388755,-18.34720708365,9.985962762301
    ));
#4443 = CARTESIAN_POINT('',(-4.651129615787,-21.67426400077,
    10.735962762162));
#4444 = CARTESIAN_POINT('',(5.263167687863,-19.3948728896,
    11.485962762208));
#4445 = CARTESIAN_POINT('',(18.626306585302,-7.544715497037,
    12.985962762212));
#4446 = CARTESIAN_POINT('',(22.074931937196,2.025859137523,
    13.73596276214));
#4447 = CARTESIAN_POINT('',(20.079909793868,13.284481612276,
    14.485962762361));
#4448 = CARTESIAN_POINT('',(11.769133009664,22.75081704229,
    15.235962761998));
#4449 = CARTESIAN_POINT('',(-1.220780606201,26.532532105626,
    15.985962762342));
#4450 = CARTESIAN_POINT('',(-14.51610529066,22.242937636253,
    16.735962762215));
#4451 = CARTESIAN_POINT('',(-22.84640625281,11.582481572778,
    17.485962762092));
#4452 = CARTESIAN_POINT('',(-24.05756194385,-0.956003466483,
    18.235962762309));
#4453 = CARTESIAN_POINT('',(-19.09639864763,-11.25763231568,
    18.98596276216));
#4454 = CARTESIAN_POINT('',(-10.70462524597,-17.00802830604,
    19.735962762207));
#4455 = CARTESIAN_POINT('',(7.064426607267,-18.81371589175,
    21.235962762215));
#4456 = CARTESIAN_POINT('',(16.441417603212,-14.86897819112,
    21.985962762116));
#4457 = CARTESIAN_POINT('',(23.373463625837,-5.77593517777,
    22.735962762432));
#4458 = CARTESIAN_POINT('',(24.709336988093,6.749876564202,
    23.485962761868));
#4459 = CARTESIAN_POINT('',(18.693806071036,18.86815251892,
    24.235962762505));
#4460 = CARTESIAN_POINT('',(6.533170460141,25.744577517924,
    24.98596276207));
#4461 = CARTESIAN_POINT('',(-6.951941297198,24.65324867224,
    25.735962762183));
#4462 = CARTESIAN_POINT('',(-16.99709797041,17.05224002609,
    26.48596276227));
#4463 = CARTESIAN_POINT('',(-21.2161481612,6.42509018474,27.235962762171
    ));
#4464 = CARTESIAN_POINT('',(-19.76325850832,-3.643575393044,
    27.985962762205));
#4465 = CARTESIAN_POINT('',(-9.057094675024,-17.93965063749,
    29.485962762217));
#4466 = CARTESIAN_POINT('',(0.196006371744,-22.16682897368,
    30.235962762108));
#4467 = CARTESIAN_POINT('',(11.580922561583,-21.10835051976,
    30.985962762447));
#4468 = CARTESIAN_POINT('',(21.701224172464,-13.6076830312,
    31.735962761852));
#4469 = CARTESIAN_POINT('',(26.542721312488,-0.974428116185,
    32.485962762509));
#4470 = CARTESIAN_POINT('',(23.365697208397,12.629718201867,
    33.235962762086));
#4471 = CARTESIAN_POINT('',(13.429562795464,21.811900444671,
    33.985962762153));
#4472 = CARTESIAN_POINT('',(1.03391949148,24.054339313327,34.7359627623)
  );
#4473 = CARTESIAN_POINT('',(-9.642213693135,19.960822672766,
    35.485962762152));
#4474 = CARTESIAN_POINT('',(-16.06595632024,12.072575368889,
    36.235962762214));
#4475 = CARTESIAN_POINT('',(-19.33283323836,-5.486673664633,
    37.735962762203));
#4476 = CARTESIAN_POINT('',(-16.17591459982,-15.15739133909,
    38.485962762193));
#4477 = CARTESIAN_POINT('',(-7.686372749982,-22.81665845153,
    39.235962762225));
#4478 = CARTESIAN_POINT('',(4.686341424973,-25.1823424636,
    39.985962762202));
#4479 = CARTESIAN_POINT('',(17.259985955946,-20.18807692905,
    40.735962762158));
#4480 = CARTESIAN_POINT('',(25.117141783484,-8.63682673522,
    41.485962762294));
#4481 = CARTESIAN_POINT('',(25.143132094768,4.892347757892,
    42.235962762107));
#4482 = CARTESIAN_POINT('',(18.397607206175,15.530881440434,
    42.985962762269));
#4483 = CARTESIAN_POINT('',(8.155160872329,20.61310451799,
    43.735962762184));
#4484 = CARTESIAN_POINT('',(-1.99909378359,19.996641031541,44.4859627622
    ));
#4485 = CARTESIAN_POINT('',(-17.13044868528,10.507604712689,
    45.985962762223));
#4486 = CARTESIAN_POINT('',(-22.10730409172,1.635185316389,
    46.735962762082));
#4487 = CARTESIAN_POINT('',(-21.99259980701,-9.798254067561,
    47.485962762516));
#4488 = CARTESIAN_POINT('',(-15.3532787814,-20.50338993507,
    48.235962761732));
#4489 = CARTESIAN_POINT('',(-3.162980504481,-26.37159682159,
    48.985962762657));
#4490 = CARTESIAN_POINT('',(10.657057329857,-24.32884537299,
    49.735962761955));
#4491 = CARTESIAN_POINT('',(20.628397240274,-15.18490648918,
    50.485962762235));
#4492 = CARTESIAN_POINT('',(23.886801154279,-3.016779729924,
    51.235962762266));
#4493 = CARTESIAN_POINT('',(20.688894039088,7.960928973941,
    51.985962762161));
#4494 = CARTESIAN_POINT('',(13.358057560569,15.014137561824,
    52.735962762212));
#4495 = CARTESIAN_POINT('',(-3.871441177363,19.719887731444,
    54.235962762206));
#4496 = CARTESIAN_POINT('',(-13.76982472272,17.372353105695,
    54.985962762185));
#4497 = CARTESIAN_POINT('',(-22.10399236621,9.544304611361,
    55.735962762222));
#4498 = CARTESIAN_POINT('',(-25.48332699792,-2.590793833784,
    56.485962762269));
#4499 = CARTESIAN_POINT('',(-21.54444276673,-15.5339161784,
    57.235962761974));
#4500 = CARTESIAN_POINT('',(-10.68148470544,-24.31813050426,
    57.985962762575));
#4501 = CARTESIAN_POINT('',(2.799334503541,-25.46126243424,
    58.735962761836));
#4502 = CARTESIAN_POINT('',(13.958573254398,-19.617300069,
    59.485962762441));
#4503 = CARTESIAN_POINT('',(19.869252464283,-9.829523544836,
    60.235962762112));
#4504 = CARTESIAN_POINT('',(20.093426221383,0.340956337298,
    60.985962762219));
#4505 = CARTESIAN_POINT('',(11.886337154448,16.204228397819,
    62.485962762199));
#4506 = CARTESIAN_POINT('',(3.455207035704,21.89676390904,
    63.235962762211));
#4507 = CARTESIAN_POINT('',(-7.948653575126,22.726617331125,
    63.985962762179));
#4508 = CARTESIAN_POINT('',(-19.16549673423,16.993996079054,
    64.735962762297));
#4509 = CARTESIAN_POINT('',(-26.02032760715,5.329926518567,
    65.485962762005));
#4510 = CARTESIAN_POINT('',(-25.12580283565,-8.611597942645,
    66.235962762481));
#4511 = CARTESIAN_POINT('',(-16.83652188473,-19.30398116966,
    66.985962761945));
#4512 = CARTESIAN_POINT('',(-4.979032300574,-23.55609192106,
    67.73596276237));
#4513 = CARTESIAN_POINT('',(6.225263037707,-21.27563928134,
    68.485962762136));
#4514 = CARTESIAN_POINT('',(13.859757018958,-14.55229067393,
    69.235962762219));
#4515 = CARTESIAN_POINT('',(16.915996208148,-6.161263926654,
    69.985962762204));
#4516 = CARTESIAN_POINT('',(24.646172302284,-0.334814662642,
    3.985962762204));
#4517 = CARTESIAN_POINT('',(24.812254091029,11.890695959455,
    4.735962751849));
#4518 = CARTESIAN_POINT('',(18.307861316154,24.206626084389,
    5.485962807051));
#4519 = CARTESIAN_POINT('',(5.075049555711,32.570700024471,
    6.235962634917));
#4520 = CARTESIAN_POINT('',(-12.16858968526,32.890776167446,
    6.985963001281));
#4521 = CARTESIAN_POINT('',(-27.97495916588,23.233425104628,
    7.735962435257));
#4522 = CARTESIAN_POINT('',(-35.89536356486,5.823511542431,8.48596308811
    ));
#4523 = CARTESIAN_POINT('',(-32.79005181307,-12.43745234335,
    9.235962521521));
#4524 = CARTESIAN_POINT('',(-21.21889983139,-25.22627436566,
    9.985962887777));
#4525 = CARTESIAN_POINT('',(-6.219072904674,-29.7062563521,
    10.735962717094));
#4526 = CARTESIAN_POINT('',(7.338982539931,-26.51746477617,
    11.485962770181));
#4527 = CARTESIAN_POINT('',(25.553151777698,-10.2016193649,
    12.985962752937));
#4528 = CARTESIAN_POINT('',(30.208970693073,2.925170434119,
    13.735962805744));
#4529 = CARTESIAN_POINT('',(27.400280333771,18.32569959611,
    14.485962636258));
#4530 = CARTESIAN_POINT('',(15.956968921123,31.229038964269,
    15.235962999422));
#4531 = CARTESIAN_POINT('',(-1.853537934264,36.317417029496,
    15.985962438571));
#4532 = CARTESIAN_POINT('',(-20.02677156292,30.353234304131,
    16.735963083338));
#4533 = CARTESIAN_POINT('',(-31.358628903,15.700767883537,17.4859625262)
  );
#4534 = CARTESIAN_POINT('',(-32.93074305364,-1.474038786137,
    18.235962884783));
#4535 = CARTESIAN_POINT('',(-26.06766656591,-15.54397935047,
    18.985962718211));
#4536 = CARTESIAN_POINT('',(-14.53897525746,-23.35925515382,
    19.735962770084));
#4537 = CARTESIAN_POINT('',(9.801103501652,-25.70943355262,
    21.235962752764));
#4538 = CARTESIAN_POINT('',(22.612096979322,-20.24429802579,
    21.985962807393));
#4539 = CARTESIAN_POINT('',(32.040360300094,-7.747382780029,
    22.73596263133));
#4540 = CARTESIAN_POINT('',(33.783311663114,9.410929018148,
    23.485963008578));
#4541 = CARTESIAN_POINT('',(25.46422499598,25.960809454214,
    24.235962426737));
#4542 = CARTESIAN_POINT('',(8.76783692711,35.291860931709,
    24.985963094373));
#4543 = CARTESIAN_POINT('',(-9.687191121601,33.705133833972,
    25.735962518688));
#4544 = CARTESIAN_POINT('',(-23.38787098909,23.229595756793,
    26.485962888443));
#4545 = CARTESIAN_POINT('',(-29.09122745605,8.650954823693,
    27.235962717031));
#4546 = CARTESIAN_POINT('',(-27.03294256428,-5.124121308913,
    27.985962770262));
#4547 = CARTESIAN_POINT('',(-12.2769382113,-24.62343175933,
    29.485962752663));
#4548 = CARTESIAN_POINT('',(0.420542467641,-30.34735040127,
    30.235962807651));
#4549 = CARTESIAN_POINT('',(16.000410822802,-28.82001876515,
    30.985962630685));
#4550 = CARTESIAN_POINT('',(29.804659918893,-18.48134137557,
    31.735963009939));
#4551 = CARTESIAN_POINT('',(36.346438580334,-1.151861369338,
    32.485962424554));
#4552 = CARTESIAN_POINT('',(31.903360314498,17.451819765879,
    33.235963096848));
#4553 = CARTESIAN_POINT('',(18.236716845839,29.954964150053,
    33.985962516895));
#4554 = CARTESIAN_POINT('',(1.250395013279,32.939993028904,
    34.735962889057));
#4555 = CARTESIAN_POINT('',(-13.33823793782,27.262243909287,
    35.485962717257));
#4556 = CARTESIAN_POINT('',(-22.07885239404,16.418309287096,
    36.235962769827));
#4557 = CARTESIAN_POINT('',(-26.43099151402,-7.644559568864,
    37.735962753683));
#4558 = CARTESIAN_POINT('',(-22.04244565611,-20.86310432348,
    38.485962801744));
#4559 = CARTESIAN_POINT('',(-10.36679351362,-31.29115242576,
    39.235962645312));
#4560 = CARTESIAN_POINT('',(6.588982146075,-34.44507288637,
    39.985962987775));
#4561 = CARTESIAN_POINT('',(23.769321108222,-27.52107840642,
    40.735962445972));
#4562 = CARTESIAN_POINT('',(34.447279090436,-11.65226909967,
    41.48596308483));
#4563 = CARTESIAN_POINT('',(34.389975618895,6.870756565709,
    42.235962518773));
#4564 = CARTESIAN_POINT('',(25.081609988657,21.389704736329,
    42.985962891778));
#4565 = CARTESIAN_POINT('',(11.023741948518,28.277475979296,
    43.735962714788));
#4566 = CARTESIAN_POINT('',(-2.874257133351,27.363757943479,
    44.485962770838));
#4567 = CARTESIAN_POINT('',(-23.52550873424,14.268393121157,
    45.985962752221));
#4568 = CARTESIAN_POINT('',(-30.27842693493,2.086958230243,
    46.73596280924));
#4569 = CARTESIAN_POINT('',(-30.04288724371,-13.56582301954,
    47.485962626905));
#4570 = CARTESIAN_POINT('',(-20.87946753121,-28.17668482391,
    48.235963016357));
#4571 = CARTESIAN_POINT('',(-4.149392288924,-36.12717710258,
    48.985962416493));
#4572 = CARTESIAN_POINT('',(14.757654341796,-33.2355540221,
    49.735963104421));
#4573 = CARTESIAN_POINT('',(28.346676618976,-20.64809054211,
    50.485962511648));
#4574 = CARTESIAN_POINT('',(32.724229450893,-3.966287346054,
    51.235962891682));
#4575 = CARTESIAN_POINT('',(28.270592483157,11.041382835268,
    51.985962716337));
#4576 = CARTESIAN_POINT('',(18.185489616382,20.647628684472,
    52.735962770043));
#4577 = CARTESIAN_POINT('',(-5.435795542756,26.971999003456,
    54.235962753398));
#4578 = CARTESIAN_POINT('',(-18.97159550965,23.690021027863,
    54.985962802501));
#4579 = CARTESIAN_POINT('',(-30.32819425469,12.915388544506,
    55.735962645903));
#4580 = CARTESIAN_POINT('',(-34.87153932596,-3.722025855829,
    56.485962980754));
#4581 = CARTESIAN_POINT('',(-29.38993496172,-21.4154641901,
    57.235962464338));
#4582 = CARTESIAN_POINT('',(-14.45710443861,-33.36738740325,
    57.985963057181));
#4583 = CARTESIAN_POINT('',(4.007387757516,-34.83989900589,
    58.735962545852));
#4584 = CARTESIAN_POINT('',(19.245425122659,-26.76229138507,
    59.485962874005));
#4585 = CARTESIAN_POINT('',(27.270560663893,-13.32122574154,
    60.235962722352));
#4586 = CARTESIAN_POINT('',(27.507651110514,0.604758868044,
    60.985962769083));
#4587 = CARTESIAN_POINT('',(16.162380436981,22.266882629076,
    62.485962753952));
#4588 = CARTESIAN_POINT('',(4.580202891866,30.002671114223,
    63.235962801717));
#4589 = CARTESIAN_POINT('',(-11.0385669009,31.060532331047,
    63.985962645212));
#4590 = CARTESIAN_POINT('',(-26.35623438188,23.134965765107,
    64.735962986728));
#4591 = CARTESIAN_POINT('',(-35.66113039481,7.118578637449,
    65.485962449907));
#4592 = CARTESIAN_POINT('',(-34.34071517718,-11.96267916337,
    66.23596307822));
#4593 = CARTESIAN_POINT('',(-22.91841685322,-26.54475254948,
    66.985962525062));
#4594 = CARTESIAN_POINT('',(-6.655085911299,-32.28492620155,
    67.735962888456));
#4595 = CARTESIAN_POINT('',(8.669103892276,-29.08582424496,
    68.485962715215));
#4596 = CARTESIAN_POINT('',(19.075360733776,-19.82844461155,
    69.235962771608));
#4597 = CARTESIAN_POINT('',(23.202060563,-8.319272545339,69.98596276084)
  );
#4598 = CARTESIAN_POINT('',(25.600449532982,0.353078196658,
    -4.203389818475));
#4599 = CARTESIAN_POINT('',(25.425308283179,13.051949400037,
    -3.453389830354));
#4600 = CARTESIAN_POINT('',(18.321423517534,25.655054636163,
    -2.703389767036));
#4601 = CARTESIAN_POINT('',(4.34355714304,33.963518927154,
    -1.953389964359));
#4602 = CARTESIAN_POINT('',(-13.57017964811,33.805602066127,
    -1.203389544696));
#4603 = CARTESIAN_POINT('',(-29.70788015454,23.328659037189,
    -0.453390192552));
#4604 = CARTESIAN_POINT('',(-37.43690574301,5.026184607583,
    0.296610554091));
#4605 = CARTESIAN_POINT('',(-33.69337288068,-13.84648493309,
    1.046609906606));
#4606 = CARTESIAN_POINT('',(-21.31506012638,-26.79655421826,
    1.796610324857));
#4607 = CARTESIAN_POINT('',(-5.61287475662,-31.02179915828,
    2.546610130052));
#4608 = CARTESIAN_POINT('',(8.374237522846,-27.32529653992,
    3.296610190635));
#4609 = CARTESIAN_POINT('',(26.822724007976,-9.866162438316,
    4.796610170913));
#4610 = CARTESIAN_POINT('',(31.283799639506,3.896186365479,
    5.546610231443));
#4611 = CARTESIAN_POINT('',(27.929584173462,19.807206628402,
    6.296610037191));
#4612 = CARTESIAN_POINT('',(15.680757156328,32.879816937976,
    7.04661045319));
#4613 = CARTESIAN_POINT('',(-2.957147504679,37.656868619141,
    7.796609811197));
#4614 = CARTESIAN_POINT('',(-21.65744216155,30.947368910325,
    8.546610548687));
#4615 = CARTESIAN_POINT('',(-33.00709058321,15.411050979581,
    9.296609911913));
#4616 = CARTESIAN_POINT('',(-34.15116308317,-2.466812960822,
    10.046610321459));
#4617 = CARTESIAN_POINT('',(-26.62497602949,-16.88096672321,
    10.79661013132));
#4618 = CARTESIAN_POINT('',(-14.43215728001,-24.66804656485,
    11.546610190527));
#4619 = CARTESIAN_POINT('',(10.907765058997,-26.41628940408,
    13.046610170712));
#4620 = CARTESIAN_POINT('',(24.054458455416,-20.37742418752,
    13.796610233343));
#4621 = CARTESIAN_POINT('',(33.488828185187,-7.133406853909,
    14.546610031522));
#4622 = CARTESIAN_POINT('',(34.810755348592,10.732186107961,
    15.296610463706));
#4623 = CARTESIAN_POINT('',(25.702237138045,27.679947294035,
    16.046609797627));
#4624 = CARTESIAN_POINT('',(8.100532811635,36.893980689509,
    16.796610561317));
#4625 = CARTESIAN_POINT('',(-11.01681548799,34.721726595664,
    17.546609903333));
#4626 = CARTESIAN_POINT('',(-24.94484668573,23.455100296741,
    18.296610325629));
#4627 = CARTESIAN_POINT('',(-30.45233646277,8.155463813681,
    19.046610129978));
#4628 = CARTESIAN_POINT('',(-27.923505852,-6.089130152943,
    19.796610190729));
#4629 = CARTESIAN_POINT('',(-12.0474674837,-25.91636957,21.296610170597)
  );
#4630 = CARTESIAN_POINT('',(1.299483214377,-31.4986941233,
    22.046610233639));
#4631 = CARTESIAN_POINT('',(17.433148198822,-29.46985664164,
    22.796610030782));
#4632 = CARTESIAN_POINT('',(31.472609024127,-18.34239318359,
    23.546610465264));
#4633 = CARTESIAN_POINT('',(37.772450635307,-0.16263221563,
    24.296609795137));
#4634 = CARTESIAN_POINT('',(32.630125345166,19.027857547486,
    25.046610564129));
#4635 = CARTESIAN_POINT('',(18.084118369335,31.621720131337,
    25.796609901307));
#4636 = CARTESIAN_POINT('',(0.361793147959,34.23822734679,
    26.546610326311));
#4637 = CARTESIAN_POINT('',(-14.62463656899,27.928057420557,
    27.296610130249));
#4638 = CARTESIAN_POINT('',(-23.3919945772,16.419935285236,
    28.046610190225));
#4639 = CARTESIAN_POINT('',(-27.22682048258,-8.68906962215,
    29.546610171774));
#4640 = CARTESIAN_POINT('',(-22.29422638422,-22.28954593364,
    30.296610226821));
#4641 = CARTESIAN_POINT('',(-9.874528173693,-32.78537478704,
    31.046610047679));
#4642 = CARTESIAN_POINT('',(7.820880872703,-35.57811587689,
    31.796610439626));
#4643 = CARTESIAN_POINT('',(25.462932306041,-27.90024289713,
    32.546609819974));
#4644 = CARTESIAN_POINT('',(36.099032353248,-11.11954616016,
    33.296610550099));
#4645 = CARTESIAN_POINT('',(35.512895703334,8.111890018033,
    34.046609903623));
#4646 = CARTESIAN_POINT('',(25.434918350552,22.922740560016,
    34.796610329358));
#4647 = CARTESIAN_POINT('',(10.642342783538,29.674853429376,
    35.546610127436));
#4648 = CARTESIAN_POINT('',(-3.762427849936,28.330969305357,
    36.296610191386));
#4649 = CARTESIAN_POINT('',(-24.83298004895,14.146476110113,
    37.79661017009));
#4650 = CARTESIAN_POINT('',(-31.49842058698,1.306096724508,
    38.54661023547));
#4651 = CARTESIAN_POINT('',(-30.80882010709,-14.94000368889,
    39.29661002642));
#4652 = CARTESIAN_POINT('',(-20.878732066,-29.85041128046,
    40.046610472669));
#4653 = CARTESIAN_POINT('',(-3.281300993757,-37.63000850898,
    40.796609785842));
#4654 = CARTESIAN_POINT('',(16.268293373205,-34.08998494139,
    41.546610572853));
#4655 = CARTESIAN_POINT('',(30.020341266287,-20.63365289076,
    42.296609895271));
#4656 = CARTESIAN_POINT('',(34.091409800953,-3.187927843853,
    43.046610329326));
#4657 = CARTESIAN_POINT('',(29.040361860515,12.268405317877,
    43.796610129195));
#4658 = CARTESIAN_POINT('',(18.295548482989,21.956151547711,
    44.546610190474));
#4659 = CARTESIAN_POINT('',(-6.411019029429,27.851364768813,
    46.046610171446));
#4660 = CARTESIAN_POINT('',(-20.37237321111,24.058736412775,
    46.796610227704));
#4661 = CARTESIAN_POINT('',(-31.85796403479,12.548196443864,
    47.546610048291));
#4662 = CARTESIAN_POINT('',(-36.10244180373,-4.856151077482,
    48.296610431747));
#4663 = CARTESIAN_POINT('',(-29.90766169219,-23.07197968284,
    49.046609840735));
#4664 = CARTESIAN_POINT('',(-14.06260175466,-35.05749101715,
    49.796610518759));
#4665 = CARTESIAN_POINT('',(5.151552134734,-36.0614757223,
    50.546609934358));
#4666 = CARTESIAN_POINT('',(20.74404885902,-27.2409901249,
    51.296610309166));
#4667 = CARTESIAN_POINT('',(28.694661063185,-13.05652375874,
    52.046610136041));
#4668 = CARTESIAN_POINT('',(28.544903509725,1.410024349059,
    52.796610189382));
#4669 = CARTESIAN_POINT('',(16.148849961674,23.579956094403,
    54.296610172079));
#4670 = CARTESIAN_POINT('',(3.902754692775,31.282980897088,
    55.046610226794));
#4671 = CARTESIAN_POINT('',(-12.34480379108,31.937328095772,
    55.796610047559));
#4672 = CARTESIAN_POINT('',(-28.02430498234,23.272448031542,
    56.54661043844));
#4673 = CARTESIAN_POINT('',(-37.23051524231,6.377555164769,
    57.296609824458));
#4674 = CARTESIAN_POINT('',(-35.31697539474,-13.39760026306,
    58.04661054255));
#4675 = CARTESIAN_POINT('',(-23.04223862907,-28.21389302871,
    58.796609910818));
#4676 = CARTESIAN_POINT('',(-5.992285763737,-33.71171335836,
    59.546610325537));
#4677 = CARTESIAN_POINT('',(9.828368418386,-29.95429118207,
    60.296610127956));
#4678 = CARTESIAN_POINT('',(20.370325740676,-20.04618453355,
    61.04661019224));
#4679 = CARTESIAN_POINT('',(24.327990865846,-7.978504928283,
    61.796610179965));
#4680 = CARTESIAN_POINT('',(18.,0.920444654471,-10.95787767608));
#4681 = CARTESIAN_POINT('',(17.543421744296,9.849181669325,
    -10.20787767613));
#4682 = CARTESIAN_POINT('',(12.215161739343,18.528656434619,
    -9.457877675897));
#4683 = CARTESIAN_POINT('',(2.163972050739,24.006503817966,
    -8.707877676473));
#4684 = CARTESIAN_POINT('',(-10.43374265974,23.425142222698,
    -7.957877675648));
#4685 = CARTESIAN_POINT('',(-21.51116719253,15.631230201255,
    -7.207877676265));
#4686 = CARTESIAN_POINT('',(-26.4678635203,2.553000273008,
    -6.457877676318));
#4687 = CARTESIAN_POINT('',(-23.33893846399,-10.62517071701,
    -5.707877675627));
#4688 = CARTESIAN_POINT('',(-14.29114245392,-19.41026138938,
    -4.957877676457));
#4689 = CARTESIAN_POINT('',(-3.134131215116,-21.97040061561,
    -4.20787767593));
#4690 = CARTESIAN_POINT('',(6.608408151914,-19.00281476489,
    -3.457877676103));
#4691 = CARTESIAN_POINT('',(19.128114706625,-6.236445613399,
    -1.9578776761));
#4692 = CARTESIAN_POINT('',(21.905079510635,3.56213098743,
    -1.207877675944));
#4693 = CARTESIAN_POINT('',(19.127777262883,14.667076653254,
    -0.457877676424));
#4694 = CARTESIAN_POINT('',(10.167855617925,23.541771096207,
    0.292122324326));
#4695 = CARTESIAN_POINT('',(-3.068847312586,26.413024201174,
    1.042122323718));
#4696 = CARTESIAN_POINT('',(-16.0478928565,21.202140101517,
    1.792122323735));
#4697 = CARTESIAN_POINT('',(-23.62422507517,9.974782748257,
    2.542122324315));
#4698 = CARTESIAN_POINT('',(-23.95972083796,-2.631877120599,
    3.29212232358));
#4699 = CARTESIAN_POINT('',(-18.28683837497,-12.57429218578,
    4.042122324056));
#4700 = CARTESIAN_POINT('',(-9.505072133593,-17.73222013799,
    4.792122323899));
#4701 = CARTESIAN_POINT('',(8.366817435399,-18.29684104186,
    6.292122323898));
#4702 = CARTESIAN_POINT('',(17.456651617544,-13.70352509035,
    7.042122324058));
#4703 = CARTESIAN_POINT('',(23.745810041319,-4.13902235574,
    7.792122323589));
#4704 = CARTESIAN_POINT('',(24.206745124383,8.463673214644,
    8.542122324274));
#4705 = CARTESIAN_POINT('',(17.354219733134,20.146878905868,
    9.292122323818));
#4706 = CARTESIAN_POINT('',(4.729979327739,26.166637244389,
    10.042122323613));
#4707 = CARTESIAN_POINT('',(-8.661566109538,24.136643805644,
    10.792122324417));
#4708 = CARTESIAN_POINT('',(-18.16381231605,15.84521763626,
    11.542122323521));
#4709 = CARTESIAN_POINT('',(-21.63654605415,4.937727870795,
    12.292122324078));
#4710 = CARTESIAN_POINT('',(-19.48362853813,-5.016597082301,
    13.042122323896));
#4711 = CARTESIAN_POINT('',(-7.794732181994,-18.54778089996,
    14.5421223239));
#4712 = CARTESIAN_POINT('',(1.741057372959,-22.12442100557,
    15.292122324052));
#4713 = CARTESIAN_POINT('',(13.037421831572,-20.27364379148,
    16.0421223236));
#4714 = CARTESIAN_POINT('',(22.621709135378,-12.07719129113,
    16.79212232426));
#4715 = CARTESIAN_POINT('',(26.576233755452,0.877195399618,
    17.542122323832));
#4716 = CARTESIAN_POINT('',(22.454948511641,14.242222309365,
    18.292122323602));
#4717 = CARTESIAN_POINT('',(11.891586866319,22.719825340435,
    19.042122324421));
#4718 = CARTESIAN_POINT('',(-0.644309868048,24.095224933665,
    19.792122323522));
#4719 = CARTESIAN_POINT('',(-11.02122945763,19.262756369015,
    20.542122324076));
#4720 = CARTESIAN_POINT('',(-16.88673298021,10.936922625951,
    21.292122323896));
#4721 = CARTESIAN_POINT('',(-18.92527436234,-6.827299354213,
    22.792122323901));
#4722 = CARTESIAN_POINT('',(-15.09827946003,-16.26540017061,
    23.542122324046));
#4723 = CARTESIAN_POINT('',(-6.085798969924,-23.32290830183,
    24.292122323625));
#4724 = CARTESIAN_POINT('',(6.435788346876,-24.8229914119,
    25.042122324183));
#4725 = CARTESIAN_POINT('',(18.644966956309,-18.95866235208,
    25.792122323998));
#4726 = CARTESIAN_POINT('',(25.68666634031,-6.87464781783,
    26.542122323359));
#4727 = CARTESIAN_POINT('',(24.769471380262,6.638794211998,
    27.292122324657));
#4728 = CARTESIAN_POINT('',(17.291053917252,16.793285994452,
    28.042122323373));
#4729 = CARTESIAN_POINT('',(6.70759483973,21.154891940646,
    28.792122324134));
#4730 = CARTESIAN_POINT('',(-3.390517568342,19.831349372933,
    29.542122323887));
#4731 = CARTESIAN_POINT('',(-17.84074694244,9.299772825788,
    31.042122323905));
#4732 = CARTESIAN_POINT('',(-22.19263027053,9.190942861948E-02,
    31.792122324041));
#4733 = CARTESIAN_POINT('',(-21.28102077803,-11.31870819735,
    32.542122323626));
#4734 = CARTESIAN_POINT('',(-13.90402749762,-21.54711796743,
    33.29212232421));
#4735 = CARTESIAN_POINT('',(-1.320448652296,-26.557900678,
    34.042122323902));
#4736 = CARTESIAN_POINT('',(12.339262946493,-23.55436686249,
    34.792122323529));
#4737 = CARTESIAN_POINT('',(21.660226158712,-13.72715938217,
    35.542122324477));
#4738 = CARTESIAN_POINT('',(24.06613421173,-1.347658676774,
    36.292122323491));
#4739 = CARTESIAN_POINT('',(20.107090204601,9.392880556949,
    37.042122324087));
#4740 = CARTESIAN_POINT('',(12.294062847012,15.925892314035,
    37.792122323894));
#4741 = CARTESIAN_POINT('',(-5.241143895945,19.424428866982,
    39.292122323902));
#4742 = CARTESIAN_POINT('',(-14.96303954743,16.389897282378,
    40.042122324062));
#4743 = CARTESIAN_POINT('',(-22.74068744478,7.991003381759,
    40.792122323516));
#4744 = CARTESIAN_POINT('',(-25.26967151757,-4.363940486531,
    41.542122324514));
#4745 = CARTESIAN_POINT('',(-20.43359804209,-17.01569100125,
    42.292122323367));
#4746 = CARTESIAN_POINT('',(-8.972355548044,-25.03122945407,
    43.042122324173));
#4747 = CARTESIAN_POINT('',(4.570672670112,-25.23309833819,
    43.792122323935));
#4748 = CARTESIAN_POINT('',(15.308044467816,-18.61877478132,
    44.542122323806));
#4749 = CARTESIAN_POINT('',(20.528728478692,-8.431642126473,
    45.292122323972));
#4750 = CARTESIAN_POINT('',(20.043601979489,1.741277379359,
    46.042122323913));
#4751 = CARTESIAN_POINT('',(10.74128659449,17.011842594946,
    47.542122323892));
#4752 = CARTESIAN_POINT('',(1.924248381991,22.109241360221,
    48.292122324067));
#4753 = CARTESIAN_POINT('',(-9.522676275619,22.143026831132,
    49.042122323573));
#4754 = CARTESIAN_POINT('',(-20.32533819056,15.63588507169,
    49.792122324295));
#4755 = CARTESIAN_POINT('',(-26.35815014548,3.509072728684,
    50.542122323813));
#4756 = CARTESIAN_POINT('',(-24.49288505634,-10.35201392629,
    51.292122323576));
#4757 = CARTESIAN_POINT('',(-15.46896145112,-20.45266565875,
    52.042122324489));
#4758 = CARTESIAN_POINT('',(-3.330421355584,-23.87264739409,
    52.792122323445));
#4759 = CARTESIAN_POINT('',(7.700368757567,-20.81407222448,
    53.542122324136));
#4760 = CARTESIAN_POINT('',(14.856261656793,-13.56722215357,
    54.292122323861));
#4761 = CARTESIAN_POINT('',(17.323578239209,-4.974018020715,
    55.042122323915));
#4762 = CARTESIAN_POINT('',(10.399550467018,0.353078196658,
    -4.203389818475));
#4763 = CARTESIAN_POINT('',(10.224409217222,5.511681023744,
    -3.453389806629));
#4764 = CARTESIAN_POINT('',(7.234638727761,10.574640113521,
    -2.703389869779));
#4765 = CARTESIAN_POINT('',(1.486869806775,13.836239625983,
    -1.95338967286));
#4766 = CARTESIAN_POINT('',(-5.790872938052,13.625400487651,
    -1.203390091977));
#4767 = CARTESIAN_POINT('',(-12.26245618772,9.23608573517,
    -0.453389444444));
#4768 = CARTESIAN_POINT('',(-15.25319843985,1.735809257921,
    0.296609808678));
#4769 = CARTESIAN_POINT('',(-13.57753498246,-5.902228246846,
    1.046610456879));
#4770 = CARTESIAN_POINT('',(-8.441721176931,-11.06298568201,
    1.796610037862));
#4771 = CARTESIAN_POINT('',(-2.026728236256,-12.651299647,2.546610233135
    ));
#4772 = CARTESIAN_POINT('',(3.62650445022,-11.03474681726,3.296610172399
    ));
#4773 = CARTESIAN_POINT('',(10.979879461351,-3.789382347988,
    4.796610192129));
#4774 = CARTESIAN_POINT('',(12.679903065199,1.839312178853,
    5.546610131708));
#4775 = CARTESIAN_POINT('',(11.186681846909,8.27710444982,6.29661032562)
  );
#4776 = CARTESIAN_POINT('',(6.102481406094,13.488716341536,
    7.046609910145));
#4777 = CARTESIAN_POINT('',(-1.509926481871,15.277212881251,
    7.796610551734));
#4778 = CARTESIAN_POINT('',(-9.053633836861,12.397774431546,
    8.546609814207));
#4779 = CARTESIAN_POINT('',(-13.53822467854,5.991846708719,
    9.296610451451));
#4780 = CARTESIAN_POINT('',(-13.85672527609,-1.281980210713,
    10.046610041334));
#4781 = CARTESIAN_POINT('',(-10.68052933629,-7.077379684839,
    10.796610231841));
#4782 = CARTESIAN_POINT('',(-5.662362448165,-10.14173670302,
    11.54661017251));
#4783 = CARTESIAN_POINT('',(4.648530817746,-10.64463868804,
    13.04661019233));
#4784 = CARTESIAN_POINT('',(9.941090625273,-8.083175627936,
    13.796610129785));
#4785 = CARTESIAN_POINT('',(13.66619711748,-2.624379002569,
    14.546610331378));
#4786 = CARTESIAN_POINT('',(14.057069333768,4.645917512747,
    15.29660989943));
#4787 = CARTESIAN_POINT('',(10.217165425843,11.457863773019,
    16.046610565599));
#4788 = CARTESIAN_POINT('',(2.989479732458,15.057759037921,
    16.79660980127));
#4789 = CARTESIAN_POINT('',(-4.760845192653,14.018562963756,
    17.546610460261));
#4790 = CARTESIAN_POINT('',(-10.32808816787,9.32646253561,
    18.296610037041));
#4791 = CARTESIAN_POINT('',(-12.44072315321,3.064541975923,
    19.046610233224));
#4792 = CARTESIAN_POINT('',(-11.29653192626,-2.702875929302,
    19.796610172301));
#4793 = CARTESIAN_POINT('',(-4.683150945236,-10.62945289208,
    21.29661019245));
#4794 = CARTESIAN_POINT('',(0.785931898647,-12.78848396441,
    22.046610129475));
#4795 = CARTESIAN_POINT('',(7.325045079247,-11.8319915222,
    22.796610332143));
#4796 = CARTESIAN_POINT('',(12.938706611337,-7.195527708954,
    23.546609897848));
#4797 = CARTESIAN_POINT('',(15.349722201325,0.243187081462,
    24.296610568096));
#4798 = CARTESIAN_POINT('',(13.103072895649,7.998910985983,
    25.046609798474));
#4799 = CARTESIAN_POINT('',(7.089359252254,12.99718199973,
    25.796610462252));
#4800 = CARTESIAN_POINT('',(-0.133322297059,13.915262620274,
    26.546610036396));
#4801 = CARTESIAN_POINT('',(-6.171215722602,11.22849529571,
    27.296610232931));
#4802 = CARTESIAN_POINT('',(-9.639503345422,6.480520588522,
    28.046610172813));
#4803 = CARTESIAN_POINT('',(-10.9921544831,-3.753626432569,
    29.546610191261));
#4804 = CARTESIAN_POINT('',(-8.876496238503,-9.239633408019,
    30.296610136365));
#4805 = CARTESIAN_POINT('',(-3.74396103982,-13.4028006258,
    31.046610315069));
#4806 = CARTESIAN_POINT('',(3.469225777881,-14.3927141407,
    31.796609923722));
#4807 = CARTESIAN_POINT('',(10.57500251188,-11.12845152036,
    32.546610543119));
#4808 = CARTESIAN_POINT('',(14.759459885987,-4.222729024446,
    33.296609812431));
#4809 = CARTESIAN_POINT('',(14.363829940963,3.586940734273,
    34.046610460146));
#4810 = CARTESIAN_POINT('',(10.147494697959,9.522639341527,
    34.796610033161));
#4811 = CARTESIAN_POINT('',(4.08142178745,12.145163904572,
    35.546610235835));
#4812 = CARTESIAN_POINT('',(-1.760784025357,11.481150267858,
    36.296610171631));
#4813 = CARTESIAN_POINT('',(-10.20641638139,5.544928872777,
    37.796610192966));
#4814 = CARTESIAN_POINT('',(-12.80970655038,0.272817093482,
    38.546610127609));
#4815 = CARTESIAN_POINT('',(-12.39647669929,-6.32294822324,
    39.296610336593));
#4816 = CARTESIAN_POINT('',(-8.239421258979,-12.30031239594,
    40.046609890284));
#4817 = CARTESIAN_POINT('',(-1.025213536103,-15.31737735285,
    40.796610577597));
#4818 = CARTESIAN_POINT('',(6.889547464496,-13.71886408754,
    41.546609789558));
#4819 = CARTESIAN_POINT('',(12.367355387753,-8.138444281929,
    42.296610468418));
#4820 = CARTESIAN_POINT('',(13.878744611186,-1.016246343785,
    43.046610033321));
#4821 = CARTESIAN_POINT('',(11.699759246699,5.222896099393,
    43.796610234004));
#4822 = CARTESIAN_POINT('',(7.254410202087,9.071422405953,
    44.546610172562));
#4823 = CARTESIAN_POINT('',(-2.833080972728,11.264582716365,
    46.046610191591));
#4824 = CARTESIAN_POINT('',(-8.475060126226,9.60918138331,
    46.796610135497));
#4825 = CARTESIAN_POINT('',(-13.04784941256,4.837968017651,
    47.546610314324));
#4826 = CARTESIAN_POINT('',(-14.63004212501,-2.268835701795,
    48.296609932047));
#4827 = CARTESIAN_POINT('',(-11.96371899031,-9.619903267841,
    49.046610521469));
#4828 = CARTESIAN_POINT('',(-5.427132816297,-14.36033865832,
    49.79660984495));
#4829 = CARTESIAN_POINT('',(2.388533852224,-14.61097738761,
    50.546610428351));
#4830 = CARTESIAN_POINT('',(8.652141220912,-10.89920918953,
    51.296610053997));
#4831 = CARTESIAN_POINT('',(11.766640876334,-5.07042134573,
    52.046610226982));
#4832 = CARTESIAN_POINT('',(11.58734071026,0.806664180102,
    52.796610173681));
#4833 = CARTESIAN_POINT('',(6.368829314729,9.713659698581,
    54.296610190941));
#4834 = CARTESIAN_POINT('',(1.329702463413,12.743425847979,
    55.046610136431));
#4835 = CARTESIAN_POINT('',(-5.277659207506,12.87628137951,
    55.796610315092));
#4836 = CARTESIAN_POINT('',(-11.57789459446,9.227031193234,
    56.546609925112));
#4837 = CARTESIAN_POINT('',(-15.1803992621,2.286610920976,
    57.296610538303));
#4838 = CARTESIAN_POINT('',(-14.24094154629,-5.733121359821,
    58.046609820373));
#4839 = CARTESIAN_POINT('',(-9.131935474009,-11.65304719168,
    58.796610452634));
#4840 = CARTESIAN_POINT('',(-2.158872995143,-13.74742070592,
    59.546610037143));
#4841 = CARTESIAN_POINT('',(4.238898799785,-12.09110197801,
    60.296610235278));
#4842 = CARTESIAN_POINT('',(8.441374453967,-7.978744838283,
    61.046610170765));
#4843 = CARTESIAN_POINT('',(9.950718439819,-3.042781070382,
    61.796610183085));
#4844 = CARTESIAN_POINT('',(11.353827697716,-0.334814662642,
    3.985962762204));
#4845 = CARTESIAN_POINT('',(11.519909486467,5.297148746643,
    4.735962772594));
#4846 = CARTESIAN_POINT('',(8.613081859833,11.019638542084,
    5.485962717212));
#4847 = CARTESIAN_POINT('',(2.577034646432,14.970508663254,
    6.235962889804));
#4848 = CARTESIAN_POINT('',(-5.366016684398,15.244307204867,
    6.985962522737));
#4849 = CARTESIAN_POINT('',(-12.71990180822,10.910250015931,
    7.735963089405));
#4850 = CARTESIAN_POINT('',(-16.49693977417,2.946260477461,
    8.485962436319));
#4851 = CARTESIAN_POINT('',(-15.19986532528,-5.490639721119,
    9.23596300268));
#4852 = CARTESIAN_POINT('',(-9.961877678617,-11.46813980164,
    9.985962636828));
#4853 = CARTESIAN_POINT('',(-3.083186326896,-13.64227164946,
    10.73596280723));
#4854 = CARTESIAN_POINT('',(3.187352835795,-12.27228100304,
    11.485962754235));
#4855 = CARTESIAN_POINT('',(11.699461392907,-4.887811629171,
    12.985962771488));
#4856 = CARTESIAN_POINT('',(13.940893181319,1.126547840928,
    13.735962718533));
#4857 = CARTESIAN_POINT('',(12.759539253964,8.243263628442,
    14.485962888472));
#4858 = CARTESIAN_POINT('',(7.581297098205,14.272595120307,
    15.235962524562));
#4859 = CARTESIAN_POINT('',(-0.588023278141,16.747647181762,
    15.985963086126));
#4860 = CARTESIAN_POINT('',(-9.0054390184,14.132640968369,16.73596244108
    ));
#4861 = CARTESIAN_POINT('',(-14.33418360263,7.464195262023,
    17.485962997993));
#4862 = CARTESIAN_POINT('',(-15.18438083407,-0.437968146833,
    18.235962639831));
#4863 = CARTESIAN_POINT('',(-12.12513072934,-6.971285280901,
    18.98596280611));
#4864 = CARTESIAN_POINT('',(-6.870275234491,-10.65680145827,
    19.73596275433));
#4865 = CARTESIAN_POINT('',(4.327749712882,-11.91799823088,
    21.235962771667));
#4866 = CARTESIAN_POINT('',(10.270738227104,-9.493658356456,
    21.985962716839));
#4867 = CARTESIAN_POINT('',(14.706566951577,-3.804487575509,
    22.735962893534));
#4868 = CARTESIAN_POINT('',(15.635362313074,4.088824110247,
    23.485962515157));
#4869 = CARTESIAN_POINT('',(11.923387146087,11.775495583646,
    24.235963098275));
#4870 = CARTESIAN_POINT('',(4.29850399318,16.197294104116,
    24.985962429766));
#4871 = CARTESIAN_POINT('',(-4.216691472805,15.601363510524,
    25.735963005682));
#4872 = CARTESIAN_POINT('',(-10.60632495173,10.874884295381,
    26.485962636094));
#4873 = CARTESIAN_POINT('',(-13.34106886635,4.199225545789,
    27.235962807312));
#4874 = CARTESIAN_POINT('',(-12.49357445236,-2.163029477175,
    27.985962754148));
#4875 = CARTESIAN_POINT('',(-5.837251138743,-11.25586951565,
    29.485962771772));
#4876 = CARTESIAN_POINT('',(-2.85297241524E-02,-13.98630754608,
    30.235962716566));
#4877 = CARTESIAN_POINT('',(7.161434300364,-13.39668227439,
    30.985962894208));
#4878 = CARTESIAN_POINT('',(13.597788426033,-8.734024686827,
    31.735962513765));
#4879 = CARTESIAN_POINT('',(16.739004044645,-0.79699486304,
    32.485963100465));
#4880 = CARTESIAN_POINT('',(14.828034102297,7.807616637856,
    33.235962427323));
#4881 = CARTESIAN_POINT('',(8.622408745082,13.668836739291,
    33.985963007412));
#4882 = CARTESIAN_POINT('',(0.817443969687,15.168685597749,
    34.735962635542));
#4883 = CARTESIAN_POINT('',(-5.946189448451,12.659401436245,
    35.485962807047));
#4884 = CARTESIAN_POINT('',(-10.05306024643,7.726841450681,
    36.235962754601));
#4885 = CARTESIAN_POINT('',(-12.2346749627,-3.328787760401,
    37.735962770723));
#4886 = CARTESIAN_POINT('',(-10.30938354353,-9.451678354711,
    38.485962722645));
#4887 = CARTESIAN_POINT('',(-5.005951986339,-14.3421644773,
    39.235962879131));
#4888 = CARTESIAN_POINT('',(2.78370070387,-15.91961204083,
    39.985962536643));
#4889 = CARTESIAN_POINT('',(10.750650803663,-12.85507545167,
    40.735963078325));
#4890 = CARTESIAN_POINT('',(15.787004476545,-5.621384370767,
    41.485962439777));
#4891 = CARTESIAN_POINT('',(15.896288570633,2.913938950065,
    42.235963005425));
#4892 = CARTESIAN_POINT('',(11.713604423694,9.672058144547,
    42.985962632769));
#4893 = CARTESIAN_POINT('',(5.28657979614,12.948733056682,
    43.735962809577));
#4894 = CARTESIAN_POINT('',(-1.123930433828,12.629524119604,
    44.485962753563));
#4895 = CARTESIAN_POINT('',(-10.73538863633,6.746816304221,
    45.985962772225));
#4896 = CARTESIAN_POINT('',(-13.9361812485,1.183412402532,
    46.735962714922));
#4897 = CARTESIAN_POINT('',(-13.94231237032,-6.030685115575,
    47.485962898133));
#4898 = CARTESIAN_POINT('',(-9.827090031578,-12.83009504624,
    48.235962507095));
#4899 = CARTESIAN_POINT('',(-2.176568720051,-16.61601654061,
    48.985963108835));
#4900 = CARTESIAN_POINT('',(6.55646031792,-15.42213672388,
    49.735962419476));
#4901 = CARTESIAN_POINT('',(12.910117861577,-9.721722436249,
    50.48596301283));
#4902 = CARTESIAN_POINT('',(15.049372857661,-2.067272113801,
    51.235962632845));
#4903 = CARTESIAN_POINT('',(13.107195595021,4.880475112617,
    51.985962807985));
#4904 = CARTESIAN_POINT('',(8.530625504755,9.380646439176,
    52.735962754381));
#4905 = CARTESIAN_POINT('',(-2.30708681197,12.467776459431,
    54.235962771013));
#4906 = CARTESIAN_POINT('',(-8.568053935798,11.05468518353,
    54.985962721877));
#4907 = CARTESIAN_POINT('',(-13.8797904777,6.173220678215,
    55.735962878519));
#4908 = CARTESIAN_POINT('',(-16.0951146699,-1.459561811746,
    56.485962543821));
#4909 = CARTESIAN_POINT('',(-13.69895057171,-9.652368166691,
    57.235963059566));
#4910 = CARTESIAN_POINT('',(-6.905864972282,-15.26887360529,
    57.98596246801));
#4911 = CARTESIAN_POINT('',(1.591281249572,-16.08262586257,
    58.735962977792));
#4912 = CARTESIAN_POINT('',(8.671721386137,-12.47230875294,
    59.485962650891));
#4913 = CARTESIAN_POINT('',(12.467944264673,-6.337821348125,
    60.235962801868));
#4914 = CARTESIAN_POINT('',(12.679201332252,7.715380655189E-02,
    60.985962755355));
#4915 = CARTESIAN_POINT('',(7.610293871913,10.141574166563,
    62.485962770445));
#4916 = CARTESIAN_POINT('',(2.330211179545,13.790856703857,
    63.235962722705));
#4917 = CARTESIAN_POINT('',(-4.858740249361,14.392702331202,
    63.985962879146));
#4918 = CARTESIAN_POINT('',(-11.97475908656,10.853026393004,
    64.735962537864));
#4919 = CARTESIAN_POINT('',(-16.37952481952,3.541274399681,
    65.485963074109));
#4920 = CARTESIAN_POINT('',(-15.91089049409,-5.260516721913,
    66.235962446731));
#4921 = CARTESIAN_POINT('',(-10.75462691627,-12.06320978984,
    66.985962998839));
#4922 = CARTESIAN_POINT('',(-3.302978689839,-14.82725764056,
    67.735962636277));
#4923 = CARTESIAN_POINT('',(3.781422183135,-13.46545431772,
    68.48596280906));
#4924 = CARTESIAN_POINT('',(8.64415330414,-9.27613673632,69.23596275283)
  );
#4925 = CARTESIAN_POINT('',(10.629931853297,-4.00325530797,
    69.985962763568));
#4926 = CARTESIAN_POINT('',(18.,-0.334814662642,3.985962762204));
#4927 = CARTESIAN_POINT('',(18.166081788748,8.59392235305,4.735962762222
    ));
#4928 = CARTESIAN_POINT('',(13.460471587994,17.613132313235,
    5.48596276213));
#4929 = CARTESIAN_POINT('',(3.826042101069,23.770604343866,
    6.235962762365));
#4930 = CARTESIAN_POINT('',(-8.767303184827,24.067541686151,
    6.985962762002));
#4931 = CARTESIAN_POINT('',(-20.34743048706,17.071837560287,
    7.735962762339));
#4932 = CARTESIAN_POINT('',(-26.19615166951,4.384886009938,
    8.485962762208));
#4933 = CARTESIAN_POINT('',(-23.99495856918,-8.964046032227,
    9.235962762104));
#4934 = CARTESIAN_POINT('',(-15.590388755,-18.34720708365,9.985962762301
    ));
#4935 = CARTESIAN_POINT('',(-4.651129615787,-21.67426400077,
    10.735962762162));
#4936 = CARTESIAN_POINT('',(5.263167687863,-19.3948728896,
    11.485962762208));
#4937 = CARTESIAN_POINT('',(18.626306585302,-7.544715497037,
    12.985962762212));
#4938 = CARTESIAN_POINT('',(22.074931937196,2.025859137523,
    13.73596276214));
#4939 = CARTESIAN_POINT('',(20.079909793868,13.284481612276,
    14.485962762361));
#4940 = CARTESIAN_POINT('',(11.769133009664,22.75081704229,
    15.235962761998));
#4941 = CARTESIAN_POINT('',(-1.220780606201,26.532532105626,
    15.985962762342));
#4942 = CARTESIAN_POINT('',(-14.51610529066,22.242937636253,
    16.735962762215));
#4943 = CARTESIAN_POINT('',(-22.84640625281,11.582481572778,
    17.485962762092));
#4944 = CARTESIAN_POINT('',(-24.05756194385,-0.956003466483,
    18.235962762309));
#4945 = CARTESIAN_POINT('',(-19.09639864763,-11.25763231568,
    18.98596276216));
#4946 = CARTESIAN_POINT('',(-10.70462524597,-17.00802830604,
    19.735962762207));
#4947 = CARTESIAN_POINT('',(7.064426607267,-18.81371589175,
    21.235962762215));
#4948 = CARTESIAN_POINT('',(16.441417603212,-14.86897819112,
    21.985962762116));
#4949 = CARTESIAN_POINT('',(23.373463625837,-5.77593517777,
    22.735962762432));
#4950 = CARTESIAN_POINT('',(24.709336988093,6.749876564202,
    23.485962761868));
#4951 = CARTESIAN_POINT('',(18.693806071036,18.86815251892,
    24.235962762505));
#4952 = CARTESIAN_POINT('',(6.533170460141,25.744577517924,
    24.98596276207));
#4953 = CARTESIAN_POINT('',(-6.951941297198,24.65324867224,
    25.735962762183));
#4954 = CARTESIAN_POINT('',(-16.99709797041,17.05224002609,
    26.48596276227));
#4955 = CARTESIAN_POINT('',(-21.2161481612,6.42509018474,27.235962762171
    ));
#4956 = CARTESIAN_POINT('',(-19.76325850832,-3.643575393044,
    27.985962762205));
#4957 = CARTESIAN_POINT('',(-9.057094675024,-17.93965063749,
    29.485962762217));
#4958 = CARTESIAN_POINT('',(0.196006371744,-22.16682897368,
    30.235962762108));
#4959 = CARTESIAN_POINT('',(11.580922561583,-21.10835051976,
    30.985962762447));
#4960 = CARTESIAN_POINT('',(21.701224172464,-13.6076830312,
    31.735962761852));
#4961 = CARTESIAN_POINT('',(26.542721312488,-0.974428116185,
    32.485962762509));
#4962 = CARTESIAN_POINT('',(23.365697208397,12.629718201867,
    33.235962762086));
#4963 = CARTESIAN_POINT('',(13.429562795464,21.811900444671,
    33.985962762153));
#4964 = CARTESIAN_POINT('',(1.03391949148,24.054339313327,34.7359627623)
  );
#4965 = CARTESIAN_POINT('',(-9.642213693135,19.960822672766,
    35.485962762152));
#4966 = CARTESIAN_POINT('',(-16.06595632024,12.072575368889,
    36.235962762214));
#4967 = CARTESIAN_POINT('',(-19.33283323836,-5.486673664633,
    37.735962762203));
#4968 = CARTESIAN_POINT('',(-16.17591459982,-15.15739133909,
    38.485962762193));
#4969 = CARTESIAN_POINT('',(-7.686372749982,-22.81665845153,
    39.235962762225));
#4970 = CARTESIAN_POINT('',(4.686341424973,-25.1823424636,
    39.985962762202));
#4971 = CARTESIAN_POINT('',(17.259985955946,-20.18807692905,
    40.735962762158));
#4972 = CARTESIAN_POINT('',(25.117141783484,-8.63682673522,
    41.485962762294));
#4973 = CARTESIAN_POINT('',(25.143132094768,4.892347757892,
    42.235962762107));
#4974 = CARTESIAN_POINT('',(18.397607206175,15.530881440434,
    42.985962762269));
#4975 = CARTESIAN_POINT('',(8.155160872329,20.61310451799,
    43.735962762184));
#4976 = CARTESIAN_POINT('',(-1.99909378359,19.996641031541,44.4859627622
    ));
#4977 = CARTESIAN_POINT('',(-17.13044868528,10.507604712689,
    45.985962762223));
#4978 = CARTESIAN_POINT('',(-22.10730409172,1.635185316389,
    46.735962762082));
#4979 = CARTESIAN_POINT('',(-21.99259980701,-9.798254067561,
    47.485962762516));
#4980 = CARTESIAN_POINT('',(-15.3532787814,-20.50338993507,
    48.235962761732));
#4981 = CARTESIAN_POINT('',(-3.162980504481,-26.37159682159,
    48.985962762657));
#4982 = CARTESIAN_POINT('',(10.657057329857,-24.32884537299,
    49.735962761955));
#4983 = CARTESIAN_POINT('',(20.628397240274,-15.18490648918,
    50.485962762235));
#4984 = CARTESIAN_POINT('',(23.886801154279,-3.016779729924,
    51.235962762266));
#4985 = CARTESIAN_POINT('',(20.688894039088,7.960928973941,
    51.985962762161));
#4986 = CARTESIAN_POINT('',(13.358057560569,15.014137561824,
    52.735962762212));
#4987 = CARTESIAN_POINT('',(-3.871441177363,19.719887731444,
    54.235962762206));
#4988 = CARTESIAN_POINT('',(-13.76982472272,17.372353105695,
    54.985962762185));
#4989 = CARTESIAN_POINT('',(-22.10399236621,9.544304611361,
    55.735962762222));
#4990 = CARTESIAN_POINT('',(-25.48332699792,-2.590793833784,
    56.485962762269));
#4991 = CARTESIAN_POINT('',(-21.54444276673,-15.5339161784,
    57.235962761974));
#4992 = CARTESIAN_POINT('',(-10.68148470544,-24.31813050426,
    57.985962762575));
#4993 = CARTESIAN_POINT('',(2.799334503541,-25.46126243424,
    58.735962761836));
#4994 = CARTESIAN_POINT('',(13.958573254398,-19.617300069,
    59.485962762441));
#4995 = CARTESIAN_POINT('',(19.869252464283,-9.829523544836,
    60.235962762112));
#4996 = CARTESIAN_POINT('',(20.093426221383,0.340956337298,
    60.985962762219));
#4997 = CARTESIAN_POINT('',(11.886337154448,16.204228397819,
    62.485962762199));
#4998 = CARTESIAN_POINT('',(3.455207035704,21.89676390904,
    63.235962762211));
#4999 = CARTESIAN_POINT('',(-7.948653575126,22.726617331125,
    63.985962762179));
#5000 = CARTESIAN_POINT('',(-19.16549673423,16.993996079054,
    64.735962762297));
#5001 = CARTESIAN_POINT('',(-26.02032760715,5.329926518567,
    65.485962762005));
#5002 = CARTESIAN_POINT('',(-25.12580283565,-8.611597942645,
    66.235962762481));
#5003 = CARTESIAN_POINT('',(-16.83652188473,-19.30398116966,
    66.985962761945));
#5004 = CARTESIAN_POINT('',(-4.979032300574,-23.55609192106,
    67.73596276237));
#5005 = CARTESIAN_POINT('',(6.225263037707,-21.27563928134,
    68.485962762136));
#5006 = CARTESIAN_POINT('',(13.859757018958,-14.55229067393,
    69.235962762219));
#5007 = CARTESIAN_POINT('',(16.915996208148,-6.161263926654,
    69.985962762204));
#5008 = DEFINITIONAL_REPRESENTATION('',(#5009),#5012);
#5009 = B_SPLINE_CURVE_WITH_KNOTS('',1,(#5010,#5011),.UNSPECIFIED.,.F.,
  .F.,(2,2),(0.,79.129403263079),.PIECEWISE_BEZIER_KNOTS.);
#5010 = CARTESIAN_POINT('',(6.28318530718,0.));
#5011 = CARTESIAN_POINT('',(6.28318530718,79.129403263079));
#5012 = ( GEOMETRIC_REPRESENTATION_CONTEXT(2) 
PARAMETRIC_REPRESENTATION_CONTEXT() REPRESENTATION_CONTEXT('2D SPACE',''
  ) );
#5013 = PCURVE('',#4433,#5014);
#5014 = DEFINITIONAL_REPRESENTATION('',(#5015),#5019);
#5015 = LINE('',#5016,#5017);
#5016 = CARTESIAN_POINT('',(0.,0.));
#5017 = VECTOR('',#5018,1.);
#5018 = DIRECTION('',(0.,1.));
#5019 = ( GEOMETRIC_REPRESENTATION_CONTEXT(2) 
PARAMETRIC_REPRESENTATION_CONTEXT() REPRESENTATION_CONTEXT('2D SPACE',''
  ) );
#5020 = ORIENTED_EDGE('',*,*,#5021,.F.);
#5021 = EDGE_CURVE('',#4346,#4346,#5022,.T.);
#5022 = SURFACE_CURVE('',#5023,(#5031,#5038),.PCURVE_S1.);
#5023 = ( BOUNDED_CURVE() B_SPLINE_CURVE(6,(#5024,#5025,#5026,#5027,
#5028,#5029,#5030),.UNSPECIFIED.,.T.,.F.) B_SPLINE_CURVE_WITH_KNOTS((1,6
    ,6,1),(-6.28318530718,0.,6.28318530718,12.566370614359),
.UNSPECIFIED.) CURVE() GEOMETRIC_REPRESENTATION_ITEM() 
RATIONAL_B_SPLINE_CURVE((1.669078461068,1.03672962321,1.038346699848,
    0.853534330196,1.038346699848,1.03672962321,1.669078461068)) 
REPRESENTATION_ITEM('') );
#5024 = CARTESIAN_POINT('',(16.915996208148,-6.161263926654,
    69.985962762204));
#5025 = CARTESIAN_POINT('',(23.202060563,-8.319272545339,69.98596276084)
  );
#5026 = CARTESIAN_POINT('',(24.327990865846,-7.978504928283,
    61.796610179965));
#5027 = CARTESIAN_POINT('',(17.323578239209,-4.974018020715,
    55.042122323915));
#5028 = CARTESIAN_POINT('',(9.950718439819,-3.042781070382,
    61.796610183085));
#5029 = CARTESIAN_POINT('',(10.629931853297,-4.00325530797,
    69.985962763568));
#5030 = CARTESIAN_POINT('',(16.915996208148,-6.161263926654,
    69.985962762204));
#5031 = PCURVE('',#4433,#5032);
#5032 = DEFINITIONAL_REPRESENTATION('',(#5033),#5037);
#5033 = LINE('',#5034,#5035);
#5034 = CARTESIAN_POINT('',(0.,79.129403263079));
#5035 = VECTOR('',#5036,1.);
#5036 = DIRECTION('',(1.,0.));
#5037 = ( GEOMETRIC_REPRESENTATION_CONTEXT(2) 
PARAMETRIC_REPRESENTATION_CONTEXT() REPRESENTATION_CONTEXT('2D SPACE',''
  ) );
#5038 = PCURVE('',#5039,#5044);
#5039 = PLANE('',#5040);
#5040 = AXIS2_PLACEMENT_3D('',#5041,#5042,#5043);
#5041 = CARTESIAN_POINT('',(17.024693127765,-5.844640614121,
    66.000631469115));
#5042 = DIRECTION('',(0.323559998289,0.942498076317,8.370366566088E-02)
  );
#5043 = DIRECTION('',(0.945817241701,-0.324699469204,0.));
#5044 = DEFINITIONAL_REPRESENTATION('',(#5045),#5053);
#5045 = ( BOUNDED_CURVE() B_SPLINE_CURVE(6,(#5046,#5047,#5048,#5049,
#5050,#5051,#5052),.UNSPECIFIED.,.T.,.F.) B_SPLINE_CURVE_WITH_KNOTS((1,6
    ,6,1),(-6.28318530718,0.,6.28318530718,12.566370614359),
.UNSPECIFIED.) CURVE() GEOMETRIC_REPRESENTATION_ITEM() 
RATIONAL_B_SPLINE_CURVE((1.669078461068,1.03672962321,1.038346699848,
    0.853534330196,1.038346699848,1.03672962321,1.669078461068)) 
REPRESENTATION_ITEM('') );
#5046 = CARTESIAN_POINT('',(8.237357462804E-10,-3.999366307061));
#5047 = CARTESIAN_POINT('',(6.646172303108,-3.999366305692));
#5048 = CARTESIAN_POINT('',(7.600449532113,4.218826456697));
#5049 = CARTESIAN_POINT('',(-2.265018395065E-09,10.997101376973));
#5050 = CARTESIAN_POINT('',(-7.600449533851,4.218826453567));
#5051 = CARTESIAN_POINT('',(-6.64617230146,-3.999366308429));
#5052 = CARTESIAN_POINT('',(8.237357462804E-10,-3.999366307061));
#5053 = ( GEOMETRIC_REPRESENTATION_CONTEXT(2) 
PARAMETRIC_REPRESENTATION_CONTEXT() REPRESENTATION_CONTEXT('2D SPACE',''
  ) );
#5054 = ORIENTED_EDGE('',*,*,#4343,.F.);
#5055 = ORIENTED_EDGE('',*,*,#5056,.T.);
#5056 = EDGE_CURVE('',#4344,#4344,#5057,.T.);
#5057 = SURFACE_CURVE('',#5058,(#5066,#5073),.PCURVE_S1.);
#5058 = ( BOUNDED_CURVE() B_SPLINE_CURVE(6,(#5059,#5060,#5061,#5062,
#5063,#5064,#5065),.UNSPECIFIED.,.T.,.F.) B_SPLINE_CURVE_WITH_KNOTS((1,6
    ,6,1),(-6.28318530718,0.,6.28318530718,12.566370614359),
.UNSPECIFIED.) CURVE() GEOMETRIC_REPRESENTATION_ITEM() 
RATIONAL_B_SPLINE_CURVE((1.669078461068,1.03672962321,1.038346699848,
    0.853534330196,1.038346699848,1.03672962321,1.669078461068)) 
REPRESENTATION_ITEM('') );
#5059 = CARTESIAN_POINT('',(18.,-0.334814662642,3.985962762204));
#5060 = CARTESIAN_POINT('',(24.646172302284,-0.334814662642,
    3.985962762204));
#5061 = CARTESIAN_POINT('',(25.600449532982,0.353078196658,
    -4.203389818475));
#5062 = CARTESIAN_POINT('',(18.,0.920444654471,-10.95787767608));
#5063 = CARTESIAN_POINT('',(10.399550467018,0.353078196658,
    -4.203389818475));
#5064 = CARTESIAN_POINT('',(11.353827697716,-0.334814662642,
    3.985962762204));
#5065 = CARTESIAN_POINT('',(18.,-0.334814662642,3.985962762204));
#5066 = PCURVE('',#4433,#5067);
#5067 = DEFINITIONAL_REPRESENTATION('',(#5068),#5072);
#5068 = LINE('',#5069,#5070);
#5069 = CARTESIAN_POINT('',(0.,0.));
#5070 = VECTOR('',#5071,1.);
#5071 = DIRECTION('',(1.,0.));
#5072 = ( GEOMETRIC_REPRESENTATION_CONTEXT(2) 
PARAMETRIC_REPRESENTATION_CONTEXT() REPRESENTATION_CONTEXT('2D SPACE',''
  ) );
#5073 = PCURVE('',#5074,#5079);
#5074 = PLANE('',#5075);
#5075 = AXIS2_PLACEMENT_3D('',#5076,#5077,#5078);
#5076 = CARTESIAN_POINT('',(18.,-5.304242194081E-05,6.314691148471E-04)
  );
#5077 = DIRECTION('',(1.345638613692E-16,0.996490690551,
    8.370366566053E-02));
#5078 = DIRECTION('',(0.,-8.370366566053E-02,0.996490690551));
#5079 = DEFINITIONAL_REPRESENTATION('',(#5080),#5088);
#5080 = ( BOUNDED_CURVE() B_SPLINE_CURVE(6,(#5081,#5082,#5083,#5084,
#5085,#5086,#5087),.UNSPECIFIED.,.T.,.F.) B_SPLINE_CURVE_WITH_KNOTS((1,6
    ,6,1),(-6.28318530718,0.,6.28318530718,12.566370614359),
.UNSPECIFIED.) CURVE() GEOMETRIC_REPRESENTATION_ITEM() 
RATIONAL_B_SPLINE_CURVE((1.669078461068,1.03672962321,1.038346699848,
    0.853534330196,1.038346699848,1.03672962321,1.669078461068)) 
REPRESENTATION_ITEM('') );
#5081 = CARTESIAN_POINT('',(3.999366307061,3.552713678801E-15));
#5082 = CARTESIAN_POINT('',(3.999366307061,6.646172302284));
#5083 = CARTESIAN_POINT('',(-4.218826455132,7.600449532982));
#5084 = CARTESIAN_POINT('',(-10.99710137697,1.42108547152E-14));
#5085 = CARTESIAN_POINT('',(-4.218826455132,-7.600449532982));
#5086 = CARTESIAN_POINT('',(3.999366307061,-6.646172302284));
#5087 = CARTESIAN_POINT('',(3.999366307061,3.552713678801E-15));
#5088 = ( GEOMETRIC_REPRESENTATION_CONTEXT(2) 
PARAMETRIC_REPRESENTATION_CONTEXT() REPRESENTATION_CONTEXT('2D SPACE',''
  ) );
#5089 = ADVANCED_FACE('',(#5090),#5074,.F.);
#5090 = FACE_BOUND('',#5091,.F.);
#5091 = EDGE_LOOP('',(#5092));
#5092 = ORIENTED_EDGE('',*,*,#5056,.T.);
#5093 = ADVANCED_FACE('',(#5094),#5039,.T.);
#5094 = FACE_BOUND('',#5095,.T.);
#5095 = EDGE_LOOP('',(#5096));
#5096 = ORIENTED_EDGE('',*,*,#5021,.T.);
#5097 = ( GEOMETRIC_REPRESENTATION_CONTEXT(3) 
GLOBAL_UNCERTAINTY_ASSIGNED_CONTEXT((#5101)) 
GLOBAL_UNIT_ASSIGNED_CONTEXT((#5098,#5099,#5100)) REPRESENTATION_CONTEXT
('Context #1','3D Context with UNIT and UNCERTAINTY') );
#5098 = ( LENGTH_UNIT() NAMED_UNIT(*) SI_UNIT(.MILLI.,.METRE.) );
#5099 = ( NAMED_UNIT(*) PLANE_ANGLE_UNIT() SI_UNIT($,.RADIAN.) );
#5100 = ( NAMED_UNIT(*) SI_UNIT($,.STERADIAN.) SOLID_ANGLE_UNIT() );
#5101 = UNCERTAINTY_MEASURE_WITH_UNIT(LENGTH_MEASURE(5.E-06),#5098,
  'distance_accuracy_value','confusion accuracy');
#5102 = CONTEXT_DEPENDENT_SHAPE_REPRESENTATION(#5103,#5105);
#5103 = ( REPRESENTATION_RELATIONSHIP('','',#4336,#10) 
REPRESENTATION_RELATIONSHIP_WITH_TRANSFORMATION(#5104) 
SHAPE_REPRESENTATION_RELATIONSHIP() );
#5104 = ITEM_DEFINED_TRANSFORMATION('','',#11,#31);
#5105 = PRODUCT_DEFINITION_SHAPE('Placement','Placement of an item',
  #5106);
#5106 = NEXT_ASSEMBLY_USAGE_OCCURRENCE('5','Coil_Inner','',#5,#4331,$);
#5107 = PRODUCT_RELATED_PRODUCT_CATEGORY('part',$,(#4333));
#5108 = SHAPE_DEFINITION_REPRESENTATION(#5109,#5115);
#5109 = PRODUCT_DEFINITION_SHAPE('','',#5110);
#5110 = PRODUCT_DEFINITION('design','',#5111,#5114);
#5111 = PRODUCT_DEFINITION_FORMATION('','',#5112);
#5112 = PRODUCT('Discharge_Channel','Discharge_Channel','',(#5113));
#5113 = PRODUCT_CONTEXT('',#2,'mechanical');
#5114 = PRODUCT_DEFINITION_CONTEXT('part definition',#2,'design');
#5115 = SHAPE_REPRESENTATION('',(#11,#5116,#5298),#5480);
#5116 = MANIFOLD_SOLID_BREP('',#5117);
#5117 = CLOSED_SHELL('',(#5118,#5206,#5241,#5271));
#5118 = ADVANCED_FACE('',(#5119),#5132,.T.);
#5119 = FACE_BOUND('',#5120,.T.);
#5120 = EDGE_LOOP('',(#5121,#5155,#5178,#5205));
#5121 = ORIENTED_EDGE('',*,*,#5122,.F.);
#5122 = EDGE_CURVE('',#5123,#5123,#5125,.T.);
#5123 = VERTEX_POINT('',#5124);
#5124 = CARTESIAN_POINT('',(35.,-8.572527594031E-15,112.));
#5125 = SURFACE_CURVE('',#5126,(#5131,#5143),.PCURVE_S1.);
#5126 = CIRCLE('',#5127,35.);
#5127 = AXIS2_PLACEMENT_3D('',#5128,#5129,#5130);
#5128 = CARTESIAN_POINT('',(0.,0.,112.));
#5129 = DIRECTION('',(0.,0.,1.));
#5130 = DIRECTION('',(1.,0.,-0.));
#5131 = PCURVE('',#5132,#5137);
#5132 = CYLINDRICAL_SURFACE('',#5133,35.);
#5133 = AXIS2_PLACEMENT_3D('',#5134,#5135,#5136);
#5134 = CARTESIAN_POINT('',(0.,0.,20.));
#5135 = DIRECTION('',(0.,0.,1.));
#5136 = DIRECTION('',(1.,0.,-0.));
#5137 = DEFINITIONAL_REPRESENTATION('',(#5138),#5142);
#5138 = LINE('',#5139,#5140);
#5139 = CARTESIAN_POINT('',(0.,92.));
#5140 = VECTOR('',#5141,1.);
#5141 = DIRECTION('',(1.,0.));
#5142 = ( GEOMETRIC_REPRESENTATION_CONTEXT(2) 
PARAMETRIC_REPRESENTATION_CONTEXT() REPRESENTATION_CONTEXT('2D SPACE',''
  ) );
#5143 = PCURVE('',#5144,#5149);
#5144 = PLANE('',#5145);
#5145 = AXIS2_PLACEMENT_3D('',#5146,#5147,#5148);
#5146 = CARTESIAN_POINT('',(0.,0.,112.));
#5147 = DIRECTION('',(0.,0.,1.));
#5148 = DIRECTION('',(1.,0.,-0.));
#5149 = DEFINITIONAL_REPRESENTATION('',(#5150),#5154);
#5150 = CIRCLE('',#5151,35.);
#5151 = AXIS2_PLACEMENT_2D('',#5152,#5153);
#5152 = CARTESIAN_POINT('',(0.,0.));
#5153 = DIRECTION('',(1.,0.));
#5154 = ( GEOMETRIC_REPRESENTATION_CONTEXT(2) 
PARAMETRIC_REPRESENTATION_CONTEXT() REPRESENTATION_CONTEXT('2D SPACE',''
  ) );
#5155 = ORIENTED_EDGE('',*,*,#5156,.F.);
#5156 = EDGE_CURVE('',#5157,#5123,#5159,.T.);
#5157 = VERTEX_POINT('',#5158);
#5158 = CARTESIAN_POINT('',(35.,-8.572527594031E-15,20.));
#5159 = SEAM_CURVE('',#5160,(#5164,#5171),.PCURVE_S1.);
#5160 = LINE('',#5161,#5162);
#5161 = CARTESIAN_POINT('',(35.,-8.572527594031E-15,20.));
#5162 = VECTOR('',#5163,1.);
#5163 = DIRECTION('',(0.,0.,1.));
#5164 = PCURVE('',#5132,#5165);
#5165 = DEFINITIONAL_REPRESENTATION('',(#5166),#5170);
#5166 = LINE('',#5167,#5168);
#5167 = CARTESIAN_POINT('',(6.28318530718,-0.));
#5168 = VECTOR('',#5169,1.);
#5169 = DIRECTION('',(0.,1.));
#5170 = ( GEOMETRIC_REPRESENTATION_CONTEXT(2) 
PARAMETRIC_REPRESENTATION_CONTEXT() REPRESENTATION_CONTEXT('2D SPACE',''
  ) );
#5171 = PCURVE('',#5132,#5172);
#5172 = DEFINITIONAL_REPRESENTATION('',(#5173),#5177);
#5173 = LINE('',#5174,#5175);
#5174 = CARTESIAN_POINT('',(0.,-0.));
#5175 = VECTOR('',#5176,1.);
#5176 = DIRECTION('',(0.,1.));
#5177 = ( GEOMETRIC_REPRESENTATION_CONTEXT(2) 
PARAMETRIC_REPRESENTATION_CONTEXT() REPRESENTATION_CONTEXT('2D SPACE',''
  ) );
#5178 = ORIENTED_EDGE('',*,*,#5179,.T.);
#5179 = EDGE_CURVE('',#5157,#5157,#5180,.T.);
#5180 = SURFACE_CURVE('',#5181,(#5186,#5193),.PCURVE_S1.);
#5181 = CIRCLE('',#5182,35.);
#5182 = AXIS2_PLACEMENT_3D('',#5183,#5184,#5185);
#5183 = CARTESIAN_POINT('',(0.,0.,20.));
#5184 = DIRECTION('',(0.,0.,1.));
#5185 = DIRECTION('',(1.,0.,-0.));
#5186 = PCURVE('',#5132,#5187);
#5187 = DEFINITIONAL_REPRESENTATION('',(#5188),#5192);
#5188 = LINE('',#5189,#5190);
#5189 = CARTESIAN_POINT('',(0.,0.));
#5190 = VECTOR('',#5191,1.);
#5191 = DIRECTION('',(1.,0.));
#5192 = ( GEOMETRIC_REPRESENTATION_CONTEXT(2) 
PARAMETRIC_REPRESENTATION_CONTEXT() REPRESENTATION_CONTEXT('2D SPACE',''
  ) );
#5193 = PCURVE('',#5194,#5199);
#5194 = PLANE('',#5195);
#5195 = AXIS2_PLACEMENT_3D('',#5196,#5197,#5198);
#5196 = CARTESIAN_POINT('',(0.,0.,20.));
#5197 = DIRECTION('',(0.,0.,1.));
#5198 = DIRECTION('',(1.,0.,-0.));
#5199 = DEFINITIONAL_REPRESENTATION('',(#5200),#5204);
#5200 = CIRCLE('',#5201,35.);
#5201 = AXIS2_PLACEMENT_2D('',#5202,#5203);
#5202 = CARTESIAN_POINT('',(0.,0.));
#5203 = DIRECTION('',(1.,0.));
#5204 = ( GEOMETRIC_REPRESENTATION_CONTEXT(2) 
PARAMETRIC_REPRESENTATION_CONTEXT() REPRESENTATION_CONTEXT('2D SPACE',''
  ) );
#5205 = ORIENTED_EDGE('',*,*,#5156,.T.);
#5206 = ADVANCED_FACE('',(#5207,#5210),#5144,.T.);
#5207 = FACE_BOUND('',#5208,.T.);
#5208 = EDGE_LOOP('',(#5209));
#5209 = ORIENTED_EDGE('',*,*,#5122,.T.);
#5210 = FACE_BOUND('',#5211,.T.);
#5211 = EDGE_LOOP('',(#5212));
#5212 = ORIENTED_EDGE('',*,*,#5213,.F.);
#5213 = EDGE_CURVE('',#5214,#5214,#5216,.T.);
#5214 = VERTEX_POINT('',#5215);
#5215 = CARTESIAN_POINT('',(30.,-7.347880794884E-15,112.));
#5216 = SURFACE_CURVE('',#5217,(#5222,#5229),.PCURVE_S1.);
#5217 = CIRCLE('',#5218,30.);
#5218 = AXIS2_PLACEMENT_3D('',#5219,#5220,#5221);
#5219 = CARTESIAN_POINT('',(0.,0.,112.));
#5220 = DIRECTION('',(0.,0.,1.));
#5221 = DIRECTION('',(1.,0.,-0.));
#5222 = PCURVE('',#5144,#5223);
#5223 = DEFINITIONAL_REPRESENTATION('',(#5224),#5228);
#5224 = CIRCLE('',#5225,30.);
#5225 = AXIS2_PLACEMENT_2D('',#5226,#5227);
#5226 = CARTESIAN_POINT('',(0.,0.));
#5227 = DIRECTION('',(1.,0.));
#5228 = ( GEOMETRIC_REPRESENTATION_CONTEXT(2) 
PARAMETRIC_REPRESENTATION_CONTEXT() REPRESENTATION_CONTEXT('2D SPACE',''
  ) );
#5229 = PCURVE('',#5230,#5235);
#5230 = CYLINDRICAL_SURFACE('',#5231,30.);
#5231 = AXIS2_PLACEMENT_3D('',#5232,#5233,#5234);
#5232 = CARTESIAN_POINT('',(0.,0.,20.));
#5233 = DIRECTION('',(0.,0.,1.));
#5234 = DIRECTION('',(1.,0.,-0.));
#5235 = DEFINITIONAL_REPRESENTATION('',(#5236),#5240);
#5236 = LINE('',#5237,#5238);
#5237 = CARTESIAN_POINT('',(0.,92.));
#5238 = VECTOR('',#5239,1.);
#5239 = DIRECTION('',(1.,0.));
#5240 = ( GEOMETRIC_REPRESENTATION_CONTEXT(2) 
PARAMETRIC_REPRESENTATION_CONTEXT() REPRESENTATION_CONTEXT('2D SPACE',''
  ) );
#5241 = ADVANCED_FACE('',(#5242,#5245),#5194,.F.);
#5242 = FACE_BOUND('',#5243,.F.);
#5243 = EDGE_LOOP('',(#5244));
#5244 = ORIENTED_EDGE('',*,*,#5179,.T.);
#5245 = FACE_BOUND('',#5246,.F.);
#5246 = EDGE_LOOP('',(#5247));
#5247 = ORIENTED_EDGE('',*,*,#5248,.F.);
#5248 = EDGE_CURVE('',#5249,#5249,#5251,.T.);
#5249 = VERTEX_POINT('',#5250);
#5250 = CARTESIAN_POINT('',(30.,-7.347880794884E-15,20.));
#5251 = SURFACE_CURVE('',#5252,(#5257,#5264),.PCURVE_S1.);
#5252 = CIRCLE('',#5253,30.);
#5253 = AXIS2_PLACEMENT_3D('',#5254,#5255,#5256);
#5254 = CARTESIAN_POINT('',(0.,0.,20.));
#5255 = DIRECTION('',(0.,0.,1.));
#5256 = DIRECTION('',(1.,0.,-0.));
#5257 = PCURVE('',#5194,#5258);
#5258 = DEFINITIONAL_REPRESENTATION('',(#5259),#5263);
#5259 = CIRCLE('',#5260,30.);
#5260 = AXIS2_PLACEMENT_2D('',#5261,#5262);
#5261 = CARTESIAN_POINT('',(0.,0.));
#5262 = DIRECTION('',(1.,0.));
#5263 = ( GEOMETRIC_REPRESENTATION_CONTEXT(2) 
PARAMETRIC_REPRESENTATION_CONTEXT() REPRESENTATION_CONTEXT('2D SPACE',''
  ) );
#5264 = PCURVE('',#5230,#5265);
#5265 = DEFINITIONAL_REPRESENTATION('',(#5266),#5270);
#5266 = LINE('',#5267,#5268);
#5267 = CARTESIAN_POINT('',(0.,0.));
#5268 = VECTOR('',#5269,1.);
#5269 = DIRECTION('',(1.,0.));
#5270 = ( GEOMETRIC_REPRESENTATION_CONTEXT(2) 
PARAMETRIC_REPRESENTATION_CONTEXT() REPRESENTATION_CONTEXT('2D SPACE',''
  ) );
#5271 = ADVANCED_FACE('',(#5272),#5230,.F.);
#5272 = FACE_BOUND('',#5273,.F.);
#5273 = EDGE_LOOP('',(#5274,#5275,#5296,#5297));
#5274 = ORIENTED_EDGE('',*,*,#5213,.F.);
#5275 = ORIENTED_EDGE('',*,*,#5276,.F.);
#5276 = EDGE_CURVE('',#5249,#5214,#5277,.T.);
#5277 = SEAM_CURVE('',#5278,(#5282,#5289),.PCURVE_S1.);
#5278 = LINE('',#5279,#5280);
#5279 = CARTESIAN_POINT('',(30.,-7.347880794884E-15,20.));
#5280 = VECTOR('',#5281,1.);
#5281 = DIRECTION('',(0.,0.,1.));
#5282 = PCURVE('',#5230,#5283);
#5283 = DEFINITIONAL_REPRESENTATION('',(#5284),#5288);
#5284 = LINE('',#5285,#5286);
#5285 = CARTESIAN_POINT('',(6.28318530718,-0.));
#5286 = VECTOR('',#5287,1.);
#5287 = DIRECTION('',(0.,1.));
#5288 = ( GEOMETRIC_REPRESENTATION_CONTEXT(2) 
PARAMETRIC_REPRESENTATION_CONTEXT() REPRESENTATION_CONTEXT('2D SPACE',''
  ) );
#5289 = PCURVE('',#5230,#5290);
#5290 = DEFINITIONAL_REPRESENTATION('',(#5291),#5295);
#5291 = LINE('',#5292,#5293);
#5292 = CARTESIAN_POINT('',(0.,-0.));
#5293 = VECTOR('',#5294,1.);
#5294 = DIRECTION('',(0.,1.));
#5295 = ( GEOMETRIC_REPRESENTATION_CONTEXT(2) 
PARAMETRIC_REPRESENTATION_CONTEXT() REPRESENTATION_CONTEXT('2D SPACE',''
  ) );
#5296 = ORIENTED_EDGE('',*,*,#5248,.T.);
#5297 = ORIENTED_EDGE('',*,*,#5276,.T.);
#5298 = MANIFOLD_SOLID_BREP('',#5299);
#5299 = CLOSED_SHELL('',(#5300,#5388,#5423,#5453));
#5300 = ADVANCED_FACE('',(#5301),#5314,.T.);
#5301 = FACE_BOUND('',#5302,.T.);
#5302 = EDGE_LOOP('',(#5303,#5337,#5360,#5387));
#5303 = ORIENTED_EDGE('',*,*,#5304,.F.);
#5304 = EDGE_CURVE('',#5305,#5305,#5307,.T.);
#5305 = VERTEX_POINT('',#5306);
#5306 = CARTESIAN_POINT('',(55.,-1.347111479062E-14,112.));
#5307 = SURFACE_CURVE('',#5308,(#5313,#5325),.PCURVE_S1.);
#5308 = CIRCLE('',#5309,55.);
#5309 = AXIS2_PLACEMENT_3D('',#5310,#5311,#5312);
#5310 = CARTESIAN_POINT('',(0.,0.,112.));
#5311 = DIRECTION('',(0.,0.,1.));
#5312 = DIRECTION('',(1.,0.,-0.));
#5313 = PCURVE('',#5314,#5319);
#5314 = CYLINDRICAL_SURFACE('',#5315,55.);
#5315 = AXIS2_PLACEMENT_3D('',#5316,#5317,#5318);
#5316 = CARTESIAN_POINT('',(0.,0.,20.));
#5317 = DIRECTION('',(0.,0.,1.));
#5318 = DIRECTION('',(1.,0.,-0.));
#5319 = DEFINITIONAL_REPRESENTATION('',(#5320),#5324);
#5320 = LINE('',#5321,#5322);
#5321 = CARTESIAN_POINT('',(0.,92.));
#5322 = VECTOR('',#5323,1.);
#5323 = DIRECTION('',(1.,0.));
#5324 = ( GEOMETRIC_REPRESENTATION_CONTEXT(2) 
PARAMETRIC_REPRESENTATION_CONTEXT() REPRESENTATION_CONTEXT('2D SPACE',''
  ) );
#5325 = PCURVE('',#5326,#5331);
#5326 = PLANE('',#5327);
#5327 = AXIS2_PLACEMENT_3D('',#5328,#5329,#5330);
#5328 = CARTESIAN_POINT('',(0.,0.,112.));
#5329 = DIRECTION('',(0.,0.,1.));
#5330 = DIRECTION('',(1.,0.,-0.));
#5331 = DEFINITIONAL_REPRESENTATION('',(#5332),#5336);
#5332 = CIRCLE('',#5333,55.);
#5333 = AXIS2_PLACEMENT_2D('',#5334,#5335);
#5334 = CARTESIAN_POINT('',(0.,0.));
#5335 = DIRECTION('',(1.,0.));
#5336 = ( GEOMETRIC_REPRESENTATION_CONTEXT(2) 
PARAMETRIC_REPRESENTATION_CONTEXT() REPRESENTATION_CONTEXT('2D SPACE',''
  ) );
#5337 = ORIENTED_EDGE('',*,*,#5338,.F.);
#5338 = EDGE_CURVE('',#5339,#5305,#5341,.T.);
#5339 = VERTEX_POINT('',#5340);
#5340 = CARTESIAN_POINT('',(55.,-1.347111479062E-14,20.));
#5341 = SEAM_CURVE('',#5342,(#5346,#5353),.PCURVE_S1.);
#5342 = LINE('',#5343,#5344);
#5343 = CARTESIAN_POINT('',(55.,-1.347111479062E-14,20.));
#5344 = VECTOR('',#5345,1.);
#5345 = DIRECTION('',(0.,0.,1.));
#5346 = PCURVE('',#5314,#5347);
#5347 = DEFINITIONAL_REPRESENTATION('',(#5348),#5352);
#5348 = LINE('',#5349,#5350);
#5349 = CARTESIAN_POINT('',(6.28318530718,-0.));
#5350 = VECTOR('',#5351,1.);
#5351 = DIRECTION('',(0.,1.));
#5352 = ( GEOMETRIC_REPRESENTATION_CONTEXT(2) 
PARAMETRIC_REPRESENTATION_CONTEXT() REPRESENTATION_CONTEXT('2D SPACE',''
  ) );
#5353 = PCURVE('',#5314,#5354);
#5354 = DEFINITIONAL_REPRESENTATION('',(#5355),#5359);
#5355 = LINE('',#5356,#5357);
#5356 = CARTESIAN_POINT('',(0.,-0.));
#5357 = VECTOR('',#5358,1.);
#5358 = DIRECTION('',(0.,1.));
#5359 = ( GEOMETRIC_REPRESENTATION_CONTEXT(2) 
PARAMETRIC_REPRESENTATION_CONTEXT() REPRESENTATION_CONTEXT('2D SPACE',''
  ) );
#5360 = ORIENTED_EDGE('',*,*,#5361,.T.);
#5361 = EDGE_CURVE('',#5339,#5339,#5362,.T.);
#5362 = SURFACE_CURVE('',#5363,(#5368,#5375),.PCURVE_S1.);
#5363 = CIRCLE('',#5364,55.);
#5364 = AXIS2_PLACEMENT_3D('',#5365,#5366,#5367);
#5365 = CARTESIAN_POINT('',(0.,0.,20.));
#5366 = DIRECTION('',(0.,0.,1.));
#5367 = DIRECTION('',(1.,0.,-0.));
#5368 = PCURVE('',#5314,#5369);
#5369 = DEFINITIONAL_REPRESENTATION('',(#5370),#5374);
#5370 = LINE('',#5371,#5372);
#5371 = CARTESIAN_POINT('',(0.,0.));
#5372 = VECTOR('',#5373,1.);
#5373 = DIRECTION('',(1.,0.));
#5374 = ( GEOMETRIC_REPRESENTATION_CONTEXT(2) 
PARAMETRIC_REPRESENTATION_CONTEXT() REPRESENTATION_CONTEXT('2D SPACE',''
  ) );
#5375 = PCURVE('',#5376,#5381);
#5376 = PLANE('',#5377);
#5377 = AXIS2_PLACEMENT_3D('',#5378,#5379,#5380);
#5378 = CARTESIAN_POINT('',(0.,0.,20.));
#5379 = DIRECTION('',(0.,0.,1.));
#5380 = DIRECTION('',(1.,0.,-0.));
#5381 = DEFINITIONAL_REPRESENTATION('',(#5382),#5386);
#5382 = CIRCLE('',#5383,55.);
#5383 = AXIS2_PLACEMENT_2D('',#5384,#5385);
#5384 = CARTESIAN_POINT('',(0.,0.));
#5385 = DIRECTION('',(1.,0.));
#5386 = ( GEOMETRIC_REPRESENTATION_CONTEXT(2) 
PARAMETRIC_REPRESENTATION_CONTEXT() REPRESENTATION_CONTEXT('2D SPACE',''
  ) );
#5387 = ORIENTED_EDGE('',*,*,#5338,.T.);
#5388 = ADVANCED_FACE('',(#5389,#5392),#5326,.T.);
#5389 = FACE_BOUND('',#5390,.T.);
#5390 = EDGE_LOOP('',(#5391));
#5391 = ORIENTED_EDGE('',*,*,#5304,.T.);
#5392 = FACE_BOUND('',#5393,.T.);
#5393 = EDGE_LOOP('',(#5394));
#5394 = ORIENTED_EDGE('',*,*,#5395,.F.);
#5395 = EDGE_CURVE('',#5396,#5396,#5398,.T.);
#5396 = VERTEX_POINT('',#5397);
#5397 = CARTESIAN_POINT('',(50.,-1.224646799147E-14,112.));
#5398 = SURFACE_CURVE('',#5399,(#5404,#5411),.PCURVE_S1.);
#5399 = CIRCLE('',#5400,50.);
#5400 = AXIS2_PLACEMENT_3D('',#5401,#5402,#5403);
#5401 = CARTESIAN_POINT('',(0.,0.,112.));
#5402 = DIRECTION('',(0.,0.,1.));
#5403 = DIRECTION('',(1.,0.,-0.));
#5404 = PCURVE('',#5326,#5405);
#5405 = DEFINITIONAL_REPRESENTATION('',(#5406),#5410);
#5406 = CIRCLE('',#5407,50.);
#5407 = AXIS2_PLACEMENT_2D('',#5408,#5409);
#5408 = CARTESIAN_POINT('',(0.,0.));
#5409 = DIRECTION('',(1.,0.));
#5410 = ( GEOMETRIC_REPRESENTATION_CONTEXT(2) 
PARAMETRIC_REPRESENTATION_CONTEXT() REPRESENTATION_CONTEXT('2D SPACE',''
  ) );
#5411 = PCURVE('',#5412,#5417);
#5412 = CYLINDRICAL_SURFACE('',#5413,50.);
#5413 = AXIS2_PLACEMENT_3D('',#5414,#5415,#5416);
#5414 = CARTESIAN_POINT('',(0.,0.,20.));
#5415 = DIRECTION('',(0.,0.,1.));
#5416 = DIRECTION('',(1.,0.,-0.));
#5417 = DEFINITIONAL_REPRESENTATION('',(#5418),#5422);
#5418 = LINE('',#5419,#5420);
#5419 = CARTESIAN_POINT('',(0.,92.));
#5420 = VECTOR('',#5421,1.);
#5421 = DIRECTION('',(1.,0.));
#5422 = ( GEOMETRIC_REPRESENTATION_CONTEXT(2) 
PARAMETRIC_REPRESENTATION_CONTEXT() REPRESENTATION_CONTEXT('2D SPACE',''
  ) );
#5423 = ADVANCED_FACE('',(#5424,#5427),#5376,.F.);
#5424 = FACE_BOUND('',#5425,.F.);
#5425 = EDGE_LOOP('',(#5426));
#5426 = ORIENTED_EDGE('',*,*,#5361,.T.);
#5427 = FACE_BOUND('',#5428,.F.);
#5428 = EDGE_LOOP('',(#5429));
#5429 = ORIENTED_EDGE('',*,*,#5430,.F.);
#5430 = EDGE_CURVE('',#5431,#5431,#5433,.T.);
#5431 = VERTEX_POINT('',#5432);
#5432 = CARTESIAN_POINT('',(50.,-1.224646799147E-14,20.));
#5433 = SURFACE_CURVE('',#5434,(#5439,#5446),.PCURVE_S1.);
#5434 = CIRCLE('',#5435,50.);
#5435 = AXIS2_PLACEMENT_3D('',#5436,#5437,#5438);
#5436 = CARTESIAN_POINT('',(0.,0.,20.));
#5437 = DIRECTION('',(0.,0.,1.));
#5438 = DIRECTION('',(1.,0.,-0.));
#5439 = PCURVE('',#5376,#5440);
#5440 = DEFINITIONAL_REPRESENTATION('',(#5441),#5445);
#5441 = CIRCLE('',#5442,50.);
#5442 = AXIS2_PLACEMENT_2D('',#5443,#5444);
#5443 = CARTESIAN_POINT('',(0.,0.));
#5444 = DIRECTION('',(1.,0.));
#5445 = ( GEOMETRIC_REPRESENTATION_CONTEXT(2) 
PARAMETRIC_REPRESENTATION_CONTEXT() REPRESENTATION_CONTEXT('2D SPACE',''
  ) );
#5446 = PCURVE('',#5412,#5447);
#5447 = DEFINITIONAL_REPRESENTATION('',(#5448),#5452);
#5448 = LINE('',#5449,#5450);
#5449 = CARTESIAN_POINT('',(0.,0.));
#5450 = VECTOR('',#5451,1.);
#5451 = DIRECTION('',(1.,0.));
#5452 = ( GEOMETRIC_REPRESENTATION_CONTEXT(2) 
PARAMETRIC_REPRESENTATION_CONTEXT() REPRESENTATION_CONTEXT('2D SPACE',''
  ) );
#5453 = ADVANCED_FACE('',(#5454),#5412,.F.);
#5454 = FACE_BOUND('',#5455,.F.);
#5455 = EDGE_LOOP('',(#5456,#5457,#5478,#5479));
#5456 = ORIENTED_EDGE('',*,*,#5395,.F.);
#5457 = ORIENTED_EDGE('',*,*,#5458,.F.);
#5458 = EDGE_CURVE('',#5431,#5396,#5459,.T.);
#5459 = SEAM_CURVE('',#5460,(#5464,#5471),.PCURVE_S1.);
#5460 = LINE('',#5461,#5462);
#5461 = CARTESIAN_POINT('',(50.,-1.224646799147E-14,20.));
#5462 = VECTOR('',#5463,1.);
#5463 = DIRECTION('',(0.,0.,1.));
#5464 = PCURVE('',#5412,#5465);
#5465 = DEFINITIONAL_REPRESENTATION('',(#5466),#5470);
#5466 = LINE('',#5467,#5468);
#5467 = CARTESIAN_POINT('',(6.28318530718,-0.));
#5468 = VECTOR('',#5469,1.);
#5469 = DIRECTION('',(0.,1.));
#5470 = ( GEOMETRIC_REPRESENTATION_CONTEXT(2) 
PARAMETRIC_REPRESENTATION_CONTEXT() REPRESENTATION_CONTEXT('2D SPACE',''
  ) );
#5471 = PCURVE('',#5412,#5472);
#5472 = DEFINITIONAL_REPRESENTATION('',(#5473),#5477);
#5473 = LINE('',#5474,#5475);
#5474 = CARTESIAN_POINT('',(0.,-0.));
#5475 = VECTOR('',#5476,1.);
#5476 = DIRECTION('',(0.,1.));
#5477 = ( GEOMETRIC_REPRESENTATION_CONTEXT(2) 
PARAMETRIC_REPRESENTATION_CONTEXT() REPRESENTATION_CONTEXT('2D SPACE',''
  ) );
#5478 = ORIENTED_EDGE('',*,*,#5430,.T.);
#5479 = ORIENTED_EDGE('',*,*,#5458,.T.);
#5480 = ( GEOMETRIC_REPRESENTATION_CONTEXT(3) 
GLOBAL_UNCERTAINTY_ASSIGNED_CONTEXT((#5484)) 
GLOBAL_UNIT_ASSIGNED_CONTEXT((#5481,#5482,#5483)) REPRESENTATION_CONTEXT
('Context #1','3D Context with UNIT and UNCERTAINTY') );
#5481 = ( LENGTH_UNIT() NAMED_UNIT(*) SI_UNIT(.MILLI.,.METRE.) );
#5482 = ( NAMED_UNIT(*) PLANE_ANGLE_UNIT() SI_UNIT($,.RADIAN.) );
#5483 = ( NAMED_UNIT(*) SI_UNIT($,.STERADIAN.) SOLID_ANGLE_UNIT() );
#5484 = UNCERTAINTY_MEASURE_WITH_UNIT(LENGTH_MEASURE(1.E-07),#5481,
  'distance_accuracy_value','confusion accuracy');
#5485 = CONTEXT_DEPENDENT_SHAPE_REPRESENTATION(#5486,#5488);
#5486 = ( REPRESENTATION_RELATIONSHIP('','',#5115,#10) 
REPRESENTATION_RELATIONSHIP_WITH_TRANSFORMATION(#5487) 
SHAPE_REPRESENTATION_RELATIONSHIP() );
#5487 = ITEM_DEFINED_TRANSFORMATION('','',#11,#35);
#5488 = PRODUCT_DEFINITION_SHAPE('Placement','Placement of an item',
  #5489);
#5489 = NEXT_ASSEMBLY_USAGE_OCCURRENCE('6','Discharge_Channel','',#5,
  #5110,$);
#5490 = PRODUCT_RELATED_PRODUCT_CATEGORY('part',$,(#5112));
#5491 = SHAPE_DEFINITION_REPRESENTATION(#5492,#5498);
#5492 = PRODUCT_DEFINITION_SHAPE('','',#5493);
#5493 = PRODUCT_DEFINITION('design','',#5494,#5497);
#5494 = PRODUCT_DEFINITION_FORMATION('','',#5495);
#5495 = PRODUCT('Anode_Gas_Distributor','Anode_Gas_Distributor','',(
    #5496));
#5496 = PRODUCT_CONTEXT('',#2,'mechanical');
#5497 = PRODUCT_DEFINITION_CONTEXT('part definition',#2,'design');
#5498 = ADVANCED_BREP_SHAPE_REPRESENTATION('',(#11,#5499),#8045);
#5499 = MANIFOLD_SOLID_BREP('',#5500);
#5500 = CLOSED_SHELL('',(#5501,#5589,#6368,#6460,#6515,#6565,#6615,#6665
    ,#6715,#6765,#6815,#6865,#6915,#6965,#7015,#7065,#7115,#7165,#7215,
    #7265,#7315,#7342,#7392,#7442,#7492,#7542,#7592,#7642,#7692,#7747,
    #7797,#7932,#7991,#8018));
#5501 = ADVANCED_FACE('',(#5502),#5515,.T.);
#5502 = FACE_BOUND('',#5503,.T.);
#5503 = EDGE_LOOP('',(#5504,#5538,#5561,#5588));
#5504 = ORIENTED_EDGE('',*,*,#5505,.F.);
#5505 = EDGE_CURVE('',#5506,#5506,#5508,.T.);
#5506 = VERTEX_POINT('',#5507);
#5507 = CARTESIAN_POINT('',(49.,-1.200153863164E-14,48.));
#5508 = SURFACE_CURVE('',#5509,(#5514,#5526),.PCURVE_S1.);
#5509 = CIRCLE('',#5510,49.);
#5510 = AXIS2_PLACEMENT_3D('',#5511,#5512,#5513);
#5511 = CARTESIAN_POINT('',(0.,0.,48.));
#5512 = DIRECTION('',(0.,0.,1.));
#5513 = DIRECTION('',(1.,0.,-0.));
#5514 = PCURVE('',#5515,#5520);
#5515 = CYLINDRICAL_SURFACE('',#5516,49.);
#5516 = AXIS2_PLACEMENT_3D('',#5517,#5518,#5519);
#5517 = CARTESIAN_POINT('',(0.,0.,26.));
#5518 = DIRECTION('',(0.,0.,1.));
#5519 = DIRECTION('',(1.,0.,-0.));
#5520 = DEFINITIONAL_REPRESENTATION('',(#5521),#5525);
#5521 = LINE('',#5522,#5523);
#5522 = CARTESIAN_POINT('',(0.,22.));
#5523 = VECTOR('',#5524,1.);
#5524 = DIRECTION('',(1.,0.));
#5525 = ( GEOMETRIC_REPRESENTATION_CONTEXT(2) 
PARAMETRIC_REPRESENTATION_CONTEXT() REPRESENTATION_CONTEXT('2D SPACE',''
  ) );
#5526 = PCURVE('',#5527,#5532);
#5527 = PLANE('',#5528);
#5528 = AXIS2_PLACEMENT_3D('',#5529,#5530,#5531);
#5529 = CARTESIAN_POINT('',(0.,0.,48.));
#5530 = DIRECTION('',(0.,0.,1.));
#5531 = DIRECTION('',(1.,0.,-0.));
#5532 = DEFINITIONAL_REPRESENTATION('',(#5533),#5537);
#5533 = CIRCLE('',#5534,49.);
#5534 = AXIS2_PLACEMENT_2D('',#5535,#5536);
#5535 = CARTESIAN_POINT('',(0.,0.));
#5536 = DIRECTION('',(1.,0.));
#5537 = ( GEOMETRIC_REPRESENTATION_CONTEXT(2) 
PARAMETRIC_REPRESENTATION_CONTEXT() REPRESENTATION_CONTEXT('2D SPACE',''
  ) );
#5538 = ORIENTED_EDGE('',*,*,#5539,.F.);
#5539 = EDGE_CURVE('',#5540,#5506,#5542,.T.);
#5540 = VERTEX_POINT('',#5541);
#5541 = CARTESIAN_POINT('',(49.,-1.200153863164E-14,26.));
#5542 = SEAM_CURVE('',#5543,(#5547,#5554),.PCURVE_S1.);
#5543 = LINE('',#5544,#5545);
#5544 = CARTESIAN_POINT('',(49.,-1.200153863164E-14,26.));
#5545 = VECTOR('',#5546,1.);
#5546 = DIRECTION('',(0.,0.,1.));
#5547 = PCURVE('',#5515,#5548);
#5548 = DEFINITIONAL_REPRESENTATION('',(#5549),#5553);
#5549 = LINE('',#5550,#5551);
#5550 = CARTESIAN_POINT('',(6.28318530718,-0.));
#5551 = VECTOR('',#5552,1.);
#5552 = DIRECTION('',(0.,1.));
#5553 = ( GEOMETRIC_REPRESENTATION_CONTEXT(2) 
PARAMETRIC_REPRESENTATION_CONTEXT() REPRESENTATION_CONTEXT('2D SPACE',''
  ) );
#5554 = PCURVE('',#5515,#5555);
#5555 = DEFINITIONAL_REPRESENTATION('',(#5556),#5560);
#5556 = LINE('',#5557,#5558);
#5557 = CARTESIAN_POINT('',(0.,-0.));
#5558 = VECTOR('',#5559,1.);
#5559 = DIRECTION('',(0.,1.));
#5560 = ( GEOMETRIC_REPRESENTATION_CONTEXT(2) 
PARAMETRIC_REPRESENTATION_CONTEXT() REPRESENTATION_CONTEXT('2D SPACE',''
  ) );
#5561 = ORIENTED_EDGE('',*,*,#5562,.T.);
#5562 = EDGE_CURVE('',#5540,#5540,#5563,.T.);
#5563 = SURFACE_CURVE('',#5564,(#5569,#5576),.PCURVE_S1.);
#5564 = CIRCLE('',#5565,49.);
#5565 = AXIS2_PLACEMENT_3D('',#5566,#5567,#5568);
#5566 = CARTESIAN_POINT('',(0.,0.,26.));
#5567 = DIRECTION('',(0.,0.,1.));
#5568 = DIRECTION('',(1.,0.,-0.));
#5569 = PCURVE('',#5515,#5570);
#5570 = DEFINITIONAL_REPRESENTATION('',(#5571),#5575);
#5571 = LINE('',#5572,#5573);
#5572 = CARTESIAN_POINT('',(0.,0.));
#5573 = VECTOR('',#5574,1.);
#5574 = DIRECTION('',(1.,0.));
#5575 = ( GEOMETRIC_REPRESENTATION_CONTEXT(2) 
PARAMETRIC_REPRESENTATION_CONTEXT() REPRESENTATION_CONTEXT('2D SPACE',''
  ) );
#5576 = PCURVE('',#5577,#5582);
#5577 = PLANE('',#5578);
#5578 = AXIS2_PLACEMENT_3D('',#5579,#5580,#5581);
#5579 = CARTESIAN_POINT('',(0.,0.,26.));
#5580 = DIRECTION('',(0.,0.,1.));
#5581 = DIRECTION('',(1.,0.,-0.));
#5582 = DEFINITIONAL_REPRESENTATION('',(#5583),#5587);
#5583 = CIRCLE('',#5584,49.);
#5584 = AXIS2_PLACEMENT_2D('',#5585,#5586);
#5585 = CARTESIAN_POINT('',(0.,0.));
#5586 = DIRECTION('',(1.,0.));
#5587 = ( GEOMETRIC_REPRESENTATION_CONTEXT(2) 
PARAMETRIC_REPRESENTATION_CONTEXT() REPRESENTATION_CONTEXT('2D SPACE',''
  ) );
#5588 = ORIENTED_EDGE('',*,*,#5539,.T.);
#5589 = ADVANCED_FACE('',(#5590,#5593,#5624,#5655,#5686,#5717,#5748,
    #5779,#5810,#5841,#5872,#5903,#5934,#5965,#5996,#6027,#6058,#6089,
    #6120,#6151,#6182,#6213,#6244,#6275,#6306,#6337),#5527,.T.);
#5590 = FACE_BOUND('',#5591,.T.);
#5591 = EDGE_LOOP('',(#5592));
#5592 = ORIENTED_EDGE('',*,*,#5505,.T.);
#5593 = FACE_BOUND('',#5594,.T.);
#5594 = EDGE_LOOP('',(#5595));
#5595 = ORIENTED_EDGE('',*,*,#5596,.F.);
#5596 = EDGE_CURVE('',#5597,#5597,#5599,.T.);
#5597 = VERTEX_POINT('',#5598);
#5598 = CARTESIAN_POINT('',(-31.1126983722,-31.1126983722,48.));
#5599 = SURFACE_CURVE('',#5600,(#5605,#5612),.PCURVE_S1.);
#5600 = CIRCLE('',#5601,1.5);
#5601 = AXIS2_PLACEMENT_3D('',#5602,#5603,#5604);
#5602 = CARTESIAN_POINT('',(-30.05203820042,-30.05203820042,48.));
#5603 = DIRECTION('',(0.,0.,1.));
#5604 = DIRECTION('',(-0.707106781187,-0.707106781187,0.));
#5605 = PCURVE('',#5527,#5606);
#5606 = DEFINITIONAL_REPRESENTATION('',(#5607),#5611);
#5607 = CIRCLE('',#5608,1.5);
#5608 = AXIS2_PLACEMENT_2D('',#5609,#5610);
#5609 = CARTESIAN_POINT('',(-30.05203820042,-30.05203820042));
#5610 = DIRECTION('',(-0.707106781187,-0.707106781187));
#5611 = ( GEOMETRIC_REPRESENTATION_CONTEXT(2) 
PARAMETRIC_REPRESENTATION_CONTEXT() REPRESENTATION_CONTEXT('2D SPACE',''
  ) );
#5612 = PCURVE('',#5613,#5618);
#5613 = CYLINDRICAL_SURFACE('',#5614,1.5);
#5614 = AXIS2_PLACEMENT_3D('',#5615,#5616,#5617);
#5615 = CARTESIAN_POINT('',(-30.05203820042,-30.05203820042,44.));
#5616 = DIRECTION('',(0.,0.,1.));
#5617 = DIRECTION('',(-0.707106781187,-0.707106781187,0.));
#5618 = DEFINITIONAL_REPRESENTATION('',(#5619),#5623);
#5619 = LINE('',#5620,#5621);
#5620 = CARTESIAN_POINT('',(0.,4.));
#5621 = VECTOR('',#5622,1.);
#5622 = DIRECTION('',(1.,0.));
#5623 = ( GEOMETRIC_REPRESENTATION_CONTEXT(2) 
PARAMETRIC_REPRESENTATION_CONTEXT() REPRESENTATION_CONTEXT('2D SPACE',''
  ) );
#5624 = FACE_BOUND('',#5625,.T.);
#5625 = EDGE_LOOP('',(#5626));
#5626 = ORIENTED_EDGE('',*,*,#5627,.F.);
#5627 = EDGE_CURVE('',#5628,#5628,#5630,.T.);
#5628 = VERTEX_POINT('',#5629);
#5629 = CARTESIAN_POINT('',(-22.,-38.10511776651,48.));
#5630 = SURFACE_CURVE('',#5631,(#5636,#5643),.PCURVE_S1.);
#5631 = CIRCLE('',#5632,1.5);
#5632 = AXIS2_PLACEMENT_3D('',#5633,#5634,#5635);
#5633 = CARTESIAN_POINT('',(-21.25,-36.80607966083,48.));
#5634 = DIRECTION('',(0.,0.,1.));
#5635 = DIRECTION('',(-0.5,-0.866025403784,0.));
#5636 = PCURVE('',#5527,#5637);
#5637 = DEFINITIONAL_REPRESENTATION('',(#5638),#5642);
#5638 = CIRCLE('',#5639,1.5);
#5639 = AXIS2_PLACEMENT_2D('',#5640,#5641);
#5640 = CARTESIAN_POINT('',(-21.25,-36.80607966083));
#5641 = DIRECTION('',(-0.5,-0.866025403784));
#5642 = ( GEOMETRIC_REPRESENTATION_CONTEXT(2) 
PARAMETRIC_REPRESENTATION_CONTEXT() REPRESENTATION_CONTEXT('2D SPACE',''
  ) );
#5643 = PCURVE('',#5644,#5649);
#5644 = CYLINDRICAL_SURFACE('',#5645,1.5);
#5645 = AXIS2_PLACEMENT_3D('',#5646,#5647,#5648);
#5646 = CARTESIAN_POINT('',(-21.25,-36.80607966083,44.));
#5647 = DIRECTION('',(0.,0.,1.));
#5648 = DIRECTION('',(-0.5,-0.866025403784,0.));
#5649 = DEFINITIONAL_REPRESENTATION('',(#5650),#5654);
#5650 = LINE('',#5651,#5652);
#5651 = CARTESIAN_POINT('',(0.,4.));
#5652 = VECTOR('',#5653,1.);
#5653 = DIRECTION('',(1.,0.));
#5654 = ( GEOMETRIC_REPRESENTATION_CONTEXT(2) 
PARAMETRIC_REPRESENTATION_CONTEXT() REPRESENTATION_CONTEXT('2D SPACE',''
  ) );
#5655 = FACE_BOUND('',#5656,.T.);
#5656 = EDGE_LOOP('',(#5657));
#5657 = ORIENTED_EDGE('',*,*,#5658,.F.);
#5658 = EDGE_CURVE('',#5659,#5659,#5661,.T.);
#5659 = VERTEX_POINT('',#5660);
#5660 = CARTESIAN_POINT('',(-11.38803798451,-42.50073635671,48.));
#5661 = SURFACE_CURVE('',#5662,(#5667,#5674),.PCURVE_S1.);
#5662 = CIRCLE('',#5663,1.5);
#5663 = AXIS2_PLACEMENT_3D('',#5664,#5665,#5666);
#5664 = CARTESIAN_POINT('',(-10.99980941685,-41.05184761728,48.));
#5665 = DIRECTION('',(0.,0.,1.));
#5666 = DIRECTION('',(-0.258819045103,-0.965925826289,0.));
#5667 = PCURVE('',#5527,#5668);
#5668 = DEFINITIONAL_REPRESENTATION('',(#5669),#5673);
#5669 = CIRCLE('',#5670,1.5);
#5670 = AXIS2_PLACEMENT_2D('',#5671,#5672);
#5671 = CARTESIAN_POINT('',(-10.99980941685,-41.05184761728));
#5672 = DIRECTION('',(-0.258819045103,-0.965925826289));
#5673 = ( GEOMETRIC_REPRESENTATION_CONTEXT(2) 
PARAMETRIC_REPRESENTATION_CONTEXT() REPRESENTATION_CONTEXT('2D SPACE',''
  ) );
#5674 = PCURVE('',#5675,#5680);
#5675 = CYLINDRICAL_SURFACE('',#5676,1.5);
#5676 = AXIS2_PLACEMENT_3D('',#5677,#5678,#5679);
#5677 = CARTESIAN_POINT('',(-10.99980941685,-41.05184761728,44.));
#5678 = DIRECTION('',(0.,0.,1.));
#5679 = DIRECTION('',(-0.258819045103,-0.965925826289,0.));
#5680 = DEFINITIONAL_REPRESENTATION('',(#5681),#5685);
#5681 = LINE('',#5682,#5683);
#5682 = CARTESIAN_POINT('',(0.,4.));
#5683 = VECTOR('',#5684,1.);
#5684 = DIRECTION('',(1.,0.));
#5685 = ( GEOMETRIC_REPRESENTATION_CONTEXT(2) 
PARAMETRIC_REPRESENTATION_CONTEXT() REPRESENTATION_CONTEXT('2D SPACE',''
  ) );
#5686 = FACE_BOUND('',#5687,.T.);
#5687 = EDGE_LOOP('',(#5688));
#5688 = ORIENTED_EDGE('',*,*,#5689,.F.);
#5689 = EDGE_CURVE('',#5690,#5690,#5692,.T.);
#5690 = VERTEX_POINT('',#5691);
#5691 = CARTESIAN_POINT('',(-1.013735665645E-14,-44.,48.));
#5692 = SURFACE_CURVE('',#5693,(#5698,#5705),.PCURVE_S1.);
#5693 = CIRCLE('',#5694,1.5);
#5694 = AXIS2_PLACEMENT_3D('',#5695,#5696,#5697);
#5695 = CARTESIAN_POINT('',(-9.436895709314E-15,-42.5,48.));
#5696 = DIRECTION('',(0.,0.,1.));
#5697 = DIRECTION('',(-2.22044604925E-16,-1.,0.));
#5698 = PCURVE('',#5527,#5699);
#5699 = DEFINITIONAL_REPRESENTATION('',(#5700),#5704);
#5700 = CIRCLE('',#5701,1.5);
#5701 = AXIS2_PLACEMENT_2D('',#5702,#5703);
#5702 = CARTESIAN_POINT('',(-9.436895709314E-15,-42.5));
#5703 = DIRECTION('',(-2.22044604925E-16,-1.));
#5704 = ( GEOMETRIC_REPRESENTATION_CONTEXT(2) 
PARAMETRIC_REPRESENTATION_CONTEXT() REPRESENTATION_CONTEXT('2D SPACE',''
  ) );
#5705 = PCURVE('',#5706,#5711);
#5706 = CYLINDRICAL_SURFACE('',#5707,1.5);
#5707 = AXIS2_PLACEMENT_3D('',#5708,#5709,#5710);
#5708 = CARTESIAN_POINT('',(-9.436895709314E-15,-42.5,44.));
#5709 = DIRECTION('',(0.,0.,1.));
#5710 = DIRECTION('',(-2.22044604925E-16,-1.,0.));
#5711 = DEFINITIONAL_REPRESENTATION('',(#5712),#5716);
#5712 = LINE('',#5713,#5714);
#5713 = CARTESIAN_POINT('',(0.,4.));
#5714 = VECTOR('',#5715,1.);
#5715 = DIRECTION('',(1.,0.));
#5716 = ( GEOMETRIC_REPRESENTATION_CONTEXT(2) 
PARAMETRIC_REPRESENTATION_CONTEXT() REPRESENTATION_CONTEXT('2D SPACE',''
  ) );
#5717 = FACE_BOUND('',#5718,.T.);
#5718 = EDGE_LOOP('',(#5719));
#5719 = ORIENTED_EDGE('',*,*,#5720,.F.);
#5720 = EDGE_CURVE('',#5721,#5721,#5723,.T.);
#5721 = VERTEX_POINT('',#5722);
#5722 = CARTESIAN_POINT('',(-38.10511776651,-22.,48.));
#5723 = SURFACE_CURVE('',#5724,(#5729,#5736),.PCURVE_S1.);
#5724 = CIRCLE('',#5725,1.5);
#5725 = AXIS2_PLACEMENT_3D('',#5726,#5727,#5728);
#5726 = CARTESIAN_POINT('',(-36.80607966083,-21.25,48.));
#5727 = DIRECTION('',(0.,0.,1.));
#5728 = DIRECTION('',(-0.866025403784,-0.5,0.));
#5729 = PCURVE('',#5527,#5730);
#5730 = DEFINITIONAL_REPRESENTATION('',(#5731),#5735);
#5731 = CIRCLE('',#5732,1.5);
#5732 = AXIS2_PLACEMENT_2D('',#5733,#5734);
#5733 = CARTESIAN_POINT('',(-36.80607966083,-21.25));
#5734 = DIRECTION('',(-0.866025403784,-0.5));
#5735 = ( GEOMETRIC_REPRESENTATION_CONTEXT(2) 
PARAMETRIC_REPRESENTATION_CONTEXT() REPRESENTATION_CONTEXT('2D SPACE',''
  ) );
#5736 = PCURVE('',#5737,#5742);
#5737 = CYLINDRICAL_SURFACE('',#5738,1.5);
#5738 = AXIS2_PLACEMENT_3D('',#5739,#5740,#5741);
#5739 = CARTESIAN_POINT('',(-36.80607966083,-21.25,44.));
#5740 = DIRECTION('',(0.,0.,1.));
#5741 = DIRECTION('',(-0.866025403784,-0.5,0.));
#5742 = DEFINITIONAL_REPRESENTATION('',(#5743),#5747);
#5743 = LINE('',#5744,#5745);
#5744 = CARTESIAN_POINT('',(0.,4.));
#5745 = VECTOR('',#5746,1.);
#5746 = DIRECTION('',(1.,0.));
#5747 = ( GEOMETRIC_REPRESENTATION_CONTEXT(2) 
PARAMETRIC_REPRESENTATION_CONTEXT() REPRESENTATION_CONTEXT('2D SPACE',''
  ) );
#5748 = FACE_BOUND('',#5749,.T.);
#5749 = EDGE_LOOP('',(#5750));
#5750 = ORIENTED_EDGE('',*,*,#5751,.F.);
#5751 = EDGE_CURVE('',#5752,#5752,#5754,.T.);
#5752 = VERTEX_POINT('',#5753);
#5753 = CARTESIAN_POINT('',(-42.50073635671,-11.38803798451,48.));
#5754 = SURFACE_CURVE('',#5755,(#5760,#5767),.PCURVE_S1.);
#5755 = CIRCLE('',#5756,1.5);
#5756 = AXIS2_PLACEMENT_3D('',#5757,#5758,#5759);
#5757 = CARTESIAN_POINT('',(-41.05184761728,-10.99980941685,48.));
#5758 = DIRECTION('',(0.,0.,1.));
#5759 = DIRECTION('',(-0.965925826289,-0.258819045103,0.));
#5760 = PCURVE('',#5527,#5761);
#5761 = DEFINITIONAL_REPRESENTATION('',(#5762),#5766);
#5762 = CIRCLE('',#5763,1.5);
#5763 = AXIS2_PLACEMENT_2D('',#5764,#5765);
#5764 = CARTESIAN_POINT('',(-41.05184761728,-10.99980941685));
#5765 = DIRECTION('',(-0.965925826289,-0.258819045103));
#5766 = ( GEOMETRIC_REPRESENTATION_CONTEXT(2) 
PARAMETRIC_REPRESENTATION_CONTEXT() REPRESENTATION_CONTEXT('2D SPACE',''
  ) );
#5767 = PCURVE('',#5768,#5773);
#5768 = CYLINDRICAL_SURFACE('',#5769,1.5);
#5769 = AXIS2_PLACEMENT_3D('',#5770,#5771,#5772);
#5770 = CARTESIAN_POINT('',(-41.05184761728,-10.99980941685,44.));
#5771 = DIRECTION('',(0.,0.,1.));
#5772 = DIRECTION('',(-0.965925826289,-0.258819045103,0.));
#5773 = DEFINITIONAL_REPRESENTATION('',(#5774),#5778);
#5774 = LINE('',#5775,#5776);
#5775 = CARTESIAN_POINT('',(0.,4.));
#5776 = VECTOR('',#5777,1.);
#5777 = DIRECTION('',(1.,0.));
#5778 = ( GEOMETRIC_REPRESENTATION_CONTEXT(2) 
PARAMETRIC_REPRESENTATION_CONTEXT() REPRESENTATION_CONTEXT('2D SPACE',''
  ) );
#5779 = FACE_BOUND('',#5780,.T.);
#5780 = EDGE_LOOP('',(#5781));
#5781 = ORIENTED_EDGE('',*,*,#5782,.F.);
#5782 = EDGE_CURVE('',#5783,#5783,#5785,.T.);
#5783 = VERTEX_POINT('',#5784);
#5784 = CARTESIAN_POINT('',(11.388037984511,-42.50073635671,48.));
#5785 = SURFACE_CURVE('',#5786,(#5791,#5798),.PCURVE_S1.);
#5786 = CIRCLE('',#5787,1.5);
#5787 = AXIS2_PLACEMENT_3D('',#5788,#5789,#5790);
#5788 = CARTESIAN_POINT('',(10.999809416857,-41.05184761728,48.));
#5789 = DIRECTION('',(0.,0.,1.));
#5790 = DIRECTION('',(0.258819045103,-0.965925826289,0.));
#5791 = PCURVE('',#5527,#5792);
#5792 = DEFINITIONAL_REPRESENTATION('',(#5793),#5797);
#5793 = CIRCLE('',#5794,1.5);
#5794 = AXIS2_PLACEMENT_2D('',#5795,#5796);
#5795 = CARTESIAN_POINT('',(10.999809416857,-41.05184761728));
#5796 = DIRECTION('',(0.258819045103,-0.965925826289));
#5797 = ( GEOMETRIC_REPRESENTATION_CONTEXT(2) 
PARAMETRIC_REPRESENTATION_CONTEXT() REPRESENTATION_CONTEXT('2D SPACE',''
  ) );
#5798 = PCURVE('',#5799,#5804);
#5799 = CYLINDRICAL_SURFACE('',#5800,1.5);
#5800 = AXIS2_PLACEMENT_3D('',#5801,#5802,#5803);
#5801 = CARTESIAN_POINT('',(10.999809416857,-41.05184761728,44.));
#5802 = DIRECTION('',(0.,0.,1.));
#5803 = DIRECTION('',(0.258819045103,-0.965925826289,0.));
#5804 = DEFINITIONAL_REPRESENTATION('',(#5805),#5809);
#5805 = LINE('',#5806,#5807);
#5806 = CARTESIAN_POINT('',(0.,4.));
#5807 = VECTOR('',#5808,1.);
#5808 = DIRECTION('',(1.,0.));
#5809 = ( GEOMETRIC_REPRESENTATION_CONTEXT(2) 
PARAMETRIC_REPRESENTATION_CONTEXT() REPRESENTATION_CONTEXT('2D SPACE',''
  ) );
#5810 = FACE_BOUND('',#5811,.T.);
#5811 = EDGE_LOOP('',(#5812));
#5812 = ORIENTED_EDGE('',*,*,#5813,.F.);
#5813 = EDGE_CURVE('',#5814,#5814,#5816,.T.);
#5814 = VERTEX_POINT('',#5815);
#5815 = CARTESIAN_POINT('',(22.,-38.10511776651,48.));
#5816 = SURFACE_CURVE('',#5817,(#5822,#5829),.PCURVE_S1.);
#5817 = CIRCLE('',#5818,1.5);
#5818 = AXIS2_PLACEMENT_3D('',#5819,#5820,#5821);
#5819 = CARTESIAN_POINT('',(21.25,-36.80607966083,48.));
#5820 = DIRECTION('',(0.,0.,1.));
#5821 = DIRECTION('',(0.5,-0.866025403784,0.));
#5822 = PCURVE('',#5527,#5823);
#5823 = DEFINITIONAL_REPRESENTATION('',(#5824),#5828);
#5824 = CIRCLE('',#5825,1.5);
#5825 = AXIS2_PLACEMENT_2D('',#5826,#5827);
#5826 = CARTESIAN_POINT('',(21.25,-36.80607966083));
#5827 = DIRECTION('',(0.5,-0.866025403784));
#5828 = ( GEOMETRIC_REPRESENTATION_CONTEXT(2) 
PARAMETRIC_REPRESENTATION_CONTEXT() REPRESENTATION_CONTEXT('2D SPACE',''
  ) );
#5829 = PCURVE('',#5830,#5835);
#5830 = CYLINDRICAL_SURFACE('',#5831,1.5);
#5831 = AXIS2_PLACEMENT_3D('',#5832,#5833,#5834);
#5832 = CARTESIAN_POINT('',(21.25,-36.80607966083,44.));
#5833 = DIRECTION('',(0.,0.,1.));
#5834 = DIRECTION('',(0.5,-0.866025403784,0.));
#5835 = DEFINITIONAL_REPRESENTATION('',(#5836),#5840);
#5836 = LINE('',#5837,#5838);
#5837 = CARTESIAN_POINT('',(0.,4.));
#5838 = VECTOR('',#5839,1.);
#5839 = DIRECTION('',(1.,0.));
#5840 = ( GEOMETRIC_REPRESENTATION_CONTEXT(2) 
PARAMETRIC_REPRESENTATION_CONTEXT() REPRESENTATION_CONTEXT('2D SPACE',''
  ) );
#5841 = FACE_BOUND('',#5842,.T.);
#5842 = EDGE_LOOP('',(#5843));
#5843 = ORIENTED_EDGE('',*,*,#5844,.F.);
#5844 = EDGE_CURVE('',#5845,#5845,#5847,.T.);
#5845 = VERTEX_POINT('',#5846);
#5846 = CARTESIAN_POINT('',(31.112698372208,-31.1126983722,48.));
#5847 = SURFACE_CURVE('',#5848,(#5853,#5860),.PCURVE_S1.);
#5848 = CIRCLE('',#5849,1.5);
#5849 = AXIS2_PLACEMENT_3D('',#5850,#5851,#5852);
#5850 = CARTESIAN_POINT('',(30.052038200428,-30.05203820042,48.));
#5851 = DIRECTION('',(0.,0.,1.));
#5852 = DIRECTION('',(0.707106781187,-0.707106781187,0.));
#5853 = PCURVE('',#5527,#5854);
#5854 = DEFINITIONAL_REPRESENTATION('',(#5855),#5859);
#5855 = CIRCLE('',#5856,1.5);
#5856 = AXIS2_PLACEMENT_2D('',#5857,#5858);
#5857 = CARTESIAN_POINT('',(30.052038200428,-30.05203820042));
#5858 = DIRECTION('',(0.707106781187,-0.707106781187));
#5859 = ( GEOMETRIC_REPRESENTATION_CONTEXT(2) 
PARAMETRIC_REPRESENTATION_CONTEXT() REPRESENTATION_CONTEXT('2D SPACE',''
  ) );
#5860 = PCURVE('',#5861,#5866);
#5861 = CYLINDRICAL_SURFACE('',#5862,1.5);
#5862 = AXIS2_PLACEMENT_3D('',#5863,#5864,#5865);
#5863 = CARTESIAN_POINT('',(30.052038200428,-30.05203820042,44.));
#5864 = DIRECTION('',(0.,0.,1.));
#5865 = DIRECTION('',(0.707106781187,-0.707106781187,0.));
#5866 = DEFINITIONAL_REPRESENTATION('',(#5867),#5871);
#5867 = LINE('',#5868,#5869);
#5868 = CARTESIAN_POINT('',(0.,4.));
#5869 = VECTOR('',#5870,1.);
#5870 = DIRECTION('',(1.,0.));
#5871 = ( GEOMETRIC_REPRESENTATION_CONTEXT(2) 
PARAMETRIC_REPRESENTATION_CONTEXT() REPRESENTATION_CONTEXT('2D SPACE',''
  ) );
#5872 = FACE_BOUND('',#5873,.T.);
#5873 = EDGE_LOOP('',(#5874));
#5874 = ORIENTED_EDGE('',*,*,#5875,.F.);
#5875 = EDGE_CURVE('',#5876,#5876,#5878,.T.);
#5876 = VERTEX_POINT('',#5877);
#5877 = CARTESIAN_POINT('',(38.105117766515,-22.,48.));
#5878 = SURFACE_CURVE('',#5879,(#5884,#5891),.PCURVE_S1.);
#5879 = CIRCLE('',#5880,1.5);
#5880 = AXIS2_PLACEMENT_3D('',#5881,#5882,#5883);
#5881 = CARTESIAN_POINT('',(36.806079660839,-21.25,48.));
#5882 = DIRECTION('',(0.,0.,1.));
#5883 = DIRECTION('',(0.866025403784,-0.5,0.));
#5884 = PCURVE('',#5527,#5885);
#5885 = DEFINITIONAL_REPRESENTATION('',(#5886),#5890);
#5886 = CIRCLE('',#5887,1.5);
#5887 = AXIS2_PLACEMENT_2D('',#5888,#5889);
#5888 = CARTESIAN_POINT('',(36.806079660839,-21.25));
#5889 = DIRECTION('',(0.866025403784,-0.5));
#5890 = ( GEOMETRIC_REPRESENTATION_CONTEXT(2) 
PARAMETRIC_REPRESENTATION_CONTEXT() REPRESENTATION_CONTEXT('2D SPACE',''
  ) );
#5891 = PCURVE('',#5892,#5897);
#5892 = CYLINDRICAL_SURFACE('',#5893,1.5);
#5893 = AXIS2_PLACEMENT_3D('',#5894,#5895,#5896);
#5894 = CARTESIAN_POINT('',(36.806079660839,-21.25,44.));
#5895 = DIRECTION('',(0.,0.,1.));
#5896 = DIRECTION('',(0.866025403784,-0.5,0.));
#5897 = DEFINITIONAL_REPRESENTATION('',(#5898),#5902);
#5898 = LINE('',#5899,#5900);
#5899 = CARTESIAN_POINT('',(0.,4.));
#5900 = VECTOR('',#5901,1.);
#5901 = DIRECTION('',(1.,0.));
#5902 = ( GEOMETRIC_REPRESENTATION_CONTEXT(2) 
PARAMETRIC_REPRESENTATION_CONTEXT() REPRESENTATION_CONTEXT('2D SPACE',''
  ) );
#5903 = FACE_BOUND('',#5904,.T.);
#5904 = EDGE_LOOP('',(#5905));
#5905 = ORIENTED_EDGE('',*,*,#5906,.F.);
#5906 = EDGE_CURVE('',#5907,#5907,#5909,.T.);
#5907 = VERTEX_POINT('',#5908);
#5908 = CARTESIAN_POINT('',(42.500736356719,-11.38803798451,48.));
#5909 = SURFACE_CURVE('',#5910,(#5915,#5922),.PCURVE_S1.);
#5910 = CIRCLE('',#5911,1.5);
#5911 = AXIS2_PLACEMENT_3D('',#5912,#5913,#5914);
#5912 = CARTESIAN_POINT('',(41.051847617285,-10.99980941685,48.));
#5913 = DIRECTION('',(0.,0.,1.));
#5914 = DIRECTION('',(0.965925826289,-0.258819045103,0.));
#5915 = PCURVE('',#5527,#5916);
#5916 = DEFINITIONAL_REPRESENTATION('',(#5917),#5921);
#5917 = CIRCLE('',#5918,1.5);
#5918 = AXIS2_PLACEMENT_2D('',#5919,#5920);
#5919 = CARTESIAN_POINT('',(41.051847617285,-10.99980941685));
#5920 = DIRECTION('',(0.965925826289,-0.258819045103));
#5921 = ( GEOMETRIC_REPRESENTATION_CONTEXT(2) 
PARAMETRIC_REPRESENTATION_CONTEXT() REPRESENTATION_CONTEXT('2D SPACE',''
  ) );
#5922 = PCURVE('',#5923,#5928);
#5923 = CYLINDRICAL_SURFACE('',#5924,1.5);
#5924 = AXIS2_PLACEMENT_3D('',#5925,#5926,#5927);
#5925 = CARTESIAN_POINT('',(41.051847617285,-10.99980941685,44.));
#5926 = DIRECTION('',(0.,0.,1.));
#5927 = DIRECTION('',(0.965925826289,-0.258819045103,0.));
#5928 = DEFINITIONAL_REPRESENTATION('',(#5929),#5933);
#5929 = LINE('',#5930,#5931);
#5930 = CARTESIAN_POINT('',(0.,4.));
#5931 = VECTOR('',#5932,1.);
#5932 = DIRECTION('',(1.,0.));
#5933 = ( GEOMETRIC_REPRESENTATION_CONTEXT(2) 
PARAMETRIC_REPRESENTATION_CONTEXT() REPRESENTATION_CONTEXT('2D SPACE',''
  ) );
#5934 = FACE_BOUND('',#5935,.T.);
#5935 = EDGE_LOOP('',(#5936));
#5936 = ORIENTED_EDGE('',*,*,#5937,.F.);
#5937 = EDGE_CURVE('',#5938,#5938,#5940,.T.);
#5938 = VERTEX_POINT('',#5939);
#5939 = CARTESIAN_POINT('',(-44.,5.755839955993E-15,48.));
#5940 = SURFACE_CURVE('',#5941,(#5946,#5953),.PCURVE_S1.);
#5941 = CIRCLE('',#5942,1.5);
#5942 = AXIS2_PLACEMENT_3D('',#5943,#5944,#5945);
#5943 = CARTESIAN_POINT('',(-42.5,5.204748896376E-15,48.));
#5944 = DIRECTION('',(0.,0.,1.));
#5945 = DIRECTION('',(-1.,1.224646799147E-16,0.));
#5946 = PCURVE('',#5527,#5947);
#5947 = DEFINITIONAL_REPRESENTATION('',(#5948),#5952);
#5948 = CIRCLE('',#5949,1.5);
#5949 = AXIS2_PLACEMENT_2D('',#5950,#5951);
#5950 = CARTESIAN_POINT('',(-42.5,5.204748896376E-15));
#5951 = DIRECTION('',(-1.,1.224646799147E-16));
#5952 = ( GEOMETRIC_REPRESENTATION_CONTEXT(2) 
PARAMETRIC_REPRESENTATION_CONTEXT() REPRESENTATION_CONTEXT('2D SPACE',''
  ) );
#5953 = PCURVE('',#5954,#5959);
#5954 = CYLINDRICAL_SURFACE('',#5955,1.5);
#5955 = AXIS2_PLACEMENT_3D('',#5956,#5957,#5958);
#5956 = CARTESIAN_POINT('',(-42.5,5.204748896376E-15,44.));
#5957 = DIRECTION('',(0.,0.,1.));
#5958 = DIRECTION('',(-1.,1.224646799147E-16,0.));
#5959 = DEFINITIONAL_REPRESENTATION('',(#5960),#5964);
#5960 = LINE('',#5961,#5962);
#5961 = CARTESIAN_POINT('',(0.,4.));
#5962 = VECTOR('',#5963,1.);
#5963 = DIRECTION('',(1.,0.));
#5964 = ( GEOMETRIC_REPRESENTATION_CONTEXT(2) 
PARAMETRIC_REPRESENTATION_CONTEXT() REPRESENTATION_CONTEXT('2D SPACE',''
  ) );
#5965 = FACE_BOUND('',#5966,.T.);
#5966 = EDGE_LOOP('',(#5967));
#5967 = ORIENTED_EDGE('',*,*,#5968,.F.);
#5968 = EDGE_CURVE('',#5969,#5969,#5971,.T.);
#5969 = VERTEX_POINT('',#5970);
#5970 = CARTESIAN_POINT('',(-42.50073635671,11.388037984511,48.));
#5971 = SURFACE_CURVE('',#5972,(#5977,#5984),.PCURVE_S1.);
#5972 = CIRCLE('',#5973,1.5);
#5973 = AXIS2_PLACEMENT_3D('',#5974,#5975,#5976);
#5974 = CARTESIAN_POINT('',(-41.05184761728,10.999809416857,48.));
#5975 = DIRECTION('',(0.,0.,1.));
#5976 = DIRECTION('',(-0.965925826289,0.258819045103,0.));
#5977 = PCURVE('',#5527,#5978);
#5978 = DEFINITIONAL_REPRESENTATION('',(#5979),#5983);
#5979 = CIRCLE('',#5980,1.5);
#5980 = AXIS2_PLACEMENT_2D('',#5981,#5982);
#5981 = CARTESIAN_POINT('',(-41.05184761728,10.999809416857));
#5982 = DIRECTION('',(-0.965925826289,0.258819045103));
#5983 = ( GEOMETRIC_REPRESENTATION_CONTEXT(2) 
PARAMETRIC_REPRESENTATION_CONTEXT() REPRESENTATION_CONTEXT('2D SPACE',''
  ) );
#5984 = PCURVE('',#5985,#5990);
#5985 = CYLINDRICAL_SURFACE('',#5986,1.5);
#5986 = AXIS2_PLACEMENT_3D('',#5987,#5988,#5989);
#5987 = CARTESIAN_POINT('',(-41.05184761728,10.999809416857,44.));
#5988 = DIRECTION('',(0.,0.,1.));
#5989 = DIRECTION('',(-0.965925826289,0.258819045103,0.));
#5990 = DEFINITIONAL_REPRESENTATION('',(#5991),#5995);
#5991 = LINE('',#5992,#5993);
#5992 = CARTESIAN_POINT('',(0.,4.));
#5993 = VECTOR('',#5994,1.);
#5994 = DIRECTION('',(1.,0.));
#5995 = ( GEOMETRIC_REPRESENTATION_CONTEXT(2) 
PARAMETRIC_REPRESENTATION_CONTEXT() REPRESENTATION_CONTEXT('2D SPACE',''
  ) );
#5996 = FACE_BOUND('',#5997,.T.);
#5997 = EDGE_LOOP('',(#5998));
#5998 = ORIENTED_EDGE('',*,*,#5999,.F.);
#5999 = EDGE_CURVE('',#6000,#6000,#6002,.T.);
#6000 = VERTEX_POINT('',#6001);
#6001 = CARTESIAN_POINT('',(-38.10511776651,22.,48.));
#6002 = SURFACE_CURVE('',#6003,(#6008,#6015),.PCURVE_S1.);
#6003 = CIRCLE('',#6004,1.5);
#6004 = AXIS2_PLACEMENT_3D('',#6005,#6006,#6007);
#6005 = CARTESIAN_POINT('',(-36.80607966083,21.25,48.));
#6006 = DIRECTION('',(0.,0.,1.));
#6007 = DIRECTION('',(-0.866025403784,0.5,0.));
#6008 = PCURVE('',#5527,#6009);
#6009 = DEFINITIONAL_REPRESENTATION('',(#6010),#6014);
#6010 = CIRCLE('',#6011,1.5);
#6011 = AXIS2_PLACEMENT_2D('',#6012,#6013);
#6012 = CARTESIAN_POINT('',(-36.80607966083,21.25));
#6013 = DIRECTION('',(-0.866025403784,0.5));
#6014 = ( GEOMETRIC_REPRESENTATION_CONTEXT(2) 
PARAMETRIC_REPRESENTATION_CONTEXT() REPRESENTATION_CONTEXT('2D SPACE',''
  ) );
#6015 = PCURVE('',#6016,#6021);
#6016 = CYLINDRICAL_SURFACE('',#6017,1.5);
#6017 = AXIS2_PLACEMENT_3D('',#6018,#6019,#6020);
#6018 = CARTESIAN_POINT('',(-36.80607966083,21.25,44.));
#6019 = DIRECTION('',(0.,0.,1.));
#6020 = DIRECTION('',(-0.866025403784,0.5,0.));
#6021 = DEFINITIONAL_REPRESENTATION('',(#6022),#6026);
#6022 = LINE('',#6023,#6024);
#6023 = CARTESIAN_POINT('',(0.,4.));
#6024 = VECTOR('',#6025,1.);
#6025 = DIRECTION('',(1.,0.));
#6026 = ( GEOMETRIC_REPRESENTATION_CONTEXT(2) 
PARAMETRIC_REPRESENTATION_CONTEXT() REPRESENTATION_CONTEXT('2D SPACE',''
  ) );
#6027 = FACE_BOUND('',#6028,.T.);
#6028 = EDGE_LOOP('',(#6029));
#6029 = ORIENTED_EDGE('',*,*,#6030,.F.);
#6030 = EDGE_CURVE('',#6031,#6031,#6033,.T.);
#6031 = VERTEX_POINT('',#6032);
#6032 = CARTESIAN_POINT('',(-31.1126983722,31.112698372208,48.));
#6033 = SURFACE_CURVE('',#6034,(#6039,#6046),.PCURVE_S1.);
#6034 = CIRCLE('',#6035,1.5);
#6035 = AXIS2_PLACEMENT_3D('',#6036,#6037,#6038);
#6036 = CARTESIAN_POINT('',(-30.05203820042,30.052038200428,48.));
#6037 = DIRECTION('',(0.,0.,1.));
#6038 = DIRECTION('',(-0.707106781187,0.707106781187,0.));
#6039 = PCURVE('',#5527,#6040);
#6040 = DEFINITIONAL_REPRESENTATION('',(#6041),#6045);
#6041 = CIRCLE('',#6042,1.5);
#6042 = AXIS2_PLACEMENT_2D('',#6043,#6044);
#6043 = CARTESIAN_POINT('',(-30.05203820042,30.052038200428));
#6044 = DIRECTION('',(-0.707106781187,0.707106781187));
#6045 = ( GEOMETRIC_REPRESENTATION_CONTEXT(2) 
PARAMETRIC_REPRESENTATION_CONTEXT() REPRESENTATION_CONTEXT('2D SPACE',''
  ) );
#6046 = PCURVE('',#6047,#6052);
#6047 = CYLINDRICAL_SURFACE('',#6048,1.5);
#6048 = AXIS2_PLACEMENT_3D('',#6049,#6050,#6051);
#6049 = CARTESIAN_POINT('',(-30.05203820042,30.052038200428,44.));
#6050 = DIRECTION('',(0.,0.,1.));
#6051 = DIRECTION('',(-0.707106781187,0.707106781187,0.));
#6052 = DEFINITIONAL_REPRESENTATION('',(#6053),#6057);
#6053 = LINE('',#6054,#6055);
#6054 = CARTESIAN_POINT('',(0.,4.));
#6055 = VECTOR('',#6056,1.);
#6056 = DIRECTION('',(1.,0.));
#6057 = ( GEOMETRIC_REPRESENTATION_CONTEXT(2) 
PARAMETRIC_REPRESENTATION_CONTEXT() REPRESENTATION_CONTEXT('2D SPACE',''
  ) );
#6058 = FACE_BOUND('',#6059,.T.);
#6059 = EDGE_LOOP('',(#6060));
#6060 = ORIENTED_EDGE('',*,*,#6061,.F.);
#6061 = EDGE_CURVE('',#6062,#6062,#6064,.T.);
#6062 = VERTEX_POINT('',#6063);
#6063 = CARTESIAN_POINT('',(-22.,38.105117766515,48.));
#6064 = SURFACE_CURVE('',#6065,(#6070,#6077),.PCURVE_S1.);
#6065 = CIRCLE('',#6066,1.5);
#6066 = AXIS2_PLACEMENT_3D('',#6067,#6068,#6069);
#6067 = CARTESIAN_POINT('',(-21.25,36.806079660839,48.));
#6068 = DIRECTION('',(0.,0.,1.));
#6069 = DIRECTION('',(-0.5,0.866025403784,0.));
#6070 = PCURVE('',#5527,#6071);
#6071 = DEFINITIONAL_REPRESENTATION('',(#6072),#6076);
#6072 = CIRCLE('',#6073,1.5);
#6073 = AXIS2_PLACEMENT_2D('',#6074,#6075);
#6074 = CARTESIAN_POINT('',(-21.25,36.806079660839));
#6075 = DIRECTION('',(-0.5,0.866025403784));
#6076 = ( GEOMETRIC_REPRESENTATION_CONTEXT(2) 
PARAMETRIC_REPRESENTATION_CONTEXT() REPRESENTATION_CONTEXT('2D SPACE',''
  ) );
#6077 = PCURVE('',#6078,#6083);
#6078 = CYLINDRICAL_SURFACE('',#6079,1.5);
#6079 = AXIS2_PLACEMENT_3D('',#6080,#6081,#6082);
#6080 = CARTESIAN_POINT('',(-21.25,36.806079660839,44.));
#6081 = DIRECTION('',(0.,0.,1.));
#6082 = DIRECTION('',(-0.5,0.866025403784,0.));
#6083 = DEFINITIONAL_REPRESENTATION('',(#6084),#6088);
#6084 = LINE('',#6085,#6086);
#6085 = CARTESIAN_POINT('',(0.,4.));
#6086 = VECTOR('',#6087,1.);
#6087 = DIRECTION('',(1.,0.));
#6088 = ( GEOMETRIC_REPRESENTATION_CONTEXT(2) 
PARAMETRIC_REPRESENTATION_CONTEXT() REPRESENTATION_CONTEXT('2D SPACE',''
  ) );
#6089 = FACE_BOUND('',#6090,.T.);
#6090 = EDGE_LOOP('',(#6091));
#6091 = ORIENTED_EDGE('',*,*,#6092,.F.);
#6092 = EDGE_CURVE('',#6093,#6093,#6095,.T.);
#6093 = VERTEX_POINT('',#6094);
#6094 = CARTESIAN_POINT('',(-11.38803798451,42.500736356719,48.));
#6095 = SURFACE_CURVE('',#6096,(#6101,#6108),.PCURVE_S1.);
#6096 = CIRCLE('',#6097,1.5);
#6097 = AXIS2_PLACEMENT_3D('',#6098,#6099,#6100);
#6098 = CARTESIAN_POINT('',(-10.99980941685,41.051847617285,48.));
#6099 = DIRECTION('',(0.,0.,1.));
#6100 = DIRECTION('',(-0.258819045103,0.965925826289,0.));
#6101 = PCURVE('',#5527,#6102);
#6102 = DEFINITIONAL_REPRESENTATION('',(#6103),#6107);
#6103 = CIRCLE('',#6104,1.5);
#6104 = AXIS2_PLACEMENT_2D('',#6105,#6106);
#6105 = CARTESIAN_POINT('',(-10.99980941685,41.051847617285));
#6106 = DIRECTION('',(-0.258819045103,0.965925826289));
#6107 = ( GEOMETRIC_REPRESENTATION_CONTEXT(2) 
PARAMETRIC_REPRESENTATION_CONTEXT() REPRESENTATION_CONTEXT('2D SPACE',''
  ) );
#6108 = PCURVE('',#6109,#6114);
#6109 = CYLINDRICAL_SURFACE('',#6110,1.5);
#6110 = AXIS2_PLACEMENT_3D('',#6111,#6112,#6113);
#6111 = CARTESIAN_POINT('',(-10.99980941685,41.051847617285,44.));
#6112 = DIRECTION('',(0.,0.,1.));
#6113 = DIRECTION('',(-0.258819045103,0.965925826289,0.));
#6114 = DEFINITIONAL_REPRESENTATION('',(#6115),#6119);
#6115 = LINE('',#6116,#6117);
#6116 = CARTESIAN_POINT('',(0.,4.));
#6117 = VECTOR('',#6118,1.);
#6118 = DIRECTION('',(1.,0.));
#6119 = ( GEOMETRIC_REPRESENTATION_CONTEXT(2) 
PARAMETRIC_REPRESENTATION_CONTEXT() REPRESENTATION_CONTEXT('2D SPACE',''
  ) );
#6120 = FACE_BOUND('',#6121,.T.);
#6121 = EDGE_LOOP('',(#6122));
#6122 = ORIENTED_EDGE('',*,*,#6123,.F.);
#6123 = EDGE_CURVE('',#6124,#6124,#6126,.T.);
#6124 = VERTEX_POINT('',#6125);
#6125 = CARTESIAN_POINT('',(36.,-8.817456953861E-15,48.));
#6126 = SURFACE_CURVE('',#6127,(#6132,#6139),.PCURVE_S1.);
#6127 = CIRCLE('',#6128,36.);
#6128 = AXIS2_PLACEMENT_3D('',#6129,#6130,#6131);
#6129 = CARTESIAN_POINT('',(0.,0.,48.));
#6130 = DIRECTION('',(0.,0.,1.));
#6131 = DIRECTION('',(1.,0.,-0.));
#6132 = PCURVE('',#5527,#6133);
#6133 = DEFINITIONAL_REPRESENTATION('',(#6134),#6138);
#6134 = CIRCLE('',#6135,36.);
#6135 = AXIS2_PLACEMENT_2D('',#6136,#6137);
#6136 = CARTESIAN_POINT('',(0.,0.));
#6137 = DIRECTION('',(1.,0.));
#6138 = ( GEOMETRIC_REPRESENTATION_CONTEXT(2) 
PARAMETRIC_REPRESENTATION_CONTEXT() REPRESENTATION_CONTEXT('2D SPACE',''
  ) );
#6139 = PCURVE('',#6140,#6145);
#6140 = CYLINDRICAL_SURFACE('',#6141,36.);
#6141 = AXIS2_PLACEMENT_3D('',#6142,#6143,#6144);
#6142 = CARTESIAN_POINT('',(0.,0.,26.));
#6143 = DIRECTION('',(0.,0.,1.));
#6144 = DIRECTION('',(1.,0.,-0.));
#6145 = DEFINITIONAL_REPRESENTATION('',(#6146),#6150);
#6146 = LINE('',#6147,#6148);
#6147 = CARTESIAN_POINT('',(0.,22.));
#6148 = VECTOR('',#6149,1.);
#6149 = DIRECTION('',(1.,0.));
#6150 = ( GEOMETRIC_REPRESENTATION_CONTEXT(2) 
PARAMETRIC_REPRESENTATION_CONTEXT() REPRESENTATION_CONTEXT('2D SPACE',''
  ) );
#6151 = FACE_BOUND('',#6152,.T.);
#6152 = EDGE_LOOP('',(#6153));
#6153 = ORIENTED_EDGE('',*,*,#6154,.F.);
#6154 = EDGE_CURVE('',#6155,#6155,#6157,.T.);
#6155 = VERTEX_POINT('',#6156);
#6156 = CARTESIAN_POINT('',(44.,-3.673940397442E-16,48.));
#6157 = SURFACE_CURVE('',#6158,(#6163,#6170),.PCURVE_S1.);
#6158 = CIRCLE('',#6159,1.5);
#6159 = AXIS2_PLACEMENT_3D('',#6160,#6161,#6162);
#6160 = CARTESIAN_POINT('',(42.5,0.,48.));
#6161 = DIRECTION('',(0.,0.,1.));
#6162 = DIRECTION('',(1.,0.,-0.));
#6163 = PCURVE('',#5527,#6164);
#6164 = DEFINITIONAL_REPRESENTATION('',(#6165),#6169);
#6165 = CIRCLE('',#6166,1.5);
#6166 = AXIS2_PLACEMENT_2D('',#6167,#6168);
#6167 = CARTESIAN_POINT('',(42.5,0.));
#6168 = DIRECTION('',(1.,0.));
#6169 = ( GEOMETRIC_REPRESENTATION_CONTEXT(2) 
PARAMETRIC_REPRESENTATION_CONTEXT() REPRESENTATION_CONTEXT('2D SPACE',''
  ) );
#6170 = PCURVE('',#6171,#6176);
#6171 = CYLINDRICAL_SURFACE('',#6172,1.5);
#6172 = AXIS2_PLACEMENT_3D('',#6173,#6174,#6175);
#6173 = CARTESIAN_POINT('',(42.5,0.,44.));
#6174 = DIRECTION('',(0.,0.,1.));
#6175 = DIRECTION('',(1.,0.,0.));
#6176 = DEFINITIONAL_REPRESENTATION('',(#6177),#6181);
#6177 = LINE('',#6178,#6179);
#6178 = CARTESIAN_POINT('',(0.,4.));
#6179 = VECTOR('',#6180,1.);
#6180 = DIRECTION('',(1.,0.));
#6181 = ( GEOMETRIC_REPRESENTATION_CONTEXT(2) 
PARAMETRIC_REPRESENTATION_CONTEXT() REPRESENTATION_CONTEXT('2D SPACE',''
  ) );
#6182 = FACE_BOUND('',#6183,.T.);
#6183 = EDGE_LOOP('',(#6184));
#6184 = ORIENTED_EDGE('',*,*,#6185,.F.);
#6185 = EDGE_CURVE('',#6186,#6186,#6188,.T.);
#6186 = VERTEX_POINT('',#6187);
#6187 = CARTESIAN_POINT('',(42.500736356719,11.388037984511,48.));
#6188 = SURFACE_CURVE('',#6189,(#6194,#6201),.PCURVE_S1.);
#6189 = CIRCLE('',#6190,1.5);
#6190 = AXIS2_PLACEMENT_3D('',#6191,#6192,#6193);
#6191 = CARTESIAN_POINT('',(41.051847617285,10.999809416857,48.));
#6192 = DIRECTION('',(0.,0.,1.));
#6193 = DIRECTION('',(0.965925826289,0.258819045103,-0.));
#6194 = PCURVE('',#5527,#6195);
#6195 = DEFINITIONAL_REPRESENTATION('',(#6196),#6200);
#6196 = CIRCLE('',#6197,1.5);
#6197 = AXIS2_PLACEMENT_2D('',#6198,#6199);
#6198 = CARTESIAN_POINT('',(41.051847617285,10.999809416857));
#6199 = DIRECTION('',(0.965925826289,0.258819045103));
#6200 = ( GEOMETRIC_REPRESENTATION_CONTEXT(2) 
PARAMETRIC_REPRESENTATION_CONTEXT() REPRESENTATION_CONTEXT('2D SPACE',''
  ) );
#6201 = PCURVE('',#6202,#6207);
#6202 = CYLINDRICAL_SURFACE('',#6203,1.5);
#6203 = AXIS2_PLACEMENT_3D('',#6204,#6205,#6206);
#6204 = CARTESIAN_POINT('',(41.051847617285,10.999809416857,44.));
#6205 = DIRECTION('',(0.,0.,1.));
#6206 = DIRECTION('',(0.965925826289,0.258819045103,0.));
#6207 = DEFINITIONAL_REPRESENTATION('',(#6208),#6212);
#6208 = LINE('',#6209,#6210);
#6209 = CARTESIAN_POINT('',(0.,4.));
#6210 = VECTOR('',#6211,1.);
#6211 = DIRECTION('',(1.,0.));
#6212 = ( GEOMETRIC_REPRESENTATION_CONTEXT(2) 
PARAMETRIC_REPRESENTATION_CONTEXT() REPRESENTATION_CONTEXT('2D SPACE',''
  ) );
#6213 = FACE_BOUND('',#6214,.T.);
#6214 = EDGE_LOOP('',(#6215));
#6215 = ORIENTED_EDGE('',*,*,#6216,.F.);
#6216 = EDGE_CURVE('',#6217,#6217,#6219,.T.);
#6217 = VERTEX_POINT('',#6218);
#6218 = CARTESIAN_POINT('',(38.105117766515,22.,48.));
#6219 = SURFACE_CURVE('',#6220,(#6225,#6232),.PCURVE_S1.);
#6220 = CIRCLE('',#6221,1.5);
#6221 = AXIS2_PLACEMENT_3D('',#6222,#6223,#6224);
#6222 = CARTESIAN_POINT('',(36.806079660839,21.25,48.));
#6223 = DIRECTION('',(0.,0.,1.));
#6224 = DIRECTION('',(0.866025403784,0.5,-0.));
#6225 = PCURVE('',#5527,#6226);
#6226 = DEFINITIONAL_REPRESENTATION('',(#6227),#6231);
#6227 = CIRCLE('',#6228,1.5);
#6228 = AXIS2_PLACEMENT_2D('',#6229,#6230);
#6229 = CARTESIAN_POINT('',(36.806079660839,21.25));
#6230 = DIRECTION('',(0.866025403784,0.5));
#6231 = ( GEOMETRIC_REPRESENTATION_CONTEXT(2) 
PARAMETRIC_REPRESENTATION_CONTEXT() REPRESENTATION_CONTEXT('2D SPACE',''
  ) );
#6232 = PCURVE('',#6233,#6238);
#6233 = CYLINDRICAL_SURFACE('',#6234,1.5);
#6234 = AXIS2_PLACEMENT_3D('',#6235,#6236,#6237);
#6235 = CARTESIAN_POINT('',(36.806079660839,21.25,44.));
#6236 = DIRECTION('',(0.,0.,1.));
#6237 = DIRECTION('',(0.866025403784,0.5,0.));
#6238 = DEFINITIONAL_REPRESENTATION('',(#6239),#6243);
#6239 = LINE('',#6240,#6241);
#6240 = CARTESIAN_POINT('',(0.,4.));
#6241 = VECTOR('',#6242,1.);
#6242 = DIRECTION('',(1.,0.));
#6243 = ( GEOMETRIC_REPRESENTATION_CONTEXT(2) 
PARAMETRIC_REPRESENTATION_CONTEXT() REPRESENTATION_CONTEXT('2D SPACE',''
  ) );
#6244 = FACE_BOUND('',#6245,.T.);
#6245 = EDGE_LOOP('',(#6246));
#6246 = ORIENTED_EDGE('',*,*,#6247,.F.);
#6247 = EDGE_CURVE('',#6248,#6248,#6250,.T.);
#6248 = VERTEX_POINT('',#6249);
#6249 = CARTESIAN_POINT('',(3.673940397442E-16,44.,48.));
#6250 = SURFACE_CURVE('',#6251,(#6256,#6263),.PCURVE_S1.);
#6251 = CIRCLE('',#6252,1.5);
#6252 = AXIS2_PLACEMENT_3D('',#6253,#6254,#6255);
#6253 = CARTESIAN_POINT('',(0.,42.5,48.));
#6254 = DIRECTION('',(0.,-0.,1.));
#6255 = DIRECTION('',(0.,1.,0.));
#6256 = PCURVE('',#5527,#6257);
#6257 = DEFINITIONAL_REPRESENTATION('',(#6258),#6262);
#6258 = CIRCLE('',#6259,1.5);
#6259 = AXIS2_PLACEMENT_2D('',#6260,#6261);
#6260 = CARTESIAN_POINT('',(0.,42.5));
#6261 = DIRECTION('',(0.,1.));
#6262 = ( GEOMETRIC_REPRESENTATION_CONTEXT(2) 
PARAMETRIC_REPRESENTATION_CONTEXT() REPRESENTATION_CONTEXT('2D SPACE',''
  ) );
#6263 = PCURVE('',#6264,#6269);
#6264 = CYLINDRICAL_SURFACE('',#6265,1.5);
#6265 = AXIS2_PLACEMENT_3D('',#6266,#6267,#6268);
#6266 = CARTESIAN_POINT('',(0.,42.5,44.));
#6267 = DIRECTION('',(0.,0.,1.));
#6268 = DIRECTION('',(0.,1.,0.));
#6269 = DEFINITIONAL_REPRESENTATION('',(#6270),#6274);
#6270 = LINE('',#6271,#6272);
#6271 = CARTESIAN_POINT('',(0.,4.));
#6272 = VECTOR('',#6273,1.);
#6273 = DIRECTION('',(1.,0.));
#6274 = ( GEOMETRIC_REPRESENTATION_CONTEXT(2) 
PARAMETRIC_REPRESENTATION_CONTEXT() REPRESENTATION_CONTEXT('2D SPACE',''
  ) );
#6275 = FACE_BOUND('',#6276,.T.);
#6276 = EDGE_LOOP('',(#6277));
#6277 = ORIENTED_EDGE('',*,*,#6278,.F.);
#6278 = EDGE_CURVE('',#6279,#6279,#6281,.T.);
#6279 = VERTEX_POINT('',#6280);
#6280 = CARTESIAN_POINT('',(11.388037984511,42.500736356719,48.));
#6281 = SURFACE_CURVE('',#6282,(#6287,#6294),.PCURVE_S1.);
#6282 = CIRCLE('',#6283,1.5);
#6283 = AXIS2_PLACEMENT_3D('',#6284,#6285,#6286);
#6284 = CARTESIAN_POINT('',(10.999809416857,41.051847617285,48.));
#6285 = DIRECTION('',(0.,0.,1.));
#6286 = DIRECTION('',(0.258819045103,0.965925826289,-0.));
#6287 = PCURVE('',#5527,#6288);
#6288 = DEFINITIONAL_REPRESENTATION('',(#6289),#6293);
#6289 = CIRCLE('',#6290,1.5);
#6290 = AXIS2_PLACEMENT_2D('',#6291,#6292);
#6291 = CARTESIAN_POINT('',(10.999809416857,41.051847617285));
#6292 = DIRECTION('',(0.258819045103,0.965925826289));
#6293 = ( GEOMETRIC_REPRESENTATION_CONTEXT(2) 
PARAMETRIC_REPRESENTATION_CONTEXT() REPRESENTATION_CONTEXT('2D SPACE',''
  ) );
#6294 = PCURVE('',#6295,#6300);
#6295 = CYLINDRICAL_SURFACE('',#6296,1.5);
#6296 = AXIS2_PLACEMENT_3D('',#6297,#6298,#6299);
#6297 = CARTESIAN_POINT('',(10.999809416857,41.051847617285,44.));
#6298 = DIRECTION('',(0.,0.,1.));
#6299 = DIRECTION('',(0.258819045103,0.965925826289,0.));
#6300 = DEFINITIONAL_REPRESENTATION('',(#6301),#6305);
#6301 = LINE('',#6302,#6303);
#6302 = CARTESIAN_POINT('',(0.,4.));
#6303 = VECTOR('',#6304,1.);
#6304 = DIRECTION('',(1.,0.));
#6305 = ( GEOMETRIC_REPRESENTATION_CONTEXT(2) 
PARAMETRIC_REPRESENTATION_CONTEXT() REPRESENTATION_CONTEXT('2D SPACE',''
  ) );
#6306 = FACE_BOUND('',#6307,.T.);
#6307 = EDGE_LOOP('',(#6308));
#6308 = ORIENTED_EDGE('',*,*,#6309,.F.);
#6309 = EDGE_CURVE('',#6310,#6310,#6312,.T.);
#6310 = VERTEX_POINT('',#6311);
#6311 = CARTESIAN_POINT('',(22.,38.105117766515,48.));
#6312 = SURFACE_CURVE('',#6313,(#6318,#6325),.PCURVE_S1.);
#6313 = CIRCLE('',#6314,1.5);
#6314 = AXIS2_PLACEMENT_3D('',#6315,#6316,#6317);
#6315 = CARTESIAN_POINT('',(21.25,36.806079660839,48.));
#6316 = DIRECTION('',(0.,0.,1.));
#6317 = DIRECTION('',(0.5,0.866025403784,-0.));
#6318 = PCURVE('',#5527,#6319);
#6319 = DEFINITIONAL_REPRESENTATION('',(#6320),#6324);
#6320 = CIRCLE('',#6321,1.5);
#6321 = AXIS2_PLACEMENT_2D('',#6322,#6323);
#6322 = CARTESIAN_POINT('',(21.25,36.806079660839));
#6323 = DIRECTION('',(0.5,0.866025403784));
#6324 = ( GEOMETRIC_REPRESENTATION_CONTEXT(2) 
PARAMETRIC_REPRESENTATION_CONTEXT() REPRESENTATION_CONTEXT('2D SPACE',''
  ) );
#6325 = PCURVE('',#6326,#6331);
#6326 = CYLINDRICAL_SURFACE('',#6327,1.5);
#6327 = AXIS2_PLACEMENT_3D('',#6328,#6329,#6330);
#6328 = CARTESIAN_POINT('',(21.25,36.806079660839,44.));
#6329 = DIRECTION('',(0.,0.,1.));
#6330 = DIRECTION('',(0.5,0.866025403784,0.));
#6331 = DEFINITIONAL_REPRESENTATION('',(#6332),#6336);
#6332 = LINE('',#6333,#6334);
#6333 = CARTESIAN_POINT('',(0.,4.));
#6334 = VECTOR('',#6335,1.);
#6335 = DIRECTION('',(1.,0.));
#6336 = ( GEOMETRIC_REPRESENTATION_CONTEXT(2) 
PARAMETRIC_REPRESENTATION_CONTEXT() REPRESENTATION_CONTEXT('2D SPACE',''
  ) );
#6337 = FACE_BOUND('',#6338,.T.);
#6338 = EDGE_LOOP('',(#6339));
#6339 = ORIENTED_EDGE('',*,*,#6340,.F.);
#6340 = EDGE_CURVE('',#6341,#6341,#6343,.T.);
#6341 = VERTEX_POINT('',#6342);
#6342 = CARTESIAN_POINT('',(31.112698372208,31.112698372208,48.));
#6343 = SURFACE_CURVE('',#6344,(#6349,#6356),.PCURVE_S1.);
#6344 = CIRCLE('',#6345,1.5);
#6345 = AXIS2_PLACEMENT_3D('',#6346,#6347,#6348);
#6346 = CARTESIAN_POINT('',(30.052038200428,30.052038200428,48.));
#6347 = DIRECTION('',(0.,0.,1.));
#6348 = DIRECTION('',(0.707106781187,0.707106781187,-0.));
#6349 = PCURVE('',#5527,#6350);
#6350 = DEFINITIONAL_REPRESENTATION('',(#6351),#6355);
#6351 = CIRCLE('',#6352,1.5);
#6352 = AXIS2_PLACEMENT_2D('',#6353,#6354);
#6353 = CARTESIAN_POINT('',(30.052038200428,30.052038200428));
#6354 = DIRECTION('',(0.707106781187,0.707106781187));
#6355 = ( GEOMETRIC_REPRESENTATION_CONTEXT(2) 
PARAMETRIC_REPRESENTATION_CONTEXT() REPRESENTATION_CONTEXT('2D SPACE',''
  ) );
#6356 = PCURVE('',#6357,#6362);
#6357 = CYLINDRICAL_SURFACE('',#6358,1.5);
#6358 = AXIS2_PLACEMENT_3D('',#6359,#6360,#6361);
#6359 = CARTESIAN_POINT('',(30.052038200428,30.052038200428,44.));
#6360 = DIRECTION('',(0.,0.,1.));
#6361 = DIRECTION('',(0.707106781187,0.707106781187,0.));
#6362 = DEFINITIONAL_REPRESENTATION('',(#6363),#6367);
#6363 = LINE('',#6364,#6365);
#6364 = CARTESIAN_POINT('',(0.,4.));
#6365 = VECTOR('',#6366,1.);
#6366 = DIRECTION('',(1.,0.));
#6367 = ( GEOMETRIC_REPRESENTATION_CONTEXT(2) 
PARAMETRIC_REPRESENTATION_CONTEXT() REPRESENTATION_CONTEXT('2D SPACE',''
  ) );
#6368 = ADVANCED_FACE('',(#6369,#6372,#6403,#6429),#5577,.F.);
#6369 = FACE_BOUND('',#6370,.F.);
#6370 = EDGE_LOOP('',(#6371));
#6371 = ORIENTED_EDGE('',*,*,#5562,.T.);
#6372 = FACE_BOUND('',#6373,.F.);
#6373 = EDGE_LOOP('',(#6374));
#6374 = ORIENTED_EDGE('',*,*,#6375,.F.);
#6375 = EDGE_CURVE('',#6376,#6376,#6378,.T.);
#6376 = VERTEX_POINT('',#6377);
#6377 = CARTESIAN_POINT('',(-1.037084363882E-14,-44.5,26.));
#6378 = SURFACE_CURVE('',#6379,(#6384,#6391),.PCURVE_S1.);
#6379 = CIRCLE('',#6380,2.);
#6380 = AXIS2_PLACEMENT_3D('',#6381,#6382,#6383);
#6381 = CARTESIAN_POINT('',(-9.436895709314E-15,-42.5,26.));
#6382 = DIRECTION('',(0.,0.,1.));
#6383 = DIRECTION('',(-2.22044604925E-16,-1.,0.));
#6384 = PCURVE('',#5577,#6385);
#6385 = DEFINITIONAL_REPRESENTATION('',(#6386),#6390);
#6386 = CIRCLE('',#6387,2.);
#6387 = AXIS2_PLACEMENT_2D('',#6388,#6389);
#6388 = CARTESIAN_POINT('',(-9.436895709314E-15,-42.5));
#6389 = DIRECTION('',(-2.22044604925E-16,-1.));
#6390 = ( GEOMETRIC_REPRESENTATION_CONTEXT(2) 
PARAMETRIC_REPRESENTATION_CONTEXT() REPRESENTATION_CONTEXT('2D SPACE',''
  ) );
#6391 = PCURVE('',#6392,#6397);
#6392 = CYLINDRICAL_SURFACE('',#6393,2.);
#6393 = AXIS2_PLACEMENT_3D('',#6394,#6395,#6396);
#6394 = CARTESIAN_POINT('',(-9.436895709314E-15,-42.5,24.));
#6395 = DIRECTION('',(0.,0.,1.));
#6396 = DIRECTION('',(-2.22044604925E-16,-1.,0.));
#6397 = DEFINITIONAL_REPRESENTATION('',(#6398),#6402);
#6398 = LINE('',#6399,#6400);
#6399 = CARTESIAN_POINT('',(0.,2.));
#6400 = VECTOR('',#6401,1.);
#6401 = DIRECTION('',(1.,0.));
#6402 = ( GEOMETRIC_REPRESENTATION_CONTEXT(2) 
PARAMETRIC_REPRESENTATION_CONTEXT() REPRESENTATION_CONTEXT('2D SPACE',''
  ) );
#6403 = FACE_BOUND('',#6404,.F.);
#6404 = EDGE_LOOP('',(#6405));
#6405 = ORIENTED_EDGE('',*,*,#6406,.F.);
#6406 = EDGE_CURVE('',#6407,#6407,#6409,.T.);
#6407 = VERTEX_POINT('',#6408);
#6408 = CARTESIAN_POINT('',(36.,-8.817456953861E-15,26.));
#6409 = SURFACE_CURVE('',#6410,(#6415,#6422),.PCURVE_S1.);
#6410 = CIRCLE('',#6411,36.);
#6411 = AXIS2_PLACEMENT_3D('',#6412,#6413,#6414);
#6412 = CARTESIAN_POINT('',(0.,0.,26.));
#6413 = DIRECTION('',(0.,0.,1.));
#6414 = DIRECTION('',(1.,0.,-0.));
#6415 = PCURVE('',#5577,#6416);
#6416 = DEFINITIONAL_REPRESENTATION('',(#6417),#6421);
#6417 = CIRCLE('',#6418,36.);
#6418 = AXIS2_PLACEMENT_2D('',#6419,#6420);
#6419 = CARTESIAN_POINT('',(0.,0.));
#6420 = DIRECTION('',(1.,0.));
#6421 = ( GEOMETRIC_REPRESENTATION_CONTEXT(2) 
PARAMETRIC_REPRESENTATION_CONTEXT() REPRESENTATION_CONTEXT('2D SPACE',''
  ) );
#6422 = PCURVE('',#6140,#6423);
#6423 = DEFINITIONAL_REPRESENTATION('',(#6424),#6428);
#6424 = LINE('',#6425,#6426);
#6425 = CARTESIAN_POINT('',(0.,0.));
#6426 = VECTOR('',#6427,1.);
#6427 = DIRECTION('',(1.,0.));
#6428 = ( GEOMETRIC_REPRESENTATION_CONTEXT(2) 
PARAMETRIC_REPRESENTATION_CONTEXT() REPRESENTATION_CONTEXT('2D SPACE',''
  ) );
#6429 = FACE_BOUND('',#6430,.F.);
#6430 = EDGE_LOOP('',(#6431));
#6431 = ORIENTED_EDGE('',*,*,#6432,.F.);
#6432 = EDGE_CURVE('',#6433,#6433,#6435,.T.);
#6433 = VERTEX_POINT('',#6434);
#6434 = CARTESIAN_POINT('',(4.898587196589E-16,44.5,26.));
#6435 = SURFACE_CURVE('',#6436,(#6441,#6448),.PCURVE_S1.);
#6436 = CIRCLE('',#6437,2.);
#6437 = AXIS2_PLACEMENT_3D('',#6438,#6439,#6440);
#6438 = CARTESIAN_POINT('',(0.,42.5,26.));
#6439 = DIRECTION('',(0.,-0.,1.));
#6440 = DIRECTION('',(0.,1.,0.));
#6441 = PCURVE('',#5577,#6442);
#6442 = DEFINITIONAL_REPRESENTATION('',(#6443),#6447);
#6443 = CIRCLE('',#6444,2.);
#6444 = AXIS2_PLACEMENT_2D('',#6445,#6446);
#6445 = CARTESIAN_POINT('',(0.,42.5));
#6446 = DIRECTION('',(0.,1.));
#6447 = ( GEOMETRIC_REPRESENTATION_CONTEXT(2) 
PARAMETRIC_REPRESENTATION_CONTEXT() REPRESENTATION_CONTEXT('2D SPACE',''
  ) );
#6448 = PCURVE('',#6449,#6454);
#6449 = CYLINDRICAL_SURFACE('',#6450,2.);
#6450 = AXIS2_PLACEMENT_3D('',#6451,#6452,#6453);
#6451 = CARTESIAN_POINT('',(0.,42.5,24.));
#6452 = DIRECTION('',(0.,0.,1.));
#6453 = DIRECTION('',(0.,1.,0.));
#6454 = DEFINITIONAL_REPRESENTATION('',(#6455),#6459);
#6455 = LINE('',#6456,#6457);
#6456 = CARTESIAN_POINT('',(0.,2.));
#6457 = VECTOR('',#6458,1.);
#6458 = DIRECTION('',(1.,0.));
#6459 = ( GEOMETRIC_REPRESENTATION_CONTEXT(2) 
PARAMETRIC_REPRESENTATION_CONTEXT() REPRESENTATION_CONTEXT('2D SPACE',''
  ) );
#6460 = ADVANCED_FACE('',(#6461),#5613,.F.);
#6461 = FACE_BOUND('',#6462,.F.);
#6462 = EDGE_LOOP('',(#6463,#6464,#6487,#6514));
#6463 = ORIENTED_EDGE('',*,*,#5596,.F.);
#6464 = ORIENTED_EDGE('',*,*,#6465,.F.);
#6465 = EDGE_CURVE('',#6466,#5597,#6468,.T.);
#6466 = VERTEX_POINT('',#6467);
#6467 = CARTESIAN_POINT('',(-31.1126983722,-31.1126983722,45.));
#6468 = SEAM_CURVE('',#6469,(#6473,#6480),.PCURVE_S1.);
#6469 = LINE('',#6470,#6471);
#6470 = CARTESIAN_POINT('',(-31.1126983722,-31.1126983722,44.));
#6471 = VECTOR('',#6472,1.);
#6472 = DIRECTION('',(0.,0.,1.));
#6473 = PCURVE('',#5613,#6474);
#6474 = DEFINITIONAL_REPRESENTATION('',(#6475),#6479);
#6475 = LINE('',#6476,#6477);
#6476 = CARTESIAN_POINT('',(6.28318530718,-0.));
#6477 = VECTOR('',#6478,1.);
#6478 = DIRECTION('',(0.,1.));
#6479 = ( GEOMETRIC_REPRESENTATION_CONTEXT(2) 
PARAMETRIC_REPRESENTATION_CONTEXT() REPRESENTATION_CONTEXT('2D SPACE',''
  ) );
#6480 = PCURVE('',#5613,#6481);
#6481 = DEFINITIONAL_REPRESENTATION('',(#6482),#6486);
#6482 = LINE('',#6483,#6484);
#6483 = CARTESIAN_POINT('',(0.,-0.));
#6484 = VECTOR('',#6485,1.);
#6485 = DIRECTION('',(0.,1.));
#6486 = ( GEOMETRIC_REPRESENTATION_CONTEXT(2) 
PARAMETRIC_REPRESENTATION_CONTEXT() REPRESENTATION_CONTEXT('2D SPACE',''
  ) );
#6487 = ORIENTED_EDGE('',*,*,#6488,.T.);
#6488 = EDGE_CURVE('',#6466,#6466,#6489,.T.);
#6489 = SURFACE_CURVE('',#6490,(#6495,#6502),.PCURVE_S1.);
#6490 = CIRCLE('',#6491,1.5);
#6491 = AXIS2_PLACEMENT_3D('',#6492,#6493,#6494);
#6492 = CARTESIAN_POINT('',(-30.05203820042,-30.05203820042,45.));
#6493 = DIRECTION('',(0.,0.,1.));
#6494 = DIRECTION('',(-0.707106781187,-0.707106781187,0.));
#6495 = PCURVE('',#5613,#6496);
#6496 = DEFINITIONAL_REPRESENTATION('',(#6497),#6501);
#6497 = LINE('',#6498,#6499);
#6498 = CARTESIAN_POINT('',(0.,1.));
#6499 = VECTOR('',#6500,1.);
#6500 = DIRECTION('',(1.,0.));
#6501 = ( GEOMETRIC_REPRESENTATION_CONTEXT(2) 
PARAMETRIC_REPRESENTATION_CONTEXT() REPRESENTATION_CONTEXT('2D SPACE',''
  ) );
#6502 = PCURVE('',#6503,#6508);
#6503 = PLANE('',#6504);
#6504 = AXIS2_PLACEMENT_3D('',#6505,#6506,#6507);
#6505 = CARTESIAN_POINT('',(0.,0.,45.));
#6506 = DIRECTION('',(0.,0.,1.));
#6507 = DIRECTION('',(1.,0.,-0.));
#6508 = DEFINITIONAL_REPRESENTATION('',(#6509),#6513);
#6509 = CIRCLE('',#6510,1.5);
#6510 = AXIS2_PLACEMENT_2D('',#6511,#6512);
#6511 = CARTESIAN_POINT('',(-30.05203820042,-30.05203820042));
#6512 = DIRECTION('',(-0.707106781187,-0.707106781187));
#6513 = ( GEOMETRIC_REPRESENTATION_CONTEXT(2) 
PARAMETRIC_REPRESENTATION_CONTEXT() REPRESENTATION_CONTEXT('2D SPACE',''
  ) );
#6514 = ORIENTED_EDGE('',*,*,#6465,.T.);
#6515 = ADVANCED_FACE('',(#6516),#5644,.F.);
#6516 = FACE_BOUND('',#6517,.F.);
#6517 = EDGE_LOOP('',(#6518,#6519,#6542,#6564));
#6518 = ORIENTED_EDGE('',*,*,#5627,.F.);
#6519 = ORIENTED_EDGE('',*,*,#6520,.F.);
#6520 = EDGE_CURVE('',#6521,#5628,#6523,.T.);
#6521 = VERTEX_POINT('',#6522);
#6522 = CARTESIAN_POINT('',(-22.,-38.10511776651,45.));
#6523 = SEAM_CURVE('',#6524,(#6528,#6535),.PCURVE_S1.);
#6524 = LINE('',#6525,#6526);
#6525 = CARTESIAN_POINT('',(-22.,-38.10511776651,44.));
#6526 = VECTOR('',#6527,1.);
#6527 = DIRECTION('',(0.,0.,1.));
#6528 = PCURVE('',#5644,#6529);
#6529 = DEFINITIONAL_REPRESENTATION('',(#6530),#6534);
#6530 = LINE('',#6531,#6532);
#6531 = CARTESIAN_POINT('',(6.28318530718,-0.));
#6532 = VECTOR('',#6533,1.);
#6533 = DIRECTION('',(0.,1.));
#6534 = ( GEOMETRIC_REPRESENTATION_CONTEXT(2) 
PARAMETRIC_REPRESENTATION_CONTEXT() REPRESENTATION_CONTEXT('2D SPACE',''
  ) );
#6535 = PCURVE('',#5644,#6536);
#6536 = DEFINITIONAL_REPRESENTATION('',(#6537),#6541);
#6537 = LINE('',#6538,#6539);
#6538 = CARTESIAN_POINT('',(0.,-0.));
#6539 = VECTOR('',#6540,1.);
#6540 = DIRECTION('',(0.,1.));
#6541 = ( GEOMETRIC_REPRESENTATION_CONTEXT(2) 
PARAMETRIC_REPRESENTATION_CONTEXT() REPRESENTATION_CONTEXT('2D SPACE',''
  ) );
#6542 = ORIENTED_EDGE('',*,*,#6543,.T.);
#6543 = EDGE_CURVE('',#6521,#6521,#6544,.T.);
#6544 = SURFACE_CURVE('',#6545,(#6550,#6557),.PCURVE_S1.);
#6545 = CIRCLE('',#6546,1.5);
#6546 = AXIS2_PLACEMENT_3D('',#6547,#6548,#6549);
#6547 = CARTESIAN_POINT('',(-21.25,-36.80607966083,45.));
#6548 = DIRECTION('',(0.,0.,1.));
#6549 = DIRECTION('',(-0.5,-0.866025403784,0.));
#6550 = PCURVE('',#5644,#6551);
#6551 = DEFINITIONAL_REPRESENTATION('',(#6552),#6556);
#6552 = LINE('',#6553,#6554);
#6553 = CARTESIAN_POINT('',(0.,1.));
#6554 = VECTOR('',#6555,1.);
#6555 = DIRECTION('',(1.,0.));
#6556 = ( GEOMETRIC_REPRESENTATION_CONTEXT(2) 
PARAMETRIC_REPRESENTATION_CONTEXT() REPRESENTATION_CONTEXT('2D SPACE',''
  ) );
#6557 = PCURVE('',#6503,#6558);
#6558 = DEFINITIONAL_REPRESENTATION('',(#6559),#6563);
#6559 = CIRCLE('',#6560,1.5);
#6560 = AXIS2_PLACEMENT_2D('',#6561,#6562);
#6561 = CARTESIAN_POINT('',(-21.25,-36.80607966083));
#6562 = DIRECTION('',(-0.5,-0.866025403784));
#6563 = ( GEOMETRIC_REPRESENTATION_CONTEXT(2) 
PARAMETRIC_REPRESENTATION_CONTEXT() REPRESENTATION_CONTEXT('2D SPACE',''
  ) );
#6564 = ORIENTED_EDGE('',*,*,#6520,.T.);
#6565 = ADVANCED_FACE('',(#6566),#5675,.F.);
#6566 = FACE_BOUND('',#6567,.F.);
#6567 = EDGE_LOOP('',(#6568,#6569,#6592,#6614));
#6568 = ORIENTED_EDGE('',*,*,#5658,.F.);
#6569 = ORIENTED_EDGE('',*,*,#6570,.F.);
#6570 = EDGE_CURVE('',#6571,#5659,#6573,.T.);
#6571 = VERTEX_POINT('',#6572);
#6572 = CARTESIAN_POINT('',(-11.38803798451,-42.50073635671,45.));
#6573 = SEAM_CURVE('',#6574,(#6578,#6585),.PCURVE_S1.);
#6574 = LINE('',#6575,#6576);
#6575 = CARTESIAN_POINT('',(-11.38803798451,-42.50073635671,44.));
#6576 = VECTOR('',#6577,1.);
#6577 = DIRECTION('',(0.,0.,1.));
#6578 = PCURVE('',#5675,#6579);
#6579 = DEFINITIONAL_REPRESENTATION('',(#6580),#6584);
#6580 = LINE('',#6581,#6582);
#6581 = CARTESIAN_POINT('',(6.28318530718,-0.));
#6582 = VECTOR('',#6583,1.);
#6583 = DIRECTION('',(0.,1.));
#6584 = ( GEOMETRIC_REPRESENTATION_CONTEXT(2) 
PARAMETRIC_REPRESENTATION_CONTEXT() REPRESENTATION_CONTEXT('2D SPACE',''
  ) );
#6585 = PCURVE('',#5675,#6586);
#6586 = DEFINITIONAL_REPRESENTATION('',(#6587),#6591);
#6587 = LINE('',#6588,#6589);
#6588 = CARTESIAN_POINT('',(0.,-0.));
#6589 = VECTOR('',#6590,1.);
#6590 = DIRECTION('',(0.,1.));
#6591 = ( GEOMETRIC_REPRESENTATION_CONTEXT(2) 
PARAMETRIC_REPRESENTATION_CONTEXT() REPRESENTATION_CONTEXT('2D SPACE',''
  ) );
#6592 = ORIENTED_EDGE('',*,*,#6593,.T.);
#6593 = EDGE_CURVE('',#6571,#6571,#6594,.T.);
#6594 = SURFACE_CURVE('',#6595,(#6600,#6607),.PCURVE_S1.);
#6595 = CIRCLE('',#6596,1.5);
#6596 = AXIS2_PLACEMENT_3D('',#6597,#6598,#6599);
#6597 = CARTESIAN_POINT('',(-10.99980941685,-41.05184761728,45.));
#6598 = DIRECTION('',(0.,0.,1.));
#6599 = DIRECTION('',(-0.258819045103,-0.965925826289,0.));
#6600 = PCURVE('',#5675,#6601);
#6601 = DEFINITIONAL_REPRESENTATION('',(#6602),#6606);
#6602 = LINE('',#6603,#6604);
#6603 = CARTESIAN_POINT('',(0.,1.));
#6604 = VECTOR('',#6605,1.);
#6605 = DIRECTION('',(1.,0.));
#6606 = ( GEOMETRIC_REPRESENTATION_CONTEXT(2) 
PARAMETRIC_REPRESENTATION_CONTEXT() REPRESENTATION_CONTEXT('2D SPACE',''
  ) );
#6607 = PCURVE('',#6503,#6608);
#6608 = DEFINITIONAL_REPRESENTATION('',(#6609),#6613);
#6609 = CIRCLE('',#6610,1.5);
#6610 = AXIS2_PLACEMENT_2D('',#6611,#6612);
#6611 = CARTESIAN_POINT('',(-10.99980941685,-41.05184761728));
#6612 = DIRECTION('',(-0.258819045103,-0.965925826289));
#6613 = ( GEOMETRIC_REPRESENTATION_CONTEXT(2) 
PARAMETRIC_REPRESENTATION_CONTEXT() REPRESENTATION_CONTEXT('2D SPACE',''
  ) );
#6614 = ORIENTED_EDGE('',*,*,#6570,.T.);
#6615 = ADVANCED_FACE('',(#6616),#5706,.F.);
#6616 = FACE_BOUND('',#6617,.F.);
#6617 = EDGE_LOOP('',(#6618,#6619,#6642,#6664));
#6618 = ORIENTED_EDGE('',*,*,#5689,.F.);
#6619 = ORIENTED_EDGE('',*,*,#6620,.F.);
#6620 = EDGE_CURVE('',#6621,#5690,#6623,.T.);
#6621 = VERTEX_POINT('',#6622);
#6622 = CARTESIAN_POINT('',(-1.013735665645E-14,-44.,45.));
#6623 = SEAM_CURVE('',#6624,(#6628,#6635),.PCURVE_S1.);
#6624 = LINE('',#6625,#6626);
#6625 = CARTESIAN_POINT('',(-1.013735665645E-14,-44.,44.));
#6626 = VECTOR('',#6627,1.);
#6627 = DIRECTION('',(0.,0.,1.));
#6628 = PCURVE('',#5706,#6629);
#6629 = DEFINITIONAL_REPRESENTATION('',(#6630),#6634);
#6630 = LINE('',#6631,#6632);
#6631 = CARTESIAN_POINT('',(6.28318530718,-0.));
#6632 = VECTOR('',#6633,1.);
#6633 = DIRECTION('',(0.,1.));
#6634 = ( GEOMETRIC_REPRESENTATION_CONTEXT(2) 
PARAMETRIC_REPRESENTATION_CONTEXT() REPRESENTATION_CONTEXT('2D SPACE',''
  ) );
#6635 = PCURVE('',#5706,#6636);
#6636 = DEFINITIONAL_REPRESENTATION('',(#6637),#6641);
#6637 = LINE('',#6638,#6639);
#6638 = CARTESIAN_POINT('',(0.,-0.));
#6639 = VECTOR('',#6640,1.);
#6640 = DIRECTION('',(0.,1.));
#6641 = ( GEOMETRIC_REPRESENTATION_CONTEXT(2) 
PARAMETRIC_REPRESENTATION_CONTEXT() REPRESENTATION_CONTEXT('2D SPACE',''
  ) );
#6642 = ORIENTED_EDGE('',*,*,#6643,.T.);
#6643 = EDGE_CURVE('',#6621,#6621,#6644,.T.);
#6644 = SURFACE_CURVE('',#6645,(#6650,#6657),.PCURVE_S1.);
#6645 = CIRCLE('',#6646,1.5);
#6646 = AXIS2_PLACEMENT_3D('',#6647,#6648,#6649);
#6647 = CARTESIAN_POINT('',(-9.436895709314E-15,-42.5,45.));
#6648 = DIRECTION('',(0.,0.,1.));
#6649 = DIRECTION('',(-2.22044604925E-16,-1.,0.));
#6650 = PCURVE('',#5706,#6651);
#6651 = DEFINITIONAL_REPRESENTATION('',(#6652),#6656);
#6652 = LINE('',#6653,#6654);
#6653 = CARTESIAN_POINT('',(0.,1.));
#6654 = VECTOR('',#6655,1.);
#6655 = DIRECTION('',(1.,0.));
#6656 = ( GEOMETRIC_REPRESENTATION_CONTEXT(2) 
PARAMETRIC_REPRESENTATION_CONTEXT() REPRESENTATION_CONTEXT('2D SPACE',''
  ) );
#6657 = PCURVE('',#6503,#6658);
#6658 = DEFINITIONAL_REPRESENTATION('',(#6659),#6663);
#6659 = CIRCLE('',#6660,1.5);
#6660 = AXIS2_PLACEMENT_2D('',#6661,#6662);
#6661 = CARTESIAN_POINT('',(-9.436895709314E-15,-42.5));
#6662 = DIRECTION('',(-2.22044604925E-16,-1.));
#6663 = ( GEOMETRIC_REPRESENTATION_CONTEXT(2) 
PARAMETRIC_REPRESENTATION_CONTEXT() REPRESENTATION_CONTEXT('2D SPACE',''
  ) );
#6664 = ORIENTED_EDGE('',*,*,#6620,.T.);
#6665 = ADVANCED_FACE('',(#6666),#5737,.F.);
#6666 = FACE_BOUND('',#6667,.F.);
#6667 = EDGE_LOOP('',(#6668,#6669,#6692,#6714));
#6668 = ORIENTED_EDGE('',*,*,#5720,.F.);
#6669 = ORIENTED_EDGE('',*,*,#6670,.F.);
#6670 = EDGE_CURVE('',#6671,#5721,#6673,.T.);
#6671 = VERTEX_POINT('',#6672);
#6672 = CARTESIAN_POINT('',(-38.10511776651,-22.,45.));
#6673 = SEAM_CURVE('',#6674,(#6678,#6685),.PCURVE_S1.);
#6674 = LINE('',#6675,#6676);
#6675 = CARTESIAN_POINT('',(-38.10511776651,-22.,44.));
#6676 = VECTOR('',#6677,1.);
#6677 = DIRECTION('',(0.,0.,1.));
#6678 = PCURVE('',#5737,#6679);
#6679 = DEFINITIONAL_REPRESENTATION('',(#6680),#6684);
#6680 = LINE('',#6681,#6682);
#6681 = CARTESIAN_POINT('',(6.28318530718,-0.));
#6682 = VECTOR('',#6683,1.);
#6683 = DIRECTION('',(0.,1.));
#6684 = ( GEOMETRIC_REPRESENTATION_CONTEXT(2) 
PARAMETRIC_REPRESENTATION_CONTEXT() REPRESENTATION_CONTEXT('2D SPACE',''
  ) );
#6685 = PCURVE('',#5737,#6686);
#6686 = DEFINITIONAL_REPRESENTATION('',(#6687),#6691);
#6687 = LINE('',#6688,#6689);
#6688 = CARTESIAN_POINT('',(0.,-0.));
#6689 = VECTOR('',#6690,1.);
#6690 = DIRECTION('',(0.,1.));
#6691 = ( GEOMETRIC_REPRESENTATION_CONTEXT(2) 
PARAMETRIC_REPRESENTATION_CONTEXT() REPRESENTATION_CONTEXT('2D SPACE',''
  ) );
#6692 = ORIENTED_EDGE('',*,*,#6693,.T.);
#6693 = EDGE_CURVE('',#6671,#6671,#6694,.T.);
#6694 = SURFACE_CURVE('',#6695,(#6700,#6707),.PCURVE_S1.);
#6695 = CIRCLE('',#6696,1.5);
#6696 = AXIS2_PLACEMENT_3D('',#6697,#6698,#6699);
#6697 = CARTESIAN_POINT('',(-36.80607966083,-21.25,45.));
#6698 = DIRECTION('',(0.,0.,1.));
#6699 = DIRECTION('',(-0.866025403784,-0.5,0.));
#6700 = PCURVE('',#5737,#6701);
#6701 = DEFINITIONAL_REPRESENTATION('',(#6702),#6706);
#6702 = LINE('',#6703,#6704);
#6703 = CARTESIAN_POINT('',(0.,1.));
#6704 = VECTOR('',#6705,1.);
#6705 = DIRECTION('',(1.,0.));
#6706 = ( GEOMETRIC_REPRESENTATION_CONTEXT(2) 
PARAMETRIC_REPRESENTATION_CONTEXT() REPRESENTATION_CONTEXT('2D SPACE',''
  ) );
#6707 = PCURVE('',#6503,#6708);
#6708 = DEFINITIONAL_REPRESENTATION('',(#6709),#6713);
#6709 = CIRCLE('',#6710,1.5);
#6710 = AXIS2_PLACEMENT_2D('',#6711,#6712);
#6711 = CARTESIAN_POINT('',(-36.80607966083,-21.25));
#6712 = DIRECTION('',(-0.866025403784,-0.5));
#6713 = ( GEOMETRIC_REPRESENTATION_CONTEXT(2) 
PARAMETRIC_REPRESENTATION_CONTEXT() REPRESENTATION_CONTEXT('2D SPACE',''
  ) );
#6714 = ORIENTED_EDGE('',*,*,#6670,.T.);
#6715 = ADVANCED_FACE('',(#6716),#5768,.F.);
#6716 = FACE_BOUND('',#6717,.F.);
#6717 = EDGE_LOOP('',(#6718,#6719,#6742,#6764));
#6718 = ORIENTED_EDGE('',*,*,#5751,.F.);
#6719 = ORIENTED_EDGE('',*,*,#6720,.F.);
#6720 = EDGE_CURVE('',#6721,#5752,#6723,.T.);
#6721 = VERTEX_POINT('',#6722);
#6722 = CARTESIAN_POINT('',(-42.50073635671,-11.38803798451,45.));
#6723 = SEAM_CURVE('',#6724,(#6728,#6735),.PCURVE_S1.);
#6724 = LINE('',#6725,#6726);
#6725 = CARTESIAN_POINT('',(-42.50073635671,-11.38803798451,44.));
#6726 = VECTOR('',#6727,1.);
#6727 = DIRECTION('',(0.,0.,1.));
#6728 = PCURVE('',#5768,#6729);
#6729 = DEFINITIONAL_REPRESENTATION('',(#6730),#6734);
#6730 = LINE('',#6731,#6732);
#6731 = CARTESIAN_POINT('',(6.28318530718,-0.));
#6732 = VECTOR('',#6733,1.);
#6733 = DIRECTION('',(0.,1.));
#6734 = ( GEOMETRIC_REPRESENTATION_CONTEXT(2) 
PARAMETRIC_REPRESENTATION_CONTEXT() REPRESENTATION_CONTEXT('2D SPACE',''
  ) );
#6735 = PCURVE('',#5768,#6736);
#6736 = DEFINITIONAL_REPRESENTATION('',(#6737),#6741);
#6737 = LINE('',#6738,#6739);
#6738 = CARTESIAN_POINT('',(0.,-0.));
#6739 = VECTOR('',#6740,1.);
#6740 = DIRECTION('',(0.,1.));
#6741 = ( GEOMETRIC_REPRESENTATION_CONTEXT(2) 
PARAMETRIC_REPRESENTATION_CONTEXT() REPRESENTATION_CONTEXT('2D SPACE',''
  ) );
#6742 = ORIENTED_EDGE('',*,*,#6743,.T.);
#6743 = EDGE_CURVE('',#6721,#6721,#6744,.T.);
#6744 = SURFACE_CURVE('',#6745,(#6750,#6757),.PCURVE_S1.);
#6745 = CIRCLE('',#6746,1.5);
#6746 = AXIS2_PLACEMENT_3D('',#6747,#6748,#6749);
#6747 = CARTESIAN_POINT('',(-41.05184761728,-10.99980941685,45.));
#6748 = DIRECTION('',(0.,0.,1.));
#6749 = DIRECTION('',(-0.965925826289,-0.258819045103,0.));
#6750 = PCURVE('',#5768,#6751);
#6751 = DEFINITIONAL_REPRESENTATION('',(#6752),#6756);
#6752 = LINE('',#6753,#6754);
#6753 = CARTESIAN_POINT('',(0.,1.));
#6754 = VECTOR('',#6755,1.);
#6755 = DIRECTION('',(1.,0.));
#6756 = ( GEOMETRIC_REPRESENTATION_CONTEXT(2) 
PARAMETRIC_REPRESENTATION_CONTEXT() REPRESENTATION_CONTEXT('2D SPACE',''
  ) );
#6757 = PCURVE('',#6503,#6758);
#6758 = DEFINITIONAL_REPRESENTATION('',(#6759),#6763);
#6759 = CIRCLE('',#6760,1.5);
#6760 = AXIS2_PLACEMENT_2D('',#6761,#6762);
#6761 = CARTESIAN_POINT('',(-41.05184761728,-10.99980941685));
#6762 = DIRECTION('',(-0.965925826289,-0.258819045103));
#6763 = ( GEOMETRIC_REPRESENTATION_CONTEXT(2) 
PARAMETRIC_REPRESENTATION_CONTEXT() REPRESENTATION_CONTEXT('2D SPACE',''
  ) );
#6764 = ORIENTED_EDGE('',*,*,#6720,.T.);
#6765 = ADVANCED_FACE('',(#6766),#5799,.F.);
#6766 = FACE_BOUND('',#6767,.F.);
#6767 = EDGE_LOOP('',(#6768,#6769,#6792,#6814));
#6768 = ORIENTED_EDGE('',*,*,#5782,.F.);
#6769 = ORIENTED_EDGE('',*,*,#6770,.F.);
#6770 = EDGE_CURVE('',#6771,#5783,#6773,.T.);
#6771 = VERTEX_POINT('',#6772);
#6772 = CARTESIAN_POINT('',(11.388037984511,-42.50073635671,45.));
#6773 = SEAM_CURVE('',#6774,(#6778,#6785),.PCURVE_S1.);
#6774 = LINE('',#6775,#6776);
#6775 = CARTESIAN_POINT('',(11.388037984511,-42.50073635671,44.));
#6776 = VECTOR('',#6777,1.);
#6777 = DIRECTION('',(0.,0.,1.));
#6778 = PCURVE('',#5799,#6779);
#6779 = DEFINITIONAL_REPRESENTATION('',(#6780),#6784);
#6780 = LINE('',#6781,#6782);
#6781 = CARTESIAN_POINT('',(6.28318530718,-0.));
#6782 = VECTOR('',#6783,1.);
#6783 = DIRECTION('',(0.,1.));
#6784 = ( GEOMETRIC_REPRESENTATION_CONTEXT(2) 
PARAMETRIC_REPRESENTATION_CONTEXT() REPRESENTATION_CONTEXT('2D SPACE',''
  ) );
#6785 = PCURVE('',#5799,#6786);
#6786 = DEFINITIONAL_REPRESENTATION('',(#6787),#6791);
#6787 = LINE('',#6788,#6789);
#6788 = CARTESIAN_POINT('',(0.,-0.));
#6789 = VECTOR('',#6790,1.);
#6790 = DIRECTION('',(0.,1.));
#6791 = ( GEOMETRIC_REPRESENTATION_CONTEXT(2) 
PARAMETRIC_REPRESENTATION_CONTEXT() REPRESENTATION_CONTEXT('2D SPACE',''
  ) );
#6792 = ORIENTED_EDGE('',*,*,#6793,.T.);
#6793 = EDGE_CURVE('',#6771,#6771,#6794,.T.);
#6794 = SURFACE_CURVE('',#6795,(#6800,#6807),.PCURVE_S1.);
#6795 = CIRCLE('',#6796,1.5);
#6796 = AXIS2_PLACEMENT_3D('',#6797,#6798,#6799);
#6797 = CARTESIAN_POINT('',(10.999809416857,-41.05184761728,45.));
#6798 = DIRECTION('',(0.,0.,1.));
#6799 = DIRECTION('',(0.258819045103,-0.965925826289,0.));
#6800 = PCURVE('',#5799,#6801);
#6801 = DEFINITIONAL_REPRESENTATION('',(#6802),#6806);
#6802 = LINE('',#6803,#6804);
#6803 = CARTESIAN_POINT('',(0.,1.));
#6804 = VECTOR('',#6805,1.);
#6805 = DIRECTION('',(1.,0.));
#6806 = ( GEOMETRIC_REPRESENTATION_CONTEXT(2) 
PARAMETRIC_REPRESENTATION_CONTEXT() REPRESENTATION_CONTEXT('2D SPACE',''
  ) );
#6807 = PCURVE('',#6503,#6808);
#6808 = DEFINITIONAL_REPRESENTATION('',(#6809),#6813);
#6809 = CIRCLE('',#6810,1.5);
#6810 = AXIS2_PLACEMENT_2D('',#6811,#6812);
#6811 = CARTESIAN_POINT('',(10.999809416857,-41.05184761728));
#6812 = DIRECTION('',(0.258819045103,-0.965925826289));
#6813 = ( GEOMETRIC_REPRESENTATION_CONTEXT(2) 
PARAMETRIC_REPRESENTATION_CONTEXT() REPRESENTATION_CONTEXT('2D SPACE',''
  ) );
#6814 = ORIENTED_EDGE('',*,*,#6770,.T.);
#6815 = ADVANCED_FACE('',(#6816),#5830,.F.);
#6816 = FACE_BOUND('',#6817,.F.);
#6817 = EDGE_LOOP('',(#6818,#6819,#6842,#6864));
#6818 = ORIENTED_EDGE('',*,*,#5813,.F.);
#6819 = ORIENTED_EDGE('',*,*,#6820,.F.);
#6820 = EDGE_CURVE('',#6821,#5814,#6823,.T.);
#6821 = VERTEX_POINT('',#6822);
#6822 = CARTESIAN_POINT('',(22.,-38.10511776651,45.));
#6823 = SEAM_CURVE('',#6824,(#6828,#6835),.PCURVE_S1.);
#6824 = LINE('',#6825,#6826);
#6825 = CARTESIAN_POINT('',(22.,-38.10511776651,44.));
#6826 = VECTOR('',#6827,1.);
#6827 = DIRECTION('',(0.,0.,1.));
#6828 = PCURVE('',#5830,#6829);
#6829 = DEFINITIONAL_REPRESENTATION('',(#6830),#6834);
#6830 = LINE('',#6831,#6832);
#6831 = CARTESIAN_POINT('',(6.28318530718,-0.));
#6832 = VECTOR('',#6833,1.);
#6833 = DIRECTION('',(0.,1.));
#6834 = ( GEOMETRIC_REPRESENTATION_CONTEXT(2) 
PARAMETRIC_REPRESENTATION_CONTEXT() REPRESENTATION_CONTEXT('2D SPACE',''
  ) );
#6835 = PCURVE('',#5830,#6836);
#6836 = DEFINITIONAL_REPRESENTATION('',(#6837),#6841);
#6837 = LINE('',#6838,#6839);
#6838 = CARTESIAN_POINT('',(0.,-0.));
#6839 = VECTOR('',#6840,1.);
#6840 = DIRECTION('',(0.,1.));
#6841 = ( GEOMETRIC_REPRESENTATION_CONTEXT(2) 
PARAMETRIC_REPRESENTATION_CONTEXT() REPRESENTATION_CONTEXT('2D SPACE',''
  ) );
#6842 = ORIENTED_EDGE('',*,*,#6843,.T.);
#6843 = EDGE_CURVE('',#6821,#6821,#6844,.T.);
#6844 = SURFACE_CURVE('',#6845,(#6850,#6857),.PCURVE_S1.);
#6845 = CIRCLE('',#6846,1.5);
#6846 = AXIS2_PLACEMENT_3D('',#6847,#6848,#6849);
#6847 = CARTESIAN_POINT('',(21.25,-36.80607966083,45.));
#6848 = DIRECTION('',(0.,0.,1.));
#6849 = DIRECTION('',(0.5,-0.866025403784,0.));
#6850 = PCURVE('',#5830,#6851);
#6851 = DEFINITIONAL_REPRESENTATION('',(#6852),#6856);
#6852 = LINE('',#6853,#6854);
#6853 = CARTESIAN_POINT('',(0.,1.));
#6854 = VECTOR('',#6855,1.);
#6855 = DIRECTION('',(1.,0.));
#6856 = ( GEOMETRIC_REPRESENTATION_CONTEXT(2) 
PARAMETRIC_REPRESENTATION_CONTEXT() REPRESENTATION_CONTEXT('2D SPACE',''
  ) );
#6857 = PCURVE('',#6503,#6858);
#6858 = DEFINITIONAL_REPRESENTATION('',(#6859),#6863);
#6859 = CIRCLE('',#6860,1.5);
#6860 = AXIS2_PLACEMENT_2D('',#6861,#6862);
#6861 = CARTESIAN_POINT('',(21.25,-36.80607966083));
#6862 = DIRECTION('',(0.5,-0.866025403784));
#6863 = ( GEOMETRIC_REPRESENTATION_CONTEXT(2) 
PARAMETRIC_REPRESENTATION_CONTEXT() REPRESENTATION_CONTEXT('2D SPACE',''
  ) );
#6864 = ORIENTED_EDGE('',*,*,#6820,.T.);
#6865 = ADVANCED_FACE('',(#6866),#5861,.F.);
#6866 = FACE_BOUND('',#6867,.F.);
#6867 = EDGE_LOOP('',(#6868,#6869,#6892,#6914));
#6868 = ORIENTED_EDGE('',*,*,#5844,.F.);
#6869 = ORIENTED_EDGE('',*,*,#6870,.F.);
#6870 = EDGE_CURVE('',#6871,#5845,#6873,.T.);
#6871 = VERTEX_POINT('',#6872);
#6872 = CARTESIAN_POINT('',(31.112698372208,-31.1126983722,45.));
#6873 = SEAM_CURVE('',#6874,(#6878,#6885),.PCURVE_S1.);
#6874 = LINE('',#6875,#6876);
#6875 = CARTESIAN_POINT('',(31.112698372208,-31.1126983722,44.));
#6876 = VECTOR('',#6877,1.);
#6877 = DIRECTION('',(0.,0.,1.));
#6878 = PCURVE('',#5861,#6879);
#6879 = DEFINITIONAL_REPRESENTATION('',(#6880),#6884);
#6880 = LINE('',#6881,#6882);
#6881 = CARTESIAN_POINT('',(6.28318530718,-0.));
#6882 = VECTOR('',#6883,1.);
#6883 = DIRECTION('',(0.,1.));
#6884 = ( GEOMETRIC_REPRESENTATION_CONTEXT(2) 
PARAMETRIC_REPRESENTATION_CONTEXT() REPRESENTATION_CONTEXT('2D SPACE',''
  ) );
#6885 = PCURVE('',#5861,#6886);
#6886 = DEFINITIONAL_REPRESENTATION('',(#6887),#6891);
#6887 = LINE('',#6888,#6889);
#6888 = CARTESIAN_POINT('',(0.,-0.));
#6889 = VECTOR('',#6890,1.);
#6890 = DIRECTION('',(0.,1.));
#6891 = ( GEOMETRIC_REPRESENTATION_CONTEXT(2) 
PARAMETRIC_REPRESENTATION_CONTEXT() REPRESENTATION_CONTEXT('2D SPACE',''
  ) );
#6892 = ORIENTED_EDGE('',*,*,#6893,.T.);
#6893 = EDGE_CURVE('',#6871,#6871,#6894,.T.);
#6894 = SURFACE_CURVE('',#6895,(#6900,#6907),.PCURVE_S1.);
#6895 = CIRCLE('',#6896,1.5);
#6896 = AXIS2_PLACEMENT_3D('',#6897,#6898,#6899);
#6897 = CARTESIAN_POINT('',(30.052038200428,-30.05203820042,45.));
#6898 = DIRECTION('',(0.,0.,1.));
#6899 = DIRECTION('',(0.707106781187,-0.707106781187,0.));
#6900 = PCURVE('',#5861,#6901);
#6901 = DEFINITIONAL_REPRESENTATION('',(#6902),#6906);
#6902 = LINE('',#6903,#6904);
#6903 = CARTESIAN_POINT('',(0.,1.));
#6904 = VECTOR('',#6905,1.);
#6905 = DIRECTION('',(1.,0.));
#6906 = ( GEOMETRIC_REPRESENTATION_CONTEXT(2) 
PARAMETRIC_REPRESENTATION_CONTEXT() REPRESENTATION_CONTEXT('2D SPACE',''
  ) );
#6907 = PCURVE('',#6503,#6908);
#6908 = DEFINITIONAL_REPRESENTATION('',(#6909),#6913);
#6909 = CIRCLE('',#6910,1.5);
#6910 = AXIS2_PLACEMENT_2D('',#6911,#6912);
#6911 = CARTESIAN_POINT('',(30.052038200428,-30.05203820042));
#6912 = DIRECTION('',(0.707106781187,-0.707106781187));
#6913 = ( GEOMETRIC_REPRESENTATION_CONTEXT(2) 
PARAMETRIC_REPRESENTATION_CONTEXT() REPRESENTATION_CONTEXT('2D SPACE',''
  ) );
#6914 = ORIENTED_EDGE('',*,*,#6870,.T.);
#6915 = ADVANCED_FACE('',(#6916),#5892,.F.);
#6916 = FACE_BOUND('',#6917,.F.);
#6917 = EDGE_LOOP('',(#6918,#6919,#6942,#6964));
#6918 = ORIENTED_EDGE('',*,*,#5875,.F.);
#6919 = ORIENTED_EDGE('',*,*,#6920,.F.);
#6920 = EDGE_CURVE('',#6921,#5876,#6923,.T.);
#6921 = VERTEX_POINT('',#6922);
#6922 = CARTESIAN_POINT('',(38.105117766515,-22.,45.));
#6923 = SEAM_CURVE('',#6924,(#6928,#6935),.PCURVE_S1.);
#6924 = LINE('',#6925,#6926);
#6925 = CARTESIAN_POINT('',(38.105117766515,-22.,44.));
#6926 = VECTOR('',#6927,1.);
#6927 = DIRECTION('',(0.,0.,1.));
#6928 = PCURVE('',#5892,#6929);
#6929 = DEFINITIONAL_REPRESENTATION('',(#6930),#6934);
#6930 = LINE('',#6931,#6932);
#6931 = CARTESIAN_POINT('',(6.28318530718,-0.));
#6932 = VECTOR('',#6933,1.);
#6933 = DIRECTION('',(0.,1.));
#6934 = ( GEOMETRIC_REPRESENTATION_CONTEXT(2) 
PARAMETRIC_REPRESENTATION_CONTEXT() REPRESENTATION_CONTEXT('2D SPACE',''
  ) );
#6935 = PCURVE('',#5892,#6936);
#6936 = DEFINITIONAL_REPRESENTATION('',(#6937),#6941);
#6937 = LINE('',#6938,#6939);
#6938 = CARTESIAN_POINT('',(0.,-0.));
#6939 = VECTOR('',#6940,1.);
#6940 = DIRECTION('',(0.,1.));
#6941 = ( GEOMETRIC_REPRESENTATION_CONTEXT(2) 
PARAMETRIC_REPRESENTATION_CONTEXT() REPRESENTATION_CONTEXT('2D SPACE',''
  ) );
#6942 = ORIENTED_EDGE('',*,*,#6943,.T.);
#6943 = EDGE_CURVE('',#6921,#6921,#6944,.T.);
#6944 = SURFACE_CURVE('',#6945,(#6950,#6957),.PCURVE_S1.);
#6945 = CIRCLE('',#6946,1.5);
#6946 = AXIS2_PLACEMENT_3D('',#6947,#6948,#6949);
#6947 = CARTESIAN_POINT('',(36.806079660839,-21.25,45.));
#6948 = DIRECTION('',(0.,0.,1.));
#6949 = DIRECTION('',(0.866025403784,-0.5,0.));
#6950 = PCURVE('',#5892,#6951);
#6951 = DEFINITIONAL_REPRESENTATION('',(#6952),#6956);
#6952 = LINE('',#6953,#6954);
#6953 = CARTESIAN_POINT('',(0.,1.));
#6954 = VECTOR('',#6955,1.);
#6955 = DIRECTION('',(1.,0.));
#6956 = ( GEOMETRIC_REPRESENTATION_CONTEXT(2) 
PARAMETRIC_REPRESENTATION_CONTEXT() REPRESENTATION_CONTEXT('2D SPACE',''
  ) );
#6957 = PCURVE('',#6503,#6958);
#6958 = DEFINITIONAL_REPRESENTATION('',(#6959),#6963);
#6959 = CIRCLE('',#6960,1.5);
#6960 = AXIS2_PLACEMENT_2D('',#6961,#6962);
#6961 = CARTESIAN_POINT('',(36.806079660839,-21.25));
#6962 = DIRECTION('',(0.866025403784,-0.5));
#6963 = ( GEOMETRIC_REPRESENTATION_CONTEXT(2) 
PARAMETRIC_REPRESENTATION_CONTEXT() REPRESENTATION_CONTEXT('2D SPACE',''
  ) );
#6964 = ORIENTED_EDGE('',*,*,#6920,.T.);
#6965 = ADVANCED_FACE('',(#6966),#5923,.F.);
#6966 = FACE_BOUND('',#6967,.F.);
#6967 = EDGE_LOOP('',(#6968,#6969,#6992,#7014));
#6968 = ORIENTED_EDGE('',*,*,#5906,.F.);
#6969 = ORIENTED_EDGE('',*,*,#6970,.F.);
#6970 = EDGE_CURVE('',#6971,#5907,#6973,.T.);
#6971 = VERTEX_POINT('',#6972);
#6972 = CARTESIAN_POINT('',(42.500736356719,-11.38803798451,45.));
#6973 = SEAM_CURVE('',#6974,(#6978,#6985),.PCURVE_S1.);
#6974 = LINE('',#6975,#6976);
#6975 = CARTESIAN_POINT('',(42.500736356719,-11.38803798451,44.));
#6976 = VECTOR('',#6977,1.);
#6977 = DIRECTION('',(0.,0.,1.));
#6978 = PCURVE('',#5923,#6979);
#6979 = DEFINITIONAL_REPRESENTATION('',(#6980),#6984);
#6980 = LINE('',#6981,#6982);
#6981 = CARTESIAN_POINT('',(6.28318530718,-0.));
#6982 = VECTOR('',#6983,1.);
#6983 = DIRECTION('',(0.,1.));
#6984 = ( GEOMETRIC_REPRESENTATION_CONTEXT(2) 
PARAMETRIC_REPRESENTATION_CONTEXT() REPRESENTATION_CONTEXT('2D SPACE',''
  ) );
#6985 = PCURVE('',#5923,#6986);
#6986 = DEFINITIONAL_REPRESENTATION('',(#6987),#6991);
#6987 = LINE('',#6988,#6989);
#6988 = CARTESIAN_POINT('',(0.,-0.));
#6989 = VECTOR('',#6990,1.);
#6990 = DIRECTION('',(0.,1.));
#6991 = ( GEOMETRIC_REPRESENTATION_CONTEXT(2) 
PARAMETRIC_REPRESENTATION_CONTEXT() REPRESENTATION_CONTEXT('2D SPACE',''
  ) );
#6992 = ORIENTED_EDGE('',*,*,#6993,.T.);
#6993 = EDGE_CURVE('',#6971,#6971,#6994,.T.);
#6994 = SURFACE_CURVE('',#6995,(#7000,#7007),.PCURVE_S1.);
#6995 = CIRCLE('',#6996,1.5);
#6996 = AXIS2_PLACEMENT_3D('',#6997,#6998,#6999);
#6997 = CARTESIAN_POINT('',(41.051847617285,-10.99980941685,45.));
#6998 = DIRECTION('',(0.,0.,1.));
#6999 = DIRECTION('',(0.965925826289,-0.258819045103,0.));
#7000 = PCURVE('',#5923,#7001);
#7001 = DEFINITIONAL_REPRESENTATION('',(#7002),#7006);
#7002 = LINE('',#7003,#7004);
#7003 = CARTESIAN_POINT('',(0.,1.));
#7004 = VECTOR('',#7005,1.);
#7005 = DIRECTION('',(1.,0.));
#7006 = ( GEOMETRIC_REPRESENTATION_CONTEXT(2) 
PARAMETRIC_REPRESENTATION_CONTEXT() REPRESENTATION_CONTEXT('2D SPACE',''
  ) );
#7007 = PCURVE('',#6503,#7008);
#7008 = DEFINITIONAL_REPRESENTATION('',(#7009),#7013);
#7009 = CIRCLE('',#7010,1.5);
#7010 = AXIS2_PLACEMENT_2D('',#7011,#7012);
#7011 = CARTESIAN_POINT('',(41.051847617285,-10.99980941685));
#7012 = DIRECTION('',(0.965925826289,-0.258819045103));
#7013 = ( GEOMETRIC_REPRESENTATION_CONTEXT(2) 
PARAMETRIC_REPRESENTATION_CONTEXT() REPRESENTATION_CONTEXT('2D SPACE',''
  ) );
#7014 = ORIENTED_EDGE('',*,*,#6970,.T.);
#7015 = ADVANCED_FACE('',(#7016),#5954,.F.);
#7016 = FACE_BOUND('',#7017,.F.);
#7017 = EDGE_LOOP('',(#7018,#7019,#7042,#7064));
#7018 = ORIENTED_EDGE('',*,*,#5937,.F.);
#7019 = ORIENTED_EDGE('',*,*,#7020,.F.);
#7020 = EDGE_CURVE('',#7021,#5938,#7023,.T.);
#7021 = VERTEX_POINT('',#7022);
#7022 = CARTESIAN_POINT('',(-44.,5.755839955993E-15,45.));
#7023 = SEAM_CURVE('',#7024,(#7028,#7035),.PCURVE_S1.);
#7024 = LINE('',#7025,#7026);
#7025 = CARTESIAN_POINT('',(-44.,5.755839955993E-15,44.));
#7026 = VECTOR('',#7027,1.);
#7027 = DIRECTION('',(0.,0.,1.));
#7028 = PCURVE('',#5954,#7029);
#7029 = DEFINITIONAL_REPRESENTATION('',(#7030),#7034);
#7030 = LINE('',#7031,#7032);
#7031 = CARTESIAN_POINT('',(6.28318530718,-0.));
#7032 = VECTOR('',#7033,1.);
#7033 = DIRECTION('',(0.,1.));
#7034 = ( GEOMETRIC_REPRESENTATION_CONTEXT(2) 
PARAMETRIC_REPRESENTATION_CONTEXT() REPRESENTATION_CONTEXT('2D SPACE',''
  ) );
#7035 = PCURVE('',#5954,#7036);
#7036 = DEFINITIONAL_REPRESENTATION('',(#7037),#7041);
#7037 = LINE('',#7038,#7039);
#7038 = CARTESIAN_POINT('',(0.,-0.));
#7039 = VECTOR('',#7040,1.);
#7040 = DIRECTION('',(0.,1.));
#7041 = ( GEOMETRIC_REPRESENTATION_CONTEXT(2) 
PARAMETRIC_REPRESENTATION_CONTEXT() REPRESENTATION_CONTEXT('2D SPACE',''
  ) );
#7042 = ORIENTED_EDGE('',*,*,#7043,.T.);
#7043 = EDGE_CURVE('',#7021,#7021,#7044,.T.);
#7044 = SURFACE_CURVE('',#7045,(#7050,#7057),.PCURVE_S1.);
#7045 = CIRCLE('',#7046,1.5);
#7046 = AXIS2_PLACEMENT_3D('',#7047,#7048,#7049);
#7047 = CARTESIAN_POINT('',(-42.5,5.204748896376E-15,45.));
#7048 = DIRECTION('',(0.,0.,1.));
#7049 = DIRECTION('',(-1.,1.224646799147E-16,0.));
#7050 = PCURVE('',#5954,#7051);
#7051 = DEFINITIONAL_REPRESENTATION('',(#7052),#7056);
#7052 = LINE('',#7053,#7054);
#7053 = CARTESIAN_POINT('',(0.,1.));
#7054 = VECTOR('',#7055,1.);
#7055 = DIRECTION('',(1.,0.));
#7056 = ( GEOMETRIC_REPRESENTATION_CONTEXT(2) 
PARAMETRIC_REPRESENTATION_CONTEXT() REPRESENTATION_CONTEXT('2D SPACE',''
  ) );
#7057 = PCURVE('',#6503,#7058);
#7058 = DEFINITIONAL_REPRESENTATION('',(#7059),#7063);
#7059 = CIRCLE('',#7060,1.5);
#7060 = AXIS2_PLACEMENT_2D('',#7061,#7062);
#7061 = CARTESIAN_POINT('',(-42.5,5.204748896376E-15));
#7062 = DIRECTION('',(-1.,1.224646799147E-16));
#7063 = ( GEOMETRIC_REPRESENTATION_CONTEXT(2) 
PARAMETRIC_REPRESENTATION_CONTEXT() REPRESENTATION_CONTEXT('2D SPACE',''
  ) );
#7064 = ORIENTED_EDGE('',*,*,#7020,.T.);
#7065 = ADVANCED_FACE('',(#7066),#5985,.F.);
#7066 = FACE_BOUND('',#7067,.F.);
#7067 = EDGE_LOOP('',(#7068,#7069,#7092,#7114));
#7068 = ORIENTED_EDGE('',*,*,#5968,.F.);
#7069 = ORIENTED_EDGE('',*,*,#7070,.F.);
#7070 = EDGE_CURVE('',#7071,#5969,#7073,.T.);
#7071 = VERTEX_POINT('',#7072);
#7072 = CARTESIAN_POINT('',(-42.50073635671,11.388037984511,45.));
#7073 = SEAM_CURVE('',#7074,(#7078,#7085),.PCURVE_S1.);
#7074 = LINE('',#7075,#7076);
#7075 = CARTESIAN_POINT('',(-42.50073635671,11.388037984511,44.));
#7076 = VECTOR('',#7077,1.);
#7077 = DIRECTION('',(0.,0.,1.));
#7078 = PCURVE('',#5985,#7079);
#7079 = DEFINITIONAL_REPRESENTATION('',(#7080),#7084);
#7080 = LINE('',#7081,#7082);
#7081 = CARTESIAN_POINT('',(6.28318530718,-0.));
#7082 = VECTOR('',#7083,1.);
#7083 = DIRECTION('',(0.,1.));
#7084 = ( GEOMETRIC_REPRESENTATION_CONTEXT(2) 
PARAMETRIC_REPRESENTATION_CONTEXT() REPRESENTATION_CONTEXT('2D SPACE',''
  ) );
#7085 = PCURVE('',#5985,#7086);
#7086 = DEFINITIONAL_REPRESENTATION('',(#7087),#7091);
#7087 = LINE('',#7088,#7089);
#7088 = CARTESIAN_POINT('',(0.,-0.));
#7089 = VECTOR('',#7090,1.);
#7090 = DIRECTION('',(0.,1.));
#7091 = ( GEOMETRIC_REPRESENTATION_CONTEXT(2) 
PARAMETRIC_REPRESENTATION_CONTEXT() REPRESENTATION_CONTEXT('2D SPACE',''
  ) );
#7092 = ORIENTED_EDGE('',*,*,#7093,.T.);
#7093 = EDGE_CURVE('',#7071,#7071,#7094,.T.);
#7094 = SURFACE_CURVE('',#7095,(#7100,#7107),.PCURVE_S1.);
#7095 = CIRCLE('',#7096,1.5);
#7096 = AXIS2_PLACEMENT_3D('',#7097,#7098,#7099);
#7097 = CARTESIAN_POINT('',(-41.05184761728,10.999809416857,45.));
#7098 = DIRECTION('',(0.,0.,1.));
#7099 = DIRECTION('',(-0.965925826289,0.258819045103,0.));
#7100 = PCURVE('',#5985,#7101);
#7101 = DEFINITIONAL_REPRESENTATION('',(#7102),#7106);
#7102 = LINE('',#7103,#7104);
#7103 = CARTESIAN_POINT('',(0.,1.));
#7104 = VECTOR('',#7105,1.);
#7105 = DIRECTION('',(1.,0.));
#7106 = ( GEOMETRIC_REPRESENTATION_CONTEXT(2) 
PARAMETRIC_REPRESENTATION_CONTEXT() REPRESENTATION_CONTEXT('2D SPACE',''
  ) );
#7107 = PCURVE('',#6503,#7108);
#7108 = DEFINITIONAL_REPRESENTATION('',(#7109),#7113);
#7109 = CIRCLE('',#7110,1.5);
#7110 = AXIS2_PLACEMENT_2D('',#7111,#7112);
#7111 = CARTESIAN_POINT('',(-41.05184761728,10.999809416857));
#7112 = DIRECTION('',(-0.965925826289,0.258819045103));
#7113 = ( GEOMETRIC_REPRESENTATION_CONTEXT(2) 
PARAMETRIC_REPRESENTATION_CONTEXT() REPRESENTATION_CONTEXT('2D SPACE',''
  ) );
#7114 = ORIENTED_EDGE('',*,*,#7070,.T.);
#7115 = ADVANCED_FACE('',(#7116),#6016,.F.);
#7116 = FACE_BOUND('',#7117,.F.);
#7117 = EDGE_LOOP('',(#7118,#7119,#7142,#7164));
#7118 = ORIENTED_EDGE('',*,*,#5999,.F.);
#7119 = ORIENTED_EDGE('',*,*,#7120,.F.);
#7120 = EDGE_CURVE('',#7121,#6000,#7123,.T.);
#7121 = VERTEX_POINT('',#7122);
#7122 = CARTESIAN_POINT('',(-38.10511776651,22.,45.));
#7123 = SEAM_CURVE('',#7124,(#7128,#7135),.PCURVE_S1.);
#7124 = LINE('',#7125,#7126);
#7125 = CARTESIAN_POINT('',(-38.10511776651,22.,44.));
#7126 = VECTOR('',#7127,1.);
#7127 = DIRECTION('',(0.,0.,1.));
#7128 = PCURVE('',#6016,#7129);
#7129 = DEFINITIONAL_REPRESENTATION('',(#7130),#7134);
#7130 = LINE('',#7131,#7132);
#7131 = CARTESIAN_POINT('',(6.28318530718,-0.));
#7132 = VECTOR('',#7133,1.);
#7133 = DIRECTION('',(0.,1.));
#7134 = ( GEOMETRIC_REPRESENTATION_CONTEXT(2) 
PARAMETRIC_REPRESENTATION_CONTEXT() REPRESENTATION_CONTEXT('2D SPACE',''
  ) );
#7135 = PCURVE('',#6016,#7136);
#7136 = DEFINITIONAL_REPRESENTATION('',(#7137),#7141);
#7137 = LINE('',#7138,#7139);
#7138 = CARTESIAN_POINT('',(0.,-0.));
#7139 = VECTOR('',#7140,1.);
#7140 = DIRECTION('',(0.,1.));
#7141 = ( GEOMETRIC_REPRESENTATION_CONTEXT(2) 
PARAMETRIC_REPRESENTATION_CONTEXT() REPRESENTATION_CONTEXT('2D SPACE',''
  ) );
#7142 = ORIENTED_EDGE('',*,*,#7143,.T.);
#7143 = EDGE_CURVE('',#7121,#7121,#7144,.T.);
#7144 = SURFACE_CURVE('',#7145,(#7150,#7157),.PCURVE_S1.);
#7145 = CIRCLE('',#7146,1.5);
#7146 = AXIS2_PLACEMENT_3D('',#7147,#7148,#7149);
#7147 = CARTESIAN_POINT('',(-36.80607966083,21.25,45.));
#7148 = DIRECTION('',(0.,0.,1.));
#7149 = DIRECTION('',(-0.866025403784,0.5,0.));
#7150 = PCURVE('',#6016,#7151);
#7151 = DEFINITIONAL_REPRESENTATION('',(#7152),#7156);
#7152 = LINE('',#7153,#7154);
#7153 = CARTESIAN_POINT('',(0.,1.));
#7154 = VECTOR('',#7155,1.);
#7155 = DIRECTION('',(1.,0.));
#7156 = ( GEOMETRIC_REPRESENTATION_CONTEXT(2) 
PARAMETRIC_REPRESENTATION_CONTEXT() REPRESENTATION_CONTEXT('2D SPACE',''
  ) );
#7157 = PCURVE('',#6503,#7158);
#7158 = DEFINITIONAL_REPRESENTATION('',(#7159),#7163);
#7159 = CIRCLE('',#7160,1.5);
#7160 = AXIS2_PLACEMENT_2D('',#7161,#7162);
#7161 = CARTESIAN_POINT('',(-36.80607966083,21.25));
#7162 = DIRECTION('',(-0.866025403784,0.5));
#7163 = ( GEOMETRIC_REPRESENTATION_CONTEXT(2) 
PARAMETRIC_REPRESENTATION_CONTEXT() REPRESENTATION_CONTEXT('2D SPACE',''
  ) );
#7164 = ORIENTED_EDGE('',*,*,#7120,.T.);
#7165 = ADVANCED_FACE('',(#7166),#6047,.F.);
#7166 = FACE_BOUND('',#7167,.F.);
#7167 = EDGE_LOOP('',(#7168,#7169,#7192,#7214));
#7168 = ORIENTED_EDGE('',*,*,#6030,.F.);
#7169 = ORIENTED_EDGE('',*,*,#7170,.F.);
#7170 = EDGE_CURVE('',#7171,#6031,#7173,.T.);
#7171 = VERTEX_POINT('',#7172);
#7172 = CARTESIAN_POINT('',(-31.1126983722,31.112698372208,45.));
#7173 = SEAM_CURVE('',#7174,(#7178,#7185),.PCURVE_S1.);
#7174 = LINE('',#7175,#7176);
#7175 = CARTESIAN_POINT('',(-31.1126983722,31.112698372208,44.));
#7176 = VECTOR('',#7177,1.);
#7177 = DIRECTION('',(0.,0.,1.));
#7178 = PCURVE('',#6047,#7179);
#7179 = DEFINITIONAL_REPRESENTATION('',(#7180),#7184);
#7180 = LINE('',#7181,#7182);
#7181 = CARTESIAN_POINT('',(6.28318530718,-0.));
#7182 = VECTOR('',#7183,1.);
#7183 = DIRECTION('',(0.,1.));
#7184 = ( GEOMETRIC_REPRESENTATION_CONTEXT(2) 
PARAMETRIC_REPRESENTATION_CONTEXT() REPRESENTATION_CONTEXT('2D SPACE',''
  ) );
#7185 = PCURVE('',#6047,#7186);
#7186 = DEFINITIONAL_REPRESENTATION('',(#7187),#7191);
#7187 = LINE('',#7188,#7189);
#7188 = CARTESIAN_POINT('',(0.,-0.));
#7189 = VECTOR('',#7190,1.);
#7190 = DIRECTION('',(0.,1.));
#7191 = ( GEOMETRIC_REPRESENTATION_CONTEXT(2) 
PARAMETRIC_REPRESENTATION_CONTEXT() REPRESENTATION_CONTEXT('2D SPACE',''
  ) );
#7192 = ORIENTED_EDGE('',*,*,#7193,.T.);
#7193 = EDGE_CURVE('',#7171,#7171,#7194,.T.);
#7194 = SURFACE_CURVE('',#7195,(#7200,#7207),.PCURVE_S1.);
#7195 = CIRCLE('',#7196,1.5);
#7196 = AXIS2_PLACEMENT_3D('',#7197,#7198,#7199);
#7197 = CARTESIAN_POINT('',(-30.05203820042,30.052038200428,45.));
#7198 = DIRECTION('',(0.,0.,1.));
#7199 = DIRECTION('',(-0.707106781187,0.707106781187,0.));
#7200 = PCURVE('',#6047,#7201);
#7201 = DEFINITIONAL_REPRESENTATION('',(#7202),#7206);
#7202 = LINE('',#7203,#7204);
#7203 = CARTESIAN_POINT('',(0.,1.));
#7204 = VECTOR('',#7205,1.);
#7205 = DIRECTION('',(1.,0.));
#7206 = ( GEOMETRIC_REPRESENTATION_CONTEXT(2) 
PARAMETRIC_REPRESENTATION_CONTEXT() REPRESENTATION_CONTEXT('2D SPACE',''
  ) );
#7207 = PCURVE('',#6503,#7208);
#7208 = DEFINITIONAL_REPRESENTATION('',(#7209),#7213);
#7209 = CIRCLE('',#7210,1.5);
#7210 = AXIS2_PLACEMENT_2D('',#7211,#7212);
#7211 = CARTESIAN_POINT('',(-30.05203820042,30.052038200428));
#7212 = DIRECTION('',(-0.707106781187,0.707106781187));
#7213 = ( GEOMETRIC_REPRESENTATION_CONTEXT(2) 
PARAMETRIC_REPRESENTATION_CONTEXT() REPRESENTATION_CONTEXT('2D SPACE',''
  ) );
#7214 = ORIENTED_EDGE('',*,*,#7170,.T.);
#7215 = ADVANCED_FACE('',(#7216),#6078,.F.);
#7216 = FACE_BOUND('',#7217,.F.);
#7217 = EDGE_LOOP('',(#7218,#7219,#7242,#7264));
#7218 = ORIENTED_EDGE('',*,*,#6061,.F.);
#7219 = ORIENTED_EDGE('',*,*,#7220,.F.);
#7220 = EDGE_CURVE('',#7221,#6062,#7223,.T.);
#7221 = VERTEX_POINT('',#7222);
#7222 = CARTESIAN_POINT('',(-22.,38.105117766515,45.));
#7223 = SEAM_CURVE('',#7224,(#7228,#7235),.PCURVE_S1.);
#7224 = LINE('',#7225,#7226);
#7225 = CARTESIAN_POINT('',(-22.,38.105117766515,44.));
#7226 = VECTOR('',#7227,1.);
#7227 = DIRECTION('',(0.,0.,1.));
#7228 = PCURVE('',#6078,#7229);
#7229 = DEFINITIONAL_REPRESENTATION('',(#7230),#7234);
#7230 = LINE('',#7231,#7232);
#7231 = CARTESIAN_POINT('',(6.28318530718,-0.));
#7232 = VECTOR('',#7233,1.);
#7233 = DIRECTION('',(0.,1.));
#7234 = ( GEOMETRIC_REPRESENTATION_CONTEXT(2) 
PARAMETRIC_REPRESENTATION_CONTEXT() REPRESENTATION_CONTEXT('2D SPACE',''
  ) );
#7235 = PCURVE('',#6078,#7236);
#7236 = DEFINITIONAL_REPRESENTATION('',(#7237),#7241);
#7237 = LINE('',#7238,#7239);
#7238 = CARTESIAN_POINT('',(0.,-0.));
#7239 = VECTOR('',#7240,1.);
#7240 = DIRECTION('',(0.,1.));
#7241 = ( GEOMETRIC_REPRESENTATION_CONTEXT(2) 
PARAMETRIC_REPRESENTATION_CONTEXT() REPRESENTATION_CONTEXT('2D SPACE',''
  ) );
#7242 = ORIENTED_EDGE('',*,*,#7243,.T.);
#7243 = EDGE_CURVE('',#7221,#7221,#7244,.T.);
#7244 = SURFACE_CURVE('',#7245,(#7250,#7257),.PCURVE_S1.);
#7245 = CIRCLE('',#7246,1.5);
#7246 = AXIS2_PLACEMENT_3D('',#7247,#7248,#7249);
#7247 = CARTESIAN_POINT('',(-21.25,36.806079660839,45.));
#7248 = DIRECTION('',(0.,0.,1.));
#7249 = DIRECTION('',(-0.5,0.866025403784,0.));
#7250 = PCURVE('',#6078,#7251);
#7251 = DEFINITIONAL_REPRESENTATION('',(#7252),#7256);
#7252 = LINE('',#7253,#7254);
#7253 = CARTESIAN_POINT('',(0.,1.));
#7254 = VECTOR('',#7255,1.);
#7255 = DIRECTION('',(1.,0.));
#7256 = ( GEOMETRIC_REPRESENTATION_CONTEXT(2) 
PARAMETRIC_REPRESENTATION_CONTEXT() REPRESENTATION_CONTEXT('2D SPACE',''
  ) );
#7257 = PCURVE('',#6503,#7258);
#7258 = DEFINITIONAL_REPRESENTATION('',(#7259),#7263);
#7259 = CIRCLE('',#7260,1.5);
#7260 = AXIS2_PLACEMENT_2D('',#7261,#7262);
#7261 = CARTESIAN_POINT('',(-21.25,36.806079660839));
#7262 = DIRECTION('',(-0.5,0.866025403784));
#7263 = ( GEOMETRIC_REPRESENTATION_CONTEXT(2) 
PARAMETRIC_REPRESENTATION_CONTEXT() REPRESENTATION_CONTEXT('2D SPACE',''
  ) );
#7264 = ORIENTED_EDGE('',*,*,#7220,.T.);
#7265 = ADVANCED_FACE('',(#7266),#6109,.F.);
#7266 = FACE_BOUND('',#7267,.F.);
#7267 = EDGE_LOOP('',(#7268,#7269,#7292,#7314));
#7268 = ORIENTED_EDGE('',*,*,#6092,.F.);
#7269 = ORIENTED_EDGE('',*,*,#7270,.F.);
#7270 = EDGE_CURVE('',#7271,#6093,#7273,.T.);
#7271 = VERTEX_POINT('',#7272);
#7272 = CARTESIAN_POINT('',(-11.38803798451,42.500736356719,45.));
#7273 = SEAM_CURVE('',#7274,(#7278,#7285),.PCURVE_S1.);
#7274 = LINE('',#7275,#7276);
#7275 = CARTESIAN_POINT('',(-11.38803798451,42.500736356719,44.));
#7276 = VECTOR('',#7277,1.);
#7277 = DIRECTION('',(0.,0.,1.));
#7278 = PCURVE('',#6109,#7279);
#7279 = DEFINITIONAL_REPRESENTATION('',(#7280),#7284);
#7280 = LINE('',#7281,#7282);
#7281 = CARTESIAN_POINT('',(6.28318530718,-0.));
#7282 = VECTOR('',#7283,1.);
#7283 = DIRECTION('',(0.,1.));
#7284 = ( GEOMETRIC_REPRESENTATION_CONTEXT(2) 
PARAMETRIC_REPRESENTATION_CONTEXT() REPRESENTATION_CONTEXT('2D SPACE',''
  ) );
#7285 = PCURVE('',#6109,#7286);
#7286 = DEFINITIONAL_REPRESENTATION('',(#7287),#7291);
#7287 = LINE('',#7288,#7289);
#7288 = CARTESIAN_POINT('',(0.,-0.));
#7289 = VECTOR('',#7290,1.);
#7290 = DIRECTION('',(0.,1.));
#7291 = ( GEOMETRIC_REPRESENTATION_CONTEXT(2) 
PARAMETRIC_REPRESENTATION_CONTEXT() REPRESENTATION_CONTEXT('2D SPACE',''
  ) );
#7292 = ORIENTED_EDGE('',*,*,#7293,.T.);
#7293 = EDGE_CURVE('',#7271,#7271,#7294,.T.);
#7294 = SURFACE_CURVE('',#7295,(#7300,#7307),.PCURVE_S1.);
#7295 = CIRCLE('',#7296,1.5);
#7296 = AXIS2_PLACEMENT_3D('',#7297,#7298,#7299);
#7297 = CARTESIAN_POINT('',(-10.99980941685,41.051847617285,45.));
#7298 = DIRECTION('',(0.,0.,1.));
#7299 = DIRECTION('',(-0.258819045103,0.965925826289,0.));
#7300 = PCURVE('',#6109,#7301);
#7301 = DEFINITIONAL_REPRESENTATION('',(#7302),#7306);
#7302 = LINE('',#7303,#7304);
#7303 = CARTESIAN_POINT('',(0.,1.));
#7304 = VECTOR('',#7305,1.);
#7305 = DIRECTION('',(1.,0.));
#7306 = ( GEOMETRIC_REPRESENTATION_CONTEXT(2) 
PARAMETRIC_REPRESENTATION_CONTEXT() REPRESENTATION_CONTEXT('2D SPACE',''
  ) );
#7307 = PCURVE('',#6503,#7308);
#7308 = DEFINITIONAL_REPRESENTATION('',(#7309),#7313);
#7309 = CIRCLE('',#7310,1.5);
#7310 = AXIS2_PLACEMENT_2D('',#7311,#7312);
#7311 = CARTESIAN_POINT('',(-10.99980941685,41.051847617285));
#7312 = DIRECTION('',(-0.258819045103,0.965925826289));
#7313 = ( GEOMETRIC_REPRESENTATION_CONTEXT(2) 
PARAMETRIC_REPRESENTATION_CONTEXT() REPRESENTATION_CONTEXT('2D SPACE',''
  ) );
#7314 = ORIENTED_EDGE('',*,*,#7270,.T.);
#7315 = ADVANCED_FACE('',(#7316),#6140,.F.);
#7316 = FACE_BOUND('',#7317,.F.);
#7317 = EDGE_LOOP('',(#7318,#7319,#7340,#7341));
#7318 = ORIENTED_EDGE('',*,*,#6123,.F.);
#7319 = ORIENTED_EDGE('',*,*,#7320,.F.);
#7320 = EDGE_CURVE('',#6407,#6124,#7321,.T.);
#7321 = SEAM_CURVE('',#7322,(#7326,#7333),.PCURVE_S1.);
#7322 = LINE('',#7323,#7324);
#7323 = CARTESIAN_POINT('',(36.,-8.817456953861E-15,26.));
#7324 = VECTOR('',#7325,1.);
#7325 = DIRECTION('',(0.,0.,1.));
#7326 = PCURVE('',#6140,#7327);
#7327 = DEFINITIONAL_REPRESENTATION('',(#7328),#7332);
#7328 = LINE('',#7329,#7330);
#7329 = CARTESIAN_POINT('',(6.28318530718,-0.));
#7330 = VECTOR('',#7331,1.);
#7331 = DIRECTION('',(0.,1.));
#7332 = ( GEOMETRIC_REPRESENTATION_CONTEXT(2) 
PARAMETRIC_REPRESENTATION_CONTEXT() REPRESENTATION_CONTEXT('2D SPACE',''
  ) );
#7333 = PCURVE('',#6140,#7334);
#7334 = DEFINITIONAL_REPRESENTATION('',(#7335),#7339);
#7335 = LINE('',#7336,#7337);
#7336 = CARTESIAN_POINT('',(0.,-0.));
#7337 = VECTOR('',#7338,1.);
#7338 = DIRECTION('',(0.,1.));
#7339 = ( GEOMETRIC_REPRESENTATION_CONTEXT(2) 
PARAMETRIC_REPRESENTATION_CONTEXT() REPRESENTATION_CONTEXT('2D SPACE',''
  ) );
#7340 = ORIENTED_EDGE('',*,*,#6406,.T.);
#7341 = ORIENTED_EDGE('',*,*,#7320,.T.);
#7342 = ADVANCED_FACE('',(#7343),#6171,.F.);
#7343 = FACE_BOUND('',#7344,.F.);
#7344 = EDGE_LOOP('',(#7345,#7346,#7369,#7391));
#7345 = ORIENTED_EDGE('',*,*,#6154,.F.);
#7346 = ORIENTED_EDGE('',*,*,#7347,.F.);
#7347 = EDGE_CURVE('',#7348,#6155,#7350,.T.);
#7348 = VERTEX_POINT('',#7349);
#7349 = CARTESIAN_POINT('',(44.,-3.673940397442E-16,45.));
#7350 = SEAM_CURVE('',#7351,(#7355,#7362),.PCURVE_S1.);
#7351 = LINE('',#7352,#7353);
#7352 = CARTESIAN_POINT('',(44.,-3.673940397442E-16,44.));
#7353 = VECTOR('',#7354,1.);
#7354 = DIRECTION('',(0.,0.,1.));
#7355 = PCURVE('',#6171,#7356);
#7356 = DEFINITIONAL_REPRESENTATION('',(#7357),#7361);
#7357 = LINE('',#7358,#7359);
#7358 = CARTESIAN_POINT('',(6.28318530718,-0.));
#7359 = VECTOR('',#7360,1.);
#7360 = DIRECTION('',(0.,1.));
#7361 = ( GEOMETRIC_REPRESENTATION_CONTEXT(2) 
PARAMETRIC_REPRESENTATION_CONTEXT() REPRESENTATION_CONTEXT('2D SPACE',''
  ) );
#7362 = PCURVE('',#6171,#7363);
#7363 = DEFINITIONAL_REPRESENTATION('',(#7364),#7368);
#7364 = LINE('',#7365,#7366);
#7365 = CARTESIAN_POINT('',(0.,-0.));
#7366 = VECTOR('',#7367,1.);
#7367 = DIRECTION('',(0.,1.));
#7368 = ( GEOMETRIC_REPRESENTATION_CONTEXT(2) 
PARAMETRIC_REPRESENTATION_CONTEXT() REPRESENTATION_CONTEXT('2D SPACE',''
  ) );
#7369 = ORIENTED_EDGE('',*,*,#7370,.T.);
#7370 = EDGE_CURVE('',#7348,#7348,#7371,.T.);
#7371 = SURFACE_CURVE('',#7372,(#7377,#7384),.PCURVE_S1.);
#7372 = CIRCLE('',#7373,1.5);
#7373 = AXIS2_PLACEMENT_3D('',#7374,#7375,#7376);
#7374 = CARTESIAN_POINT('',(42.5,0.,45.));
#7375 = DIRECTION('',(0.,0.,1.));
#7376 = DIRECTION('',(1.,0.,-0.));
#7377 = PCURVE('',#6171,#7378);
#7378 = DEFINITIONAL_REPRESENTATION('',(#7379),#7383);
#7379 = LINE('',#7380,#7381);
#7380 = CARTESIAN_POINT('',(0.,1.));
#7381 = VECTOR('',#7382,1.);
#7382 = DIRECTION('',(1.,0.));
#7383 = ( GEOMETRIC_REPRESENTATION_CONTEXT(2) 
PARAMETRIC_REPRESENTATION_CONTEXT() REPRESENTATION_CONTEXT('2D SPACE',''
  ) );
#7384 = PCURVE('',#6503,#7385);
#7385 = DEFINITIONAL_REPRESENTATION('',(#7386),#7390);
#7386 = CIRCLE('',#7387,1.5);
#7387 = AXIS2_PLACEMENT_2D('',#7388,#7389);
#7388 = CARTESIAN_POINT('',(42.5,0.));
#7389 = DIRECTION('',(1.,0.));
#7390 = ( GEOMETRIC_REPRESENTATION_CONTEXT(2) 
PARAMETRIC_REPRESENTATION_CONTEXT() REPRESENTATION_CONTEXT('2D SPACE',''
  ) );
#7391 = ORIENTED_EDGE('',*,*,#7347,.T.);
#7392 = ADVANCED_FACE('',(#7393),#6202,.F.);
#7393 = FACE_BOUND('',#7394,.F.);
#7394 = EDGE_LOOP('',(#7395,#7396,#7419,#7441));
#7395 = ORIENTED_EDGE('',*,*,#6185,.F.);
#7396 = ORIENTED_EDGE('',*,*,#7397,.F.);
#7397 = EDGE_CURVE('',#7398,#6186,#7400,.T.);
#7398 = VERTEX_POINT('',#7399);
#7399 = CARTESIAN_POINT('',(42.500736356719,11.388037984511,45.));
#7400 = SEAM_CURVE('',#7401,(#7405,#7412),.PCURVE_S1.);
#7401 = LINE('',#7402,#7403);
#7402 = CARTESIAN_POINT('',(42.500736356719,11.388037984511,44.));
#7403 = VECTOR('',#7404,1.);
#7404 = DIRECTION('',(0.,0.,1.));
#7405 = PCURVE('',#6202,#7406);
#7406 = DEFINITIONAL_REPRESENTATION('',(#7407),#7411);
#7407 = LINE('',#7408,#7409);
#7408 = CARTESIAN_POINT('',(6.28318530718,-0.));
#7409 = VECTOR('',#7410,1.);
#7410 = DIRECTION('',(0.,1.));
#7411 = ( GEOMETRIC_REPRESENTATION_CONTEXT(2) 
PARAMETRIC_REPRESENTATION_CONTEXT() REPRESENTATION_CONTEXT('2D SPACE',''
  ) );
#7412 = PCURVE('',#6202,#7413);
#7413 = DEFINITIONAL_REPRESENTATION('',(#7414),#7418);
#7414 = LINE('',#7415,#7416);
#7415 = CARTESIAN_POINT('',(0.,-0.));
#7416 = VECTOR('',#7417,1.);
#7417 = DIRECTION('',(0.,1.));
#7418 = ( GEOMETRIC_REPRESENTATION_CONTEXT(2) 
PARAMETRIC_REPRESENTATION_CONTEXT() REPRESENTATION_CONTEXT('2D SPACE',''
  ) );
#7419 = ORIENTED_EDGE('',*,*,#7420,.T.);
#7420 = EDGE_CURVE('',#7398,#7398,#7421,.T.);
#7421 = SURFACE_CURVE('',#7422,(#7427,#7434),.PCURVE_S1.);
#7422 = CIRCLE('',#7423,1.5);
#7423 = AXIS2_PLACEMENT_3D('',#7424,#7425,#7426);
#7424 = CARTESIAN_POINT('',(41.051847617285,10.999809416857,45.));
#7425 = DIRECTION('',(0.,0.,1.));
#7426 = DIRECTION('',(0.965925826289,0.258819045103,-0.));
#7427 = PCURVE('',#6202,#7428);
#7428 = DEFINITIONAL_REPRESENTATION('',(#7429),#7433);
#7429 = LINE('',#7430,#7431);
#7430 = CARTESIAN_POINT('',(0.,1.));
#7431 = VECTOR('',#7432,1.);
#7432 = DIRECTION('',(1.,0.));
#7433 = ( GEOMETRIC_REPRESENTATION_CONTEXT(2) 
PARAMETRIC_REPRESENTATION_CONTEXT() REPRESENTATION_CONTEXT('2D SPACE',''
  ) );
#7434 = PCURVE('',#6503,#7435);
#7435 = DEFINITIONAL_REPRESENTATION('',(#7436),#7440);
#7436 = CIRCLE('',#7437,1.5);
#7437 = AXIS2_PLACEMENT_2D('',#7438,#7439);
#7438 = CARTESIAN_POINT('',(41.051847617285,10.999809416857));
#7439 = DIRECTION('',(0.965925826289,0.258819045103));
#7440 = ( GEOMETRIC_REPRESENTATION_CONTEXT(2) 
PARAMETRIC_REPRESENTATION_CONTEXT() REPRESENTATION_CONTEXT('2D SPACE',''
  ) );
#7441 = ORIENTED_EDGE('',*,*,#7397,.T.);
#7442 = ADVANCED_FACE('',(#7443),#6233,.F.);
#7443 = FACE_BOUND('',#7444,.F.);
#7444 = EDGE_LOOP('',(#7445,#7446,#7469,#7491));
#7445 = ORIENTED_EDGE('',*,*,#6216,.F.);
#7446 = ORIENTED_EDGE('',*,*,#7447,.F.);
#7447 = EDGE_CURVE('',#7448,#6217,#7450,.T.);
#7448 = VERTEX_POINT('',#7449);
#7449 = CARTESIAN_POINT('',(38.105117766515,22.,45.));
#7450 = SEAM_CURVE('',#7451,(#7455,#7462),.PCURVE_S1.);
#7451 = LINE('',#7452,#7453);
#7452 = CARTESIAN_POINT('',(38.105117766515,22.,44.));
#7453 = VECTOR('',#7454,1.);
#7454 = DIRECTION('',(0.,0.,1.));
#7455 = PCURVE('',#6233,#7456);
#7456 = DEFINITIONAL_REPRESENTATION('',(#7457),#7461);
#7457 = LINE('',#7458,#7459);
#7458 = CARTESIAN_POINT('',(6.28318530718,-0.));
#7459 = VECTOR('',#7460,1.);
#7460 = DIRECTION('',(0.,1.));
#7461 = ( GEOMETRIC_REPRESENTATION_CONTEXT(2) 
PARAMETRIC_REPRESENTATION_CONTEXT() REPRESENTATION_CONTEXT('2D SPACE',''
  ) );
#7462 = PCURVE('',#6233,#7463);
#7463 = DEFINITIONAL_REPRESENTATION('',(#7464),#7468);
#7464 = LINE('',#7465,#7466);
#7465 = CARTESIAN_POINT('',(0.,-0.));
#7466 = VECTOR('',#7467,1.);
#7467 = DIRECTION('',(0.,1.));
#7468 = ( GEOMETRIC_REPRESENTATION_CONTEXT(2) 
PARAMETRIC_REPRESENTATION_CONTEXT() REPRESENTATION_CONTEXT('2D SPACE',''
  ) );
#7469 = ORIENTED_EDGE('',*,*,#7470,.T.);
#7470 = EDGE_CURVE('',#7448,#7448,#7471,.T.);
#7471 = SURFACE_CURVE('',#7472,(#7477,#7484),.PCURVE_S1.);
#7472 = CIRCLE('',#7473,1.5);
#7473 = AXIS2_PLACEMENT_3D('',#7474,#7475,#7476);
#7474 = CARTESIAN_POINT('',(36.806079660839,21.25,45.));
#7475 = DIRECTION('',(0.,0.,1.));
#7476 = DIRECTION('',(0.866025403784,0.5,-0.));
#7477 = PCURVE('',#6233,#7478);
#7478 = DEFINITIONAL_REPRESENTATION('',(#7479),#7483);
#7479 = LINE('',#7480,#7481);
#7480 = CARTESIAN_POINT('',(0.,1.));
#7481 = VECTOR('',#7482,1.);
#7482 = DIRECTION('',(1.,0.));
#7483 = ( GEOMETRIC_REPRESENTATION_CONTEXT(2) 
PARAMETRIC_REPRESENTATION_CONTEXT() REPRESENTATION_CONTEXT('2D SPACE',''
  ) );
#7484 = PCURVE('',#6503,#7485);
#7485 = DEFINITIONAL_REPRESENTATION('',(#7486),#7490);
#7486 = CIRCLE('',#7487,1.5);
#7487 = AXIS2_PLACEMENT_2D('',#7488,#7489);
#7488 = CARTESIAN_POINT('',(36.806079660839,21.25));
#7489 = DIRECTION('',(0.866025403784,0.5));
#7490 = ( GEOMETRIC_REPRESENTATION_CONTEXT(2) 
PARAMETRIC_REPRESENTATION_CONTEXT() REPRESENTATION_CONTEXT('2D SPACE',''
  ) );
#7491 = ORIENTED_EDGE('',*,*,#7447,.T.);
#7492 = ADVANCED_FACE('',(#7493),#6264,.F.);
#7493 = FACE_BOUND('',#7494,.F.);
#7494 = EDGE_LOOP('',(#7495,#7496,#7519,#7541));
#7495 = ORIENTED_EDGE('',*,*,#6247,.F.);
#7496 = ORIENTED_EDGE('',*,*,#7497,.F.);
#7497 = EDGE_CURVE('',#7498,#6248,#7500,.T.);
#7498 = VERTEX_POINT('',#7499);
#7499 = CARTESIAN_POINT('',(3.673940397442E-16,44.,45.));
#7500 = SEAM_CURVE('',#7501,(#7505,#7512),.PCURVE_S1.);
#7501 = LINE('',#7502,#7503);
#7502 = CARTESIAN_POINT('',(3.673940397442E-16,44.,44.));
#7503 = VECTOR('',#7504,1.);
#7504 = DIRECTION('',(0.,0.,1.));
#7505 = PCURVE('',#6264,#7506);
#7506 = DEFINITIONAL_REPRESENTATION('',(#7507),#7511);
#7507 = LINE('',#7508,#7509);
#7508 = CARTESIAN_POINT('',(6.28318530718,-0.));
#7509 = VECTOR('',#7510,1.);
#7510 = DIRECTION('',(0.,1.));
#7511 = ( GEOMETRIC_REPRESENTATION_CONTEXT(2) 
PARAMETRIC_REPRESENTATION_CONTEXT() REPRESENTATION_CONTEXT('2D SPACE',''
  ) );
#7512 = PCURVE('',#6264,#7513);
#7513 = DEFINITIONAL_REPRESENTATION('',(#7514),#7518);
#7514 = LINE('',#7515,#7516);
#7515 = CARTESIAN_POINT('',(0.,-0.));
#7516 = VECTOR('',#7517,1.);
#7517 = DIRECTION('',(0.,1.));
#7518 = ( GEOMETRIC_REPRESENTATION_CONTEXT(2) 
PARAMETRIC_REPRESENTATION_CONTEXT() REPRESENTATION_CONTEXT('2D SPACE',''
  ) );
#7519 = ORIENTED_EDGE('',*,*,#7520,.T.);
#7520 = EDGE_CURVE('',#7498,#7498,#7521,.T.);
#7521 = SURFACE_CURVE('',#7522,(#7527,#7534),.PCURVE_S1.);
#7522 = CIRCLE('',#7523,1.5);
#7523 = AXIS2_PLACEMENT_3D('',#7524,#7525,#7526);
#7524 = CARTESIAN_POINT('',(0.,42.5,45.));
#7525 = DIRECTION('',(0.,-0.,1.));
#7526 = DIRECTION('',(0.,1.,0.));
#7527 = PCURVE('',#6264,#7528);
#7528 = DEFINITIONAL_REPRESENTATION('',(#7529),#7533);
#7529 = LINE('',#7530,#7531);
#7530 = CARTESIAN_POINT('',(0.,1.));
#7531 = VECTOR('',#7532,1.);
#7532 = DIRECTION('',(1.,0.));
#7533 = ( GEOMETRIC_REPRESENTATION_CONTEXT(2) 
PARAMETRIC_REPRESENTATION_CONTEXT() REPRESENTATION_CONTEXT('2D SPACE',''
  ) );
#7534 = PCURVE('',#6503,#7535);
#7535 = DEFINITIONAL_REPRESENTATION('',(#7536),#7540);
#7536 = CIRCLE('',#7537,1.5);
#7537 = AXIS2_PLACEMENT_2D('',#7538,#7539);
#7538 = CARTESIAN_POINT('',(0.,42.5));
#7539 = DIRECTION('',(0.,1.));
#7540 = ( GEOMETRIC_REPRESENTATION_CONTEXT(2) 
PARAMETRIC_REPRESENTATION_CONTEXT() REPRESENTATION_CONTEXT('2D SPACE',''
  ) );
#7541 = ORIENTED_EDGE('',*,*,#7497,.T.);
#7542 = ADVANCED_FACE('',(#7543),#6295,.F.);
#7543 = FACE_BOUND('',#7544,.F.);
#7544 = EDGE_LOOP('',(#7545,#7546,#7569,#7591));
#7545 = ORIENTED_EDGE('',*,*,#6278,.F.);
#7546 = ORIENTED_EDGE('',*,*,#7547,.F.);
#7547 = EDGE_CURVE('',#7548,#6279,#7550,.T.);
#7548 = VERTEX_POINT('',#7549);
#7549 = CARTESIAN_POINT('',(11.388037984511,42.500736356719,45.));
#7550 = SEAM_CURVE('',#7551,(#7555,#7562),.PCURVE_S1.);
#7551 = LINE('',#7552,#7553);
#7552 = CARTESIAN_POINT('',(11.388037984511,42.500736356719,44.));
#7553 = VECTOR('',#7554,1.);
#7554 = DIRECTION('',(0.,0.,1.));
#7555 = PCURVE('',#6295,#7556);
#7556 = DEFINITIONAL_REPRESENTATION('',(#7557),#7561);
#7557 = LINE('',#7558,#7559);
#7558 = CARTESIAN_POINT('',(6.28318530718,-0.));
#7559 = VECTOR('',#7560,1.);
#7560 = DIRECTION('',(0.,1.));
#7561 = ( GEOMETRIC_REPRESENTATION_CONTEXT(2) 
PARAMETRIC_REPRESENTATION_CONTEXT() REPRESENTATION_CONTEXT('2D SPACE',''
  ) );
#7562 = PCURVE('',#6295,#7563);
#7563 = DEFINITIONAL_REPRESENTATION('',(#7564),#7568);
#7564 = LINE('',#7565,#7566);
#7565 = CARTESIAN_POINT('',(0.,-0.));
#7566 = VECTOR('',#7567,1.);
#7567 = DIRECTION('',(0.,1.));
#7568 = ( GEOMETRIC_REPRESENTATION_CONTEXT(2) 
PARAMETRIC_REPRESENTATION_CONTEXT() REPRESENTATION_CONTEXT('2D SPACE',''
  ) );
#7569 = ORIENTED_EDGE('',*,*,#7570,.T.);
#7570 = EDGE_CURVE('',#7548,#7548,#7571,.T.);
#7571 = SURFACE_CURVE('',#7572,(#7577,#7584),.PCURVE_S1.);
#7572 = CIRCLE('',#7573,1.5);
#7573 = AXIS2_PLACEMENT_3D('',#7574,#7575,#7576);
#7574 = CARTESIAN_POINT('',(10.999809416857,41.051847617285,45.));
#7575 = DIRECTION('',(0.,0.,1.));
#7576 = DIRECTION('',(0.258819045103,0.965925826289,-0.));
#7577 = PCURVE('',#6295,#7578);
#7578 = DEFINITIONAL_REPRESENTATION('',(#7579),#7583);
#7579 = LINE('',#7580,#7581);
#7580 = CARTESIAN_POINT('',(0.,1.));
#7581 = VECTOR('',#7582,1.);
#7582 = DIRECTION('',(1.,0.));
#7583 = ( GEOMETRIC_REPRESENTATION_CONTEXT(2) 
PARAMETRIC_REPRESENTATION_CONTEXT() REPRESENTATION_CONTEXT('2D SPACE',''
  ) );
#7584 = PCURVE('',#6503,#7585);
#7585 = DEFINITIONAL_REPRESENTATION('',(#7586),#7590);
#7586 = CIRCLE('',#7587,1.5);
#7587 = AXIS2_PLACEMENT_2D('',#7588,#7589);
#7588 = CARTESIAN_POINT('',(10.999809416857,41.051847617285));
#7589 = DIRECTION('',(0.258819045103,0.965925826289));
#7590 = ( GEOMETRIC_REPRESENTATION_CONTEXT(2) 
PARAMETRIC_REPRESENTATION_CONTEXT() REPRESENTATION_CONTEXT('2D SPACE',''
  ) );
#7591 = ORIENTED_EDGE('',*,*,#7547,.T.);
#7592 = ADVANCED_FACE('',(#7593),#6326,.F.);
#7593 = FACE_BOUND('',#7594,.F.);
#7594 = EDGE_LOOP('',(#7595,#7596,#7619,#7641));
#7595 = ORIENTED_EDGE('',*,*,#6309,.F.);
#7596 = ORIENTED_EDGE('',*,*,#7597,.F.);
#7597 = EDGE_CURVE('',#7598,#6310,#7600,.T.);
#7598 = VERTEX_POINT('',#7599);
#7599 = CARTESIAN_POINT('',(22.,38.105117766515,45.));
#7600 = SEAM_CURVE('',#7601,(#7605,#7612),.PCURVE_S1.);
#7601 = LINE('',#7602,#7603);
#7602 = CARTESIAN_POINT('',(22.,38.105117766515,44.));
#7603 = VECTOR('',#7604,1.);
#7604 = DIRECTION('',(0.,0.,1.));
#7605 = PCURVE('',#6326,#7606);
#7606 = DEFINITIONAL_REPRESENTATION('',(#7607),#7611);
#7607 = LINE('',#7608,#7609);
#7608 = CARTESIAN_POINT('',(6.28318530718,-0.));
#7609 = VECTOR('',#7610,1.);
#7610 = DIRECTION('',(0.,1.));
#7611 = ( GEOMETRIC_REPRESENTATION_CONTEXT(2) 
PARAMETRIC_REPRESENTATION_CONTEXT() REPRESENTATION_CONTEXT('2D SPACE',''
  ) );
#7612 = PCURVE('',#6326,#7613);
#7613 = DEFINITIONAL_REPRESENTATION('',(#7614),#7618);
#7614 = LINE('',#7615,#7616);
#7615 = CARTESIAN_POINT('',(0.,-0.));
#7616 = VECTOR('',#7617,1.);
#7617 = DIRECTION('',(0.,1.));
#7618 = ( GEOMETRIC_REPRESENTATION_CONTEXT(2) 
PARAMETRIC_REPRESENTATION_CONTEXT() REPRESENTATION_CONTEXT('2D SPACE',''
  ) );
#7619 = ORIENTED_EDGE('',*,*,#7620,.T.);
#7620 = EDGE_CURVE('',#7598,#7598,#7621,.T.);
#7621 = SURFACE_CURVE('',#7622,(#7627,#7634),.PCURVE_S1.);
#7622 = CIRCLE('',#7623,1.5);
#7623 = AXIS2_PLACEMENT_3D('',#7624,#7625,#7626);
#7624 = CARTESIAN_POINT('',(21.25,36.806079660839,45.));
#7625 = DIRECTION('',(0.,0.,1.));
#7626 = DIRECTION('',(0.5,0.866025403784,-0.));
#7627 = PCURVE('',#6326,#7628);
#7628 = DEFINITIONAL_REPRESENTATION('',(#7629),#7633);
#7629 = LINE('',#7630,#7631);
#7630 = CARTESIAN_POINT('',(0.,1.));
#7631 = VECTOR('',#7632,1.);
#7632 = DIRECTION('',(1.,0.));
#7633 = ( GEOMETRIC_REPRESENTATION_CONTEXT(2) 
PARAMETRIC_REPRESENTATION_CONTEXT() REPRESENTATION_CONTEXT('2D SPACE',''
  ) );
#7634 = PCURVE('',#6503,#7635);
#7635 = DEFINITIONAL_REPRESENTATION('',(#7636),#7640);
#7636 = CIRCLE('',#7637,1.5);
#7637 = AXIS2_PLACEMENT_2D('',#7638,#7639);
#7638 = CARTESIAN_POINT('',(21.25,36.806079660839));
#7639 = DIRECTION('',(0.5,0.866025403784));
#7640 = ( GEOMETRIC_REPRESENTATION_CONTEXT(2) 
PARAMETRIC_REPRESENTATION_CONTEXT() REPRESENTATION_CONTEXT('2D SPACE',''
  ) );
#7641 = ORIENTED_EDGE('',*,*,#7597,.T.);
#7642 = ADVANCED_FACE('',(#7643),#6357,.F.);
#7643 = FACE_BOUND('',#7644,.F.);
#7644 = EDGE_LOOP('',(#7645,#7646,#7669,#7691));
#7645 = ORIENTED_EDGE('',*,*,#6340,.F.);
#7646 = ORIENTED_EDGE('',*,*,#7647,.F.);
#7647 = EDGE_CURVE('',#7648,#6341,#7650,.T.);
#7648 = VERTEX_POINT('',#7649);
#7649 = CARTESIAN_POINT('',(31.112698372208,31.112698372208,45.));
#7650 = SEAM_CURVE('',#7651,(#7655,#7662),.PCURVE_S1.);
#7651 = LINE('',#7652,#7653);
#7652 = CARTESIAN_POINT('',(31.112698372208,31.112698372208,44.));
#7653 = VECTOR('',#7654,1.);
#7654 = DIRECTION('',(0.,0.,1.));
#7655 = PCURVE('',#6357,#7656);
#7656 = DEFINITIONAL_REPRESENTATION('',(#7657),#7661);
#7657 = LINE('',#7658,#7659);
#7658 = CARTESIAN_POINT('',(6.28318530718,-0.));
#7659 = VECTOR('',#7660,1.);
#7660 = DIRECTION('',(0.,1.));
#7661 = ( GEOMETRIC_REPRESENTATION_CONTEXT(2) 
PARAMETRIC_REPRESENTATION_CONTEXT() REPRESENTATION_CONTEXT('2D SPACE',''
  ) );
#7662 = PCURVE('',#6357,#7663);
#7663 = DEFINITIONAL_REPRESENTATION('',(#7664),#7668);
#7664 = LINE('',#7665,#7666);
#7665 = CARTESIAN_POINT('',(0.,-0.));
#7666 = VECTOR('',#7667,1.);
#7667 = DIRECTION('',(0.,1.));
#7668 = ( GEOMETRIC_REPRESENTATION_CONTEXT(2) 
PARAMETRIC_REPRESENTATION_CONTEXT() REPRESENTATION_CONTEXT('2D SPACE',''
  ) );
#7669 = ORIENTED_EDGE('',*,*,#7670,.T.);
#7670 = EDGE_CURVE('',#7648,#7648,#7671,.T.);
#7671 = SURFACE_CURVE('',#7672,(#7677,#7684),.PCURVE_S1.);
#7672 = CIRCLE('',#7673,1.5);
#7673 = AXIS2_PLACEMENT_3D('',#7674,#7675,#7676);
#7674 = CARTESIAN_POINT('',(30.052038200428,30.052038200428,45.));
#7675 = DIRECTION('',(0.,0.,1.));
#7676 = DIRECTION('',(0.707106781187,0.707106781187,-0.));
#7677 = PCURVE('',#6357,#7678);
#7678 = DEFINITIONAL_REPRESENTATION('',(#7679),#7683);
#7679 = LINE('',#7680,#7681);
#7680 = CARTESIAN_POINT('',(0.,1.));
#7681 = VECTOR('',#7682,1.);
#7682 = DIRECTION('',(1.,0.));
#7683 = ( GEOMETRIC_REPRESENTATION_CONTEXT(2) 
PARAMETRIC_REPRESENTATION_CONTEXT() REPRESENTATION_CONTEXT('2D SPACE',''
  ) );
#7684 = PCURVE('',#6503,#7685);
#7685 = DEFINITIONAL_REPRESENTATION('',(#7686),#7690);
#7686 = CIRCLE('',#7687,1.5);
#7687 = AXIS2_PLACEMENT_2D('',#7688,#7689);
#7688 = CARTESIAN_POINT('',(30.052038200428,30.052038200428));
#7689 = DIRECTION('',(0.707106781187,0.707106781187));
#7690 = ( GEOMETRIC_REPRESENTATION_CONTEXT(2) 
PARAMETRIC_REPRESENTATION_CONTEXT() REPRESENTATION_CONTEXT('2D SPACE',''
  ) );
#7691 = ORIENTED_EDGE('',*,*,#7647,.T.);
#7692 = ADVANCED_FACE('',(#7693),#6392,.F.);
#7693 = FACE_BOUND('',#7694,.F.);
#7694 = EDGE_LOOP('',(#7695,#7724,#7745,#7746));
#7695 = ORIENTED_EDGE('',*,*,#7696,.F.);
#7696 = EDGE_CURVE('',#7697,#7697,#7699,.T.);
#7697 = VERTEX_POINT('',#7698);
#7698 = CARTESIAN_POINT('',(-1.037084363882E-14,-44.5,29.));
#7699 = SURFACE_CURVE('',#7700,(#7705,#7712),.PCURVE_S1.);
#7700 = CIRCLE('',#7701,2.);
#7701 = AXIS2_PLACEMENT_3D('',#7702,#7703,#7704);
#7702 = CARTESIAN_POINT('',(-9.436895709314E-15,-42.5,29.));
#7703 = DIRECTION('',(0.,0.,1.));
#7704 = DIRECTION('',(-2.22044604925E-16,-1.,0.));
#7705 = PCURVE('',#6392,#7706);
#7706 = DEFINITIONAL_REPRESENTATION('',(#7707),#7711);
#7707 = LINE('',#7708,#7709);
#7708 = CARTESIAN_POINT('',(0.,5.));
#7709 = VECTOR('',#7710,1.);
#7710 = DIRECTION('',(1.,0.));
#7711 = ( GEOMETRIC_REPRESENTATION_CONTEXT(2) 
PARAMETRIC_REPRESENTATION_CONTEXT() REPRESENTATION_CONTEXT('2D SPACE',''
  ) );
#7712 = PCURVE('',#7713,#7718);
#7713 = PLANE('',#7714);
#7714 = AXIS2_PLACEMENT_3D('',#7715,#7716,#7717);
#7715 = CARTESIAN_POINT('',(0.,0.,29.));
#7716 = DIRECTION('',(0.,0.,1.));
#7717 = DIRECTION('',(1.,0.,-0.));
#7718 = DEFINITIONAL_REPRESENTATION('',(#7719),#7723);
#7719 = CIRCLE('',#7720,2.);
#7720 = AXIS2_PLACEMENT_2D('',#7721,#7722);
#7721 = CARTESIAN_POINT('',(-9.436895709314E-15,-42.5));
#7722 = DIRECTION('',(-2.22044604925E-16,-1.));
#7723 = ( GEOMETRIC_REPRESENTATION_CONTEXT(2) 
PARAMETRIC_REPRESENTATION_CONTEXT() REPRESENTATION_CONTEXT('2D SPACE',''
  ) );
#7724 = ORIENTED_EDGE('',*,*,#7725,.F.);
#7725 = EDGE_CURVE('',#6376,#7697,#7726,.T.);
#7726 = SEAM_CURVE('',#7727,(#7731,#7738),.PCURVE_S1.);
#7727 = LINE('',#7728,#7729);
#7728 = CARTESIAN_POINT('',(-1.037084363882E-14,-44.5,24.));
#7729 = VECTOR('',#7730,1.);
#7730 = DIRECTION('',(0.,0.,1.));
#7731 = PCURVE('',#6392,#7732);
#7732 = DEFINITIONAL_REPRESENTATION('',(#7733),#7737);
#7733 = LINE('',#7734,#7735);
#7734 = CARTESIAN_POINT('',(6.28318530718,-0.));
#7735 = VECTOR('',#7736,1.);
#7736 = DIRECTION('',(0.,1.));
#7737 = ( GEOMETRIC_REPRESENTATION_CONTEXT(2) 
PARAMETRIC_REPRESENTATION_CONTEXT() REPRESENTATION_CONTEXT('2D SPACE',''
  ) );
#7738 = PCURVE('',#6392,#7739);
#7739 = DEFINITIONAL_REPRESENTATION('',(#7740),#7744);
#7740 = LINE('',#7741,#7742);
#7741 = CARTESIAN_POINT('',(0.,-0.));
#7742 = VECTOR('',#7743,1.);
#7743 = DIRECTION('',(0.,1.));
#7744 = ( GEOMETRIC_REPRESENTATION_CONTEXT(2) 
PARAMETRIC_REPRESENTATION_CONTEXT() REPRESENTATION_CONTEXT('2D SPACE',''
  ) );
#7745 = ORIENTED_EDGE('',*,*,#6375,.T.);
#7746 = ORIENTED_EDGE('',*,*,#7725,.T.);
#7747 = ADVANCED_FACE('',(#7748),#6449,.F.);
#7748 = FACE_BOUND('',#7749,.F.);
#7749 = EDGE_LOOP('',(#7750,#7774,#7795,#7796));
#7750 = ORIENTED_EDGE('',*,*,#7751,.F.);
#7751 = EDGE_CURVE('',#7752,#7752,#7754,.T.);
#7752 = VERTEX_POINT('',#7753);
#7753 = CARTESIAN_POINT('',(4.898587196589E-16,44.5,29.));
#7754 = SURFACE_CURVE('',#7755,(#7760,#7767),.PCURVE_S1.);
#7755 = CIRCLE('',#7756,2.);
#7756 = AXIS2_PLACEMENT_3D('',#7757,#7758,#7759);
#7757 = CARTESIAN_POINT('',(0.,42.5,29.));
#7758 = DIRECTION('',(0.,-0.,1.));
#7759 = DIRECTION('',(0.,1.,0.));
#7760 = PCURVE('',#6449,#7761);
#7761 = DEFINITIONAL_REPRESENTATION('',(#7762),#7766);
#7762 = LINE('',#7763,#7764);
#7763 = CARTESIAN_POINT('',(0.,5.));
#7764 = VECTOR('',#7765,1.);
#7765 = DIRECTION('',(1.,0.));
#7766 = ( GEOMETRIC_REPRESENTATION_CONTEXT(2) 
PARAMETRIC_REPRESENTATION_CONTEXT() REPRESENTATION_CONTEXT('2D SPACE',''
  ) );
#7767 = PCURVE('',#7713,#7768);
#7768 = DEFINITIONAL_REPRESENTATION('',(#7769),#7773);
#7769 = CIRCLE('',#7770,2.);
#7770 = AXIS2_PLACEMENT_2D('',#7771,#7772);
#7771 = CARTESIAN_POINT('',(0.,42.5));
#7772 = DIRECTION('',(0.,1.));
#7773 = ( GEOMETRIC_REPRESENTATION_CONTEXT(2) 
PARAMETRIC_REPRESENTATION_CONTEXT() REPRESENTATION_CONTEXT('2D SPACE',''
  ) );
#7774 = ORIENTED_EDGE('',*,*,#7775,.F.);
#7775 = EDGE_CURVE('',#6433,#7752,#7776,.T.);
#7776 = SEAM_CURVE('',#7777,(#7781,#7788),.PCURVE_S1.);
#7777 = LINE('',#7778,#7779);
#7778 = CARTESIAN_POINT('',(4.898587196589E-16,44.5,24.));
#7779 = VECTOR('',#7780,1.);
#7780 = DIRECTION('',(0.,0.,1.));
#7781 = PCURVE('',#6449,#7782);
#7782 = DEFINITIONAL_REPRESENTATION('',(#7783),#7787);
#7783 = LINE('',#7784,#7785);
#7784 = CARTESIAN_POINT('',(6.28318530718,-0.));
#7785 = VECTOR('',#7786,1.);
#7786 = DIRECTION('',(0.,1.));
#7787 = ( GEOMETRIC_REPRESENTATION_CONTEXT(2) 
PARAMETRIC_REPRESENTATION_CONTEXT() REPRESENTATION_CONTEXT('2D SPACE',''
  ) );
#7788 = PCURVE('',#6449,#7789);
#7789 = DEFINITIONAL_REPRESENTATION('',(#7790),#7794);
#7790 = LINE('',#7791,#7792);
#7791 = CARTESIAN_POINT('',(0.,-0.));
#7792 = VECTOR('',#7793,1.);
#7793 = DIRECTION('',(0.,1.));
#7794 = ( GEOMETRIC_REPRESENTATION_CONTEXT(2) 
PARAMETRIC_REPRESENTATION_CONTEXT() REPRESENTATION_CONTEXT('2D SPACE',''
  ) );
#7795 = ORIENTED_EDGE('',*,*,#6432,.T.);
#7796 = ORIENTED_EDGE('',*,*,#7775,.T.);
#7797 = ADVANCED_FACE('',(#7798,#7829,#7832,#7835,#7838,#7841,#7844,
    #7847,#7850,#7853,#7856,#7859,#7862,#7865,#7868,#7871,#7874,#7877,
    #7880,#7911,#7914,#7917,#7920,#7923,#7926,#7929),#6503,.F.);
#7798 = FACE_BOUND('',#7799,.F.);
#7799 = EDGE_LOOP('',(#7800));
#7800 = ORIENTED_EDGE('',*,*,#7801,.T.);
#7801 = EDGE_CURVE('',#7802,#7802,#7804,.T.);
#7802 = VERTEX_POINT('',#7803);
#7803 = CARTESIAN_POINT('',(46.,-1.126675055216E-14,45.));
#7804 = SURFACE_CURVE('',#7805,(#7810,#7817),.PCURVE_S1.);
#7805 = CIRCLE('',#7806,46.);
#7806 = AXIS2_PLACEMENT_3D('',#7807,#7808,#7809);
#7807 = CARTESIAN_POINT('',(0.,0.,45.));
#7808 = DIRECTION('',(0.,0.,1.));
#7809 = DIRECTION('',(1.,0.,-0.));
#7810 = PCURVE('',#6503,#7811);
#7811 = DEFINITIONAL_REPRESENTATION('',(#7812),#7816);
#7812 = CIRCLE('',#7813,46.);
#7813 = AXIS2_PLACEMENT_2D('',#7814,#7815);
#7814 = CARTESIAN_POINT('',(0.,0.));
#7815 = DIRECTION('',(1.,0.));
#7816 = ( GEOMETRIC_REPRESENTATION_CONTEXT(2) 
PARAMETRIC_REPRESENTATION_CONTEXT() REPRESENTATION_CONTEXT('2D SPACE',''
  ) );
#7817 = PCURVE('',#7818,#7823);
#7818 = CYLINDRICAL_SURFACE('',#7819,46.);
#7819 = AXIS2_PLACEMENT_3D('',#7820,#7821,#7822);
#7820 = CARTESIAN_POINT('',(0.,0.,29.));
#7821 = DIRECTION('',(0.,0.,1.));
#7822 = DIRECTION('',(1.,0.,-0.));
#7823 = DEFINITIONAL_REPRESENTATION('',(#7824),#7828);
#7824 = LINE('',#7825,#7826);
#7825 = CARTESIAN_POINT('',(0.,16.));
#7826 = VECTOR('',#7827,1.);
#7827 = DIRECTION('',(1.,0.));
#7828 = ( GEOMETRIC_REPRESENTATION_CONTEXT(2) 
PARAMETRIC_REPRESENTATION_CONTEXT() REPRESENTATION_CONTEXT('2D SPACE',''
  ) );
#7829 = FACE_BOUND('',#7830,.F.);
#7830 = EDGE_LOOP('',(#7831));
#7831 = ORIENTED_EDGE('',*,*,#6488,.F.);
#7832 = FACE_BOUND('',#7833,.F.);
#7833 = EDGE_LOOP('',(#7834));
#7834 = ORIENTED_EDGE('',*,*,#6543,.F.);
#7835 = FACE_BOUND('',#7836,.F.);
#7836 = EDGE_LOOP('',(#7837));
#7837 = ORIENTED_EDGE('',*,*,#6593,.F.);
#7838 = FACE_BOUND('',#7839,.F.);
#7839 = EDGE_LOOP('',(#7840));
#7840 = ORIENTED_EDGE('',*,*,#6643,.F.);
#7841 = FACE_BOUND('',#7842,.F.);
#7842 = EDGE_LOOP('',(#7843));
#7843 = ORIENTED_EDGE('',*,*,#6693,.F.);
#7844 = FACE_BOUND('',#7845,.F.);
#7845 = EDGE_LOOP('',(#7846));
#7846 = ORIENTED_EDGE('',*,*,#6743,.F.);
#7847 = FACE_BOUND('',#7848,.F.);
#7848 = EDGE_LOOP('',(#7849));
#7849 = ORIENTED_EDGE('',*,*,#6793,.F.);
#7850 = FACE_BOUND('',#7851,.F.);
#7851 = EDGE_LOOP('',(#7852));
#7852 = ORIENTED_EDGE('',*,*,#6843,.F.);
#7853 = FACE_BOUND('',#7854,.F.);
#7854 = EDGE_LOOP('',(#7855));
#7855 = ORIENTED_EDGE('',*,*,#6893,.F.);
#7856 = FACE_BOUND('',#7857,.F.);
#7857 = EDGE_LOOP('',(#7858));
#7858 = ORIENTED_EDGE('',*,*,#6943,.F.);
#7859 = FACE_BOUND('',#7860,.F.);
#7860 = EDGE_LOOP('',(#7861));
#7861 = ORIENTED_EDGE('',*,*,#6993,.F.);
#7862 = FACE_BOUND('',#7863,.F.);
#7863 = EDGE_LOOP('',(#7864));
#7864 = ORIENTED_EDGE('',*,*,#7043,.F.);
#7865 = FACE_BOUND('',#7866,.F.);
#7866 = EDGE_LOOP('',(#7867));
#7867 = ORIENTED_EDGE('',*,*,#7093,.F.);
#7868 = FACE_BOUND('',#7869,.F.);
#7869 = EDGE_LOOP('',(#7870));
#7870 = ORIENTED_EDGE('',*,*,#7143,.F.);
#7871 = FACE_BOUND('',#7872,.F.);
#7872 = EDGE_LOOP('',(#7873));
#7873 = ORIENTED_EDGE('',*,*,#7193,.F.);
#7874 = FACE_BOUND('',#7875,.F.);
#7875 = EDGE_LOOP('',(#7876));
#7876 = ORIENTED_EDGE('',*,*,#7243,.F.);
#7877 = FACE_BOUND('',#7878,.F.);
#7878 = EDGE_LOOP('',(#7879));
#7879 = ORIENTED_EDGE('',*,*,#7293,.F.);
#7880 = FACE_BOUND('',#7881,.F.);
#7881 = EDGE_LOOP('',(#7882));
#7882 = ORIENTED_EDGE('',*,*,#7883,.F.);
#7883 = EDGE_CURVE('',#7884,#7884,#7886,.T.);
#7884 = VERTEX_POINT('',#7885);
#7885 = CARTESIAN_POINT('',(39.,-9.552245033349E-15,45.));
#7886 = SURFACE_CURVE('',#7887,(#7892,#7899),.PCURVE_S1.);
#7887 = CIRCLE('',#7888,39.);
#7888 = AXIS2_PLACEMENT_3D('',#7889,#7890,#7891);
#7889 = CARTESIAN_POINT('',(0.,0.,45.));
#7890 = DIRECTION('',(0.,0.,1.));
#7891 = DIRECTION('',(1.,0.,-0.));
#7892 = PCURVE('',#6503,#7893);
#7893 = DEFINITIONAL_REPRESENTATION('',(#7894),#7898);
#7894 = CIRCLE('',#7895,39.);
#7895 = AXIS2_PLACEMENT_2D('',#7896,#7897);
#7896 = CARTESIAN_POINT('',(0.,0.));
#7897 = DIRECTION('',(1.,0.));
#7898 = ( GEOMETRIC_REPRESENTATION_CONTEXT(2) 
PARAMETRIC_REPRESENTATION_CONTEXT() REPRESENTATION_CONTEXT('2D SPACE',''
  ) );
#7899 = PCURVE('',#7900,#7905);
#7900 = CYLINDRICAL_SURFACE('',#7901,39.);
#7901 = AXIS2_PLACEMENT_3D('',#7902,#7903,#7904);
#7902 = CARTESIAN_POINT('',(0.,0.,29.));
#7903 = DIRECTION('',(0.,0.,1.));
#7904 = DIRECTION('',(1.,0.,-0.));
#7905 = DEFINITIONAL_REPRESENTATION('',(#7906),#7910);
#7906 = LINE('',#7907,#7908);
#7907 = CARTESIAN_POINT('',(0.,16.));
#7908 = VECTOR('',#7909,1.);
#7909 = DIRECTION('',(1.,0.));
#7910 = ( GEOMETRIC_REPRESENTATION_CONTEXT(2) 
PARAMETRIC_REPRESENTATION_CONTEXT() REPRESENTATION_CONTEXT('2D SPACE',''
  ) );
#7911 = FACE_BOUND('',#7912,.F.);
#7912 = EDGE_LOOP('',(#7913));
#7913 = ORIENTED_EDGE('',*,*,#7370,.F.);
#7914 = FACE_BOUND('',#7915,.F.);
#7915 = EDGE_LOOP('',(#7916));
#7916 = ORIENTED_EDGE('',*,*,#7420,.F.);
#7917 = FACE_BOUND('',#7918,.F.);
#7918 = EDGE_LOOP('',(#7919));
#7919 = ORIENTED_EDGE('',*,*,#7470,.F.);
#7920 = FACE_BOUND('',#7921,.F.);
#7921 = EDGE_LOOP('',(#7922));
#7922 = ORIENTED_EDGE('',*,*,#7520,.F.);
#7923 = FACE_BOUND('',#7924,.F.);
#7924 = EDGE_LOOP('',(#7925));
#7925 = ORIENTED_EDGE('',*,*,#7570,.F.);
#7926 = FACE_BOUND('',#7927,.F.);
#7927 = EDGE_LOOP('',(#7928));
#7928 = ORIENTED_EDGE('',*,*,#7620,.F.);
#7929 = FACE_BOUND('',#7930,.F.);
#7930 = EDGE_LOOP('',(#7931));
#7931 = ORIENTED_EDGE('',*,*,#7670,.F.);
#7932 = ADVANCED_FACE('',(#7933,#7959,#7962,#7988),#7713,.T.);
#7933 = FACE_BOUND('',#7934,.T.);
#7934 = EDGE_LOOP('',(#7935));
#7935 = ORIENTED_EDGE('',*,*,#7936,.T.);
#7936 = EDGE_CURVE('',#7937,#7937,#7939,.T.);
#7937 = VERTEX_POINT('',#7938);
#7938 = CARTESIAN_POINT('',(46.,-1.126675055216E-14,29.));
#7939 = SURFACE_CURVE('',#7940,(#7945,#7952),.PCURVE_S1.);
#7940 = CIRCLE('',#7941,46.);
#7941 = AXIS2_PLACEMENT_3D('',#7942,#7943,#7944);
#7942 = CARTESIAN_POINT('',(0.,0.,29.));
#7943 = DIRECTION('',(0.,0.,1.));
#7944 = DIRECTION('',(1.,0.,-0.));
#7945 = PCURVE('',#7713,#7946);
#7946 = DEFINITIONAL_REPRESENTATION('',(#7947),#7951);
#7947 = CIRCLE('',#7948,46.);
#7948 = AXIS2_PLACEMENT_2D('',#7949,#7950);
#7949 = CARTESIAN_POINT('',(0.,0.));
#7950 = DIRECTION('',(1.,0.));
#7951 = ( GEOMETRIC_REPRESENTATION_CONTEXT(2) 
PARAMETRIC_REPRESENTATION_CONTEXT() REPRESENTATION_CONTEXT('2D SPACE',''
  ) );
#7952 = PCURVE('',#7818,#7953);
#7953 = DEFINITIONAL_REPRESENTATION('',(#7954),#7958);
#7954 = LINE('',#7955,#7956);
#7955 = CARTESIAN_POINT('',(0.,0.));
#7956 = VECTOR('',#7957,1.);
#7957 = DIRECTION('',(1.,0.));
#7958 = ( GEOMETRIC_REPRESENTATION_CONTEXT(2) 
PARAMETRIC_REPRESENTATION_CONTEXT() REPRESENTATION_CONTEXT('2D SPACE',''
  ) );
#7959 = FACE_BOUND('',#7960,.T.);
#7960 = EDGE_LOOP('',(#7961));
#7961 = ORIENTED_EDGE('',*,*,#7696,.F.);
#7962 = FACE_BOUND('',#7963,.T.);
#7963 = EDGE_LOOP('',(#7964));
#7964 = ORIENTED_EDGE('',*,*,#7965,.F.);
#7965 = EDGE_CURVE('',#7966,#7966,#7968,.T.);
#7966 = VERTEX_POINT('',#7967);
#7967 = CARTESIAN_POINT('',(39.,-9.552245033349E-15,29.));
#7968 = SURFACE_CURVE('',#7969,(#7974,#7981),.PCURVE_S1.);
#7969 = CIRCLE('',#7970,39.);
#7970 = AXIS2_PLACEMENT_3D('',#7971,#7972,#7973);
#7971 = CARTESIAN_POINT('',(0.,0.,29.));
#7972 = DIRECTION('',(0.,0.,1.));
#7973 = DIRECTION('',(1.,0.,-0.));
#7974 = PCURVE('',#7713,#7975);
#7975 = DEFINITIONAL_REPRESENTATION('',(#7976),#7980);
#7976 = CIRCLE('',#7977,39.);
#7977 = AXIS2_PLACEMENT_2D('',#7978,#7979);
#7978 = CARTESIAN_POINT('',(0.,0.));
#7979 = DIRECTION('',(1.,0.));
#7980 = ( GEOMETRIC_REPRESENTATION_CONTEXT(2) 
PARAMETRIC_REPRESENTATION_CONTEXT() REPRESENTATION_CONTEXT('2D SPACE',''
  ) );
#7981 = PCURVE('',#7900,#7982);
#7982 = DEFINITIONAL_REPRESENTATION('',(#7983),#7987);
#7983 = LINE('',#7984,#7985);
#7984 = CARTESIAN_POINT('',(0.,0.));
#7985 = VECTOR('',#7986,1.);
#7986 = DIRECTION('',(1.,0.));
#7987 = ( GEOMETRIC_REPRESENTATION_CONTEXT(2) 
PARAMETRIC_REPRESENTATION_CONTEXT() REPRESENTATION_CONTEXT('2D SPACE',''
  ) );
#7988 = FACE_BOUND('',#7989,.T.);
#7989 = EDGE_LOOP('',(#7990));
#7990 = ORIENTED_EDGE('',*,*,#7751,.F.);
#7991 = ADVANCED_FACE('',(#7992),#7818,.F.);
#7992 = FACE_BOUND('',#7993,.F.);
#7993 = EDGE_LOOP('',(#7994,#7995,#8016,#8017));
#7994 = ORIENTED_EDGE('',*,*,#7801,.F.);
#7995 = ORIENTED_EDGE('',*,*,#7996,.F.);
#7996 = EDGE_CURVE('',#7937,#7802,#7997,.T.);
#7997 = SEAM_CURVE('',#7998,(#8002,#8009),.PCURVE_S1.);
#7998 = LINE('',#7999,#8000);
#7999 = CARTESIAN_POINT('',(46.,-1.126675055216E-14,29.));
#8000 = VECTOR('',#8001,1.);
#8001 = DIRECTION('',(0.,0.,1.));
#8002 = PCURVE('',#7818,#8003);
#8003 = DEFINITIONAL_REPRESENTATION('',(#8004),#8008);
#8004 = LINE('',#8005,#8006);
#8005 = CARTESIAN_POINT('',(6.28318530718,-0.));
#8006 = VECTOR('',#8007,1.);
#8007 = DIRECTION('',(0.,1.));
#8008 = ( GEOMETRIC_REPRESENTATION_CONTEXT(2) 
PARAMETRIC_REPRESENTATION_CONTEXT() REPRESENTATION_CONTEXT('2D SPACE',''
  ) );
#8009 = PCURVE('',#7818,#8010);
#8010 = DEFINITIONAL_REPRESENTATION('',(#8011),#8015);
#8011 = LINE('',#8012,#8013);
#8012 = CARTESIAN_POINT('',(0.,-0.));
#8013 = VECTOR('',#8014,1.);
#8014 = DIRECTION('',(0.,1.));
#8015 = ( GEOMETRIC_REPRESENTATION_CONTEXT(2) 
PARAMETRIC_REPRESENTATION_CONTEXT() REPRESENTATION_CONTEXT('2D SPACE',''
  ) );
#8016 = ORIENTED_EDGE('',*,*,#7936,.T.);
#8017 = ORIENTED_EDGE('',*,*,#7996,.T.);
#8018 = ADVANCED_FACE('',(#8019),#7900,.T.);
#8019 = FACE_BOUND('',#8020,.T.);
#8020 = EDGE_LOOP('',(#8021,#8022,#8043,#8044));
#8021 = ORIENTED_EDGE('',*,*,#7883,.F.);
#8022 = ORIENTED_EDGE('',*,*,#8023,.F.);
#8023 = EDGE_CURVE('',#7966,#7884,#8024,.T.);
#8024 = SEAM_CURVE('',#8025,(#8029,#8036),.PCURVE_S1.);
#8025 = LINE('',#8026,#8027);
#8026 = CARTESIAN_POINT('',(39.,-9.552245033349E-15,29.));
#8027 = VECTOR('',#8028,1.);
#8028 = DIRECTION('',(0.,0.,1.));
#8029 = PCURVE('',#7900,#8030);
#8030 = DEFINITIONAL_REPRESENTATION('',(#8031),#8035);
#8031 = LINE('',#8032,#8033);
#8032 = CARTESIAN_POINT('',(6.28318530718,-0.));
#8033 = VECTOR('',#8034,1.);
#8034 = DIRECTION('',(0.,1.));
#8035 = ( GEOMETRIC_REPRESENTATION_CONTEXT(2) 
PARAMETRIC_REPRESENTATION_CONTEXT() REPRESENTATION_CONTEXT('2D SPACE',''
  ) );
#8036 = PCURVE('',#7900,#8037);
#8037 = DEFINITIONAL_REPRESENTATION('',(#8038),#8042);
#8038 = LINE('',#8039,#8040);
#8039 = CARTESIAN_POINT('',(0.,-0.));
#8040 = VECTOR('',#8041,1.);
#8041 = DIRECTION('',(0.,1.));
#8042 = ( GEOMETRIC_REPRESENTATION_CONTEXT(2) 
PARAMETRIC_REPRESENTATION_CONTEXT() REPRESENTATION_CONTEXT('2D SPACE',''
  ) );
#8043 = ORIENTED_EDGE('',*,*,#7965,.T.);
#8044 = ORIENTED_EDGE('',*,*,#8023,.T.);
#8045 = ( GEOMETRIC_REPRESENTATION_CONTEXT(3) 
GLOBAL_UNCERTAINTY_ASSIGNED_CONTEXT((#8049)) 
GLOBAL_UNIT_ASSIGNED_CONTEXT((#8046,#8047,#8048)) REPRESENTATION_CONTEXT
('Context #1','3D Context with UNIT and UNCERTAINTY') );
#8046 = ( LENGTH_UNIT() NAMED_UNIT(*) SI_UNIT(.MILLI.,.METRE.) );
#8047 = ( NAMED_UNIT(*) PLANE_ANGLE_UNIT() SI_UNIT($,.RADIAN.) );
#8048 = ( NAMED_UNIT(*) SI_UNIT($,.STERADIAN.) SOLID_ANGLE_UNIT() );
#8049 = UNCERTAINTY_MEASURE_WITH_UNIT(LENGTH_MEASURE(1.E-07),#8046,
  'distance_accuracy_value','confusion accuracy');
#8050 = CONTEXT_DEPENDENT_SHAPE_REPRESENTATION(#8051,#8053);
#8051 = ( REPRESENTATION_RELATIONSHIP('','',#5498,#10) 
REPRESENTATION_RELATIONSHIP_WITH_TRANSFORMATION(#8052) 
SHAPE_REPRESENTATION_RELATIONSHIP() );
#8052 = ITEM_DEFINED_TRANSFORMATION('','',#11,#39);
#8053 = PRODUCT_DEFINITION_SHAPE('Placement','Placement of an item',
  #8054);
#8054 = NEXT_ASSEMBLY_USAGE_OCCURRENCE('7','Anode_Gas_Distributor','',#5
  ,#5493,$);
#8055 = PRODUCT_RELATED_PRODUCT_CATEGORY('part',$,(#5495));
#8056 = SHAPE_DEFINITION_REPRESENTATION(#8057,#8063);
#8057 = PRODUCT_DEFINITION_SHAPE('','',#8058);
#8058 = PRODUCT_DEFINITION('design','',#8059,#8062);
#8059 = PRODUCT_DEFINITION_FORMATION('','',#8060);
#8060 = PRODUCT('Propellant_Feed','Propellant_Feed','',(#8061));
#8061 = PRODUCT_CONTEXT('',#2,'mechanical');
#8062 = PRODUCT_DEFINITION_CONTEXT('part definition',#2,'design');
#8063 = SHAPE_REPRESENTATION('',(#11,#8064,#8246),#8428);
#8064 = MANIFOLD_SOLID_BREP('',#8065);
#8065 = CLOSED_SHELL('',(#8066,#8154,#8189,#8219));
#8066 = ADVANCED_FACE('',(#8067),#8080,.T.);
#8067 = FACE_BOUND('',#8068,.T.);
#8068 = EDGE_LOOP('',(#8069,#8103,#8126,#8153));
#8069 = ORIENTED_EDGE('',*,*,#8070,.F.);
#8070 = EDGE_CURVE('',#8071,#8071,#8073,.T.);
#8071 = VERTEX_POINT('',#8072);
#8072 = CARTESIAN_POINT('',(9.797174393179E-16,46.5,31.));
#8073 = SURFACE_CURVE('',#8074,(#8079,#8091),.PCURVE_S1.);
#8074 = CIRCLE('',#8075,4.);
#8075 = AXIS2_PLACEMENT_3D('',#8076,#8077,#8078);
#8076 = CARTESIAN_POINT('',(0.,42.5,31.));
#8077 = DIRECTION('',(0.,-0.,1.));
#8078 = DIRECTION('',(0.,1.,0.));
#8079 = PCURVE('',#8080,#8085);
#8080 = CYLINDRICAL_SURFACE('',#8081,4.);
#8081 = AXIS2_PLACEMENT_3D('',#8082,#8083,#8084);
#8082 = CARTESIAN_POINT('',(0.,42.5,-18.));
#8083 = DIRECTION('',(0.,0.,1.));
#8084 = DIRECTION('',(0.,1.,0.));
#8085 = DEFINITIONAL_REPRESENTATION('',(#8086),#8090);
#8086 = LINE('',#8087,#8088);
#8087 = CARTESIAN_POINT('',(0.,49.));
#8088 = VECTOR('',#8089,1.);
#8089 = DIRECTION('',(1.,0.));
#8090 = ( GEOMETRIC_REPRESENTATION_CONTEXT(2) 
PARAMETRIC_REPRESENTATION_CONTEXT() REPRESENTATION_CONTEXT('2D SPACE',''
  ) );
#8091 = PCURVE('',#8092,#8097);
#8092 = PLANE('',#8093);
#8093 = AXIS2_PLACEMENT_3D('',#8094,#8095,#8096);
#8094 = CARTESIAN_POINT('',(0.,42.5,31.));
#8095 = DIRECTION('',(0.,0.,1.));
#8096 = DIRECTION('',(0.,1.,0.));
#8097 = DEFINITIONAL_REPRESENTATION('',(#8098),#8102);
#8098 = CIRCLE('',#8099,4.);
#8099 = AXIS2_PLACEMENT_2D('',#8100,#8101);
#8100 = CARTESIAN_POINT('',(0.,0.));
#8101 = DIRECTION('',(1.,0.));
#8102 = ( GEOMETRIC_REPRESENTATION_CONTEXT(2) 
PARAMETRIC_REPRESENTATION_CONTEXT() REPRESENTATION_CONTEXT('2D SPACE',''
  ) );
#8103 = ORIENTED_EDGE('',*,*,#8104,.F.);
#8104 = EDGE_CURVE('',#8105,#8071,#8107,.T.);
#8105 = VERTEX_POINT('',#8106);
#8106 = CARTESIAN_POINT('',(9.797174393179E-16,46.5,-18.));
#8107 = SEAM_CURVE('',#8108,(#8112,#8119),.PCURVE_S1.);
#8108 = LINE('',#8109,#8110);
#8109 = CARTESIAN_POINT('',(9.797174393179E-16,46.5,-18.));
#8110 = VECTOR('',#8111,1.);
#8111 = DIRECTION('',(0.,0.,1.));
#8112 = PCURVE('',#8080,#8113);
#8113 = DEFINITIONAL_REPRESENTATION('',(#8114),#8118);
#8114 = LINE('',#8115,#8116);
#8115 = CARTESIAN_POINT('',(6.28318530718,-0.));
#8116 = VECTOR('',#8117,1.);
#8117 = DIRECTION('',(0.,1.));
#8118 = ( GEOMETRIC_REPRESENTATION_CONTEXT(2) 
PARAMETRIC_REPRESENTATION_CONTEXT() REPRESENTATION_CONTEXT('2D SPACE',''
  ) );
#8119 = PCURVE('',#8080,#8120);
#8120 = DEFINITIONAL_REPRESENTATION('',(#8121),#8125);
#8121 = LINE('',#8122,#8123);
#8122 = CARTESIAN_POINT('',(0.,-0.));
#8123 = VECTOR('',#8124,1.);
#8124 = DIRECTION('',(0.,1.));
#8125 = ( GEOMETRIC_REPRESENTATION_CONTEXT(2) 
PARAMETRIC_REPRESENTATION_CONTEXT() REPRESENTATION_CONTEXT('2D SPACE',''
  ) );
#8126 = ORIENTED_EDGE('',*,*,#8127,.T.);
#8127 = EDGE_CURVE('',#8105,#8105,#8128,.T.);
#8128 = SURFACE_CURVE('',#8129,(#8134,#8141),.PCURVE_S1.);
#8129 = CIRCLE('',#8130,4.);
#8130 = AXIS2_PLACEMENT_3D('',#8131,#8132,#8133);
#8131 = CARTESIAN_POINT('',(0.,42.5,-18.));
#8132 = DIRECTION('',(0.,-0.,1.));
#8133 = DIRECTION('',(0.,1.,0.));
#8134 = PCURVE('',#8080,#8135);
#8135 = DEFINITIONAL_REPRESENTATION('',(#8136),#8140);
#8136 = LINE('',#8137,#8138);
#8137 = CARTESIAN_POINT('',(0.,0.));
#8138 = VECTOR('',#8139,1.);
#8139 = DIRECTION('',(1.,0.));
#8140 = ( GEOMETRIC_REPRESENTATION_CONTEXT(2) 
PARAMETRIC_REPRESENTATION_CONTEXT() REPRESENTATION_CONTEXT('2D SPACE',''
  ) );
#8141 = PCURVE('',#8142,#8147);
#8142 = PLANE('',#8143);
#8143 = AXIS2_PLACEMENT_3D('',#8144,#8145,#8146);
#8144 = CARTESIAN_POINT('',(0.,42.5,-18.));
#8145 = DIRECTION('',(0.,0.,1.));
#8146 = DIRECTION('',(0.,1.,0.));
#8147 = DEFINITIONAL_REPRESENTATION('',(#8148),#8152);
#8148 = CIRCLE('',#8149,4.);
#8149 = AXIS2_PLACEMENT_2D('',#8150,#8151);
#8150 = CARTESIAN_POINT('',(0.,0.));
#8151 = DIRECTION('',(1.,0.));
#8152 = ( GEOMETRIC_REPRESENTATION_CONTEXT(2) 
PARAMETRIC_REPRESENTATION_CONTEXT() REPRESENTATION_CONTEXT('2D SPACE',''
  ) );
#8153 = ORIENTED_EDGE('',*,*,#8104,.T.);
#8154 = ADVANCED_FACE('',(#8155,#8158),#8092,.T.);
#8155 = FACE_BOUND('',#8156,.T.);
#8156 = EDGE_LOOP('',(#8157));
#8157 = ORIENTED_EDGE('',*,*,#8070,.T.);
#8158 = FACE_BOUND('',#8159,.T.);
#8159 = EDGE_LOOP('',(#8160));
#8160 = ORIENTED_EDGE('',*,*,#8161,.F.);
#8161 = EDGE_CURVE('',#8162,#8162,#8164,.T.);
#8162 = VERTEX_POINT('',#8163);
#8163 = CARTESIAN_POINT('',(4.898587196589E-16,44.5,31.));
#8164 = SURFACE_CURVE('',#8165,(#8170,#8177),.PCURVE_S1.);
#8165 = CIRCLE('',#8166,2.);
#8166 = AXIS2_PLACEMENT_3D('',#8167,#8168,#8169);
#8167 = CARTESIAN_POINT('',(0.,42.5,31.));
#8168 = DIRECTION('',(0.,-0.,1.));
#8169 = DIRECTION('',(0.,1.,0.));
#8170 = PCURVE('',#8092,#8171);
#8171 = DEFINITIONAL_REPRESENTATION('',(#8172),#8176);
#8172 = CIRCLE('',#8173,2.);
#8173 = AXIS2_PLACEMENT_2D('',#8174,#8175);
#8174 = CARTESIAN_POINT('',(0.,0.));
#8175 = DIRECTION('',(1.,0.));
#8176 = ( GEOMETRIC_REPRESENTATION_CONTEXT(2) 
PARAMETRIC_REPRESENTATION_CONTEXT() REPRESENTATION_CONTEXT('2D SPACE',''
  ) );
#8177 = PCURVE('',#8178,#8183);
#8178 = CYLINDRICAL_SURFACE('',#8179,2.);
#8179 = AXIS2_PLACEMENT_3D('',#8180,#8181,#8182);
#8180 = CARTESIAN_POINT('',(0.,42.5,-18.));
#8181 = DIRECTION('',(0.,0.,1.));
#8182 = DIRECTION('',(0.,1.,0.));
#8183 = DEFINITIONAL_REPRESENTATION('',(#8184),#8188);
#8184 = LINE('',#8185,#8186);
#8185 = CARTESIAN_POINT('',(0.,49.));
#8186 = VECTOR('',#8187,1.);
#8187 = DIRECTION('',(1.,0.));
#8188 = ( GEOMETRIC_REPRESENTATION_CONTEXT(2) 
PARAMETRIC_REPRESENTATION_CONTEXT() REPRESENTATION_CONTEXT('2D SPACE',''
  ) );
#8189 = ADVANCED_FACE('',(#8190,#8193),#8142,.F.);
#8190 = FACE_BOUND('',#8191,.F.);
#8191 = EDGE_LOOP('',(#8192));
#8192 = ORIENTED_EDGE('',*,*,#8127,.T.);
#8193 = FACE_BOUND('',#8194,.F.);
#8194 = EDGE_LOOP('',(#8195));
#8195 = ORIENTED_EDGE('',*,*,#8196,.F.);
#8196 = EDGE_CURVE('',#8197,#8197,#8199,.T.);
#8197 = VERTEX_POINT('',#8198);
#8198 = CARTESIAN_POINT('',(4.898587196589E-16,44.5,-18.));
#8199 = SURFACE_CURVE('',#8200,(#8205,#8212),.PCURVE_S1.);
#8200 = CIRCLE('',#8201,2.);
#8201 = AXIS2_PLACEMENT_3D('',#8202,#8203,#8204);
#8202 = CARTESIAN_POINT('',(0.,42.5,-18.));
#8203 = DIRECTION('',(0.,-0.,1.));
#8204 = DIRECTION('',(0.,1.,0.));
#8205 = PCURVE('',#8142,#8206);
#8206 = DEFINITIONAL_REPRESENTATION('',(#8207),#8211);
#8207 = CIRCLE('',#8208,2.);
#8208 = AXIS2_PLACEMENT_2D('',#8209,#8210);
#8209 = CARTESIAN_POINT('',(0.,0.));
#8210 = DIRECTION('',(1.,0.));
#8211 = ( GEOMETRIC_REPRESENTATION_CONTEXT(2) 
PARAMETRIC_REPRESENTATION_CONTEXT() REPRESENTATION_CONTEXT('2D SPACE',''
  ) );
#8212 = PCURVE('',#8178,#8213);
#8213 = DEFINITIONAL_REPRESENTATION('',(#8214),#8218);
#8214 = LINE('',#8215,#8216);
#8215 = CARTESIAN_POINT('',(0.,0.));
#8216 = VECTOR('',#8217,1.);
#8217 = DIRECTION('',(1.,0.));
#8218 = ( GEOMETRIC_REPRESENTATION_CONTEXT(2) 
PARAMETRIC_REPRESENTATION_CONTEXT() REPRESENTATION_CONTEXT('2D SPACE',''
  ) );
#8219 = ADVANCED_FACE('',(#8220),#8178,.F.);
#8220 = FACE_BOUND('',#8221,.F.);
#8221 = EDGE_LOOP('',(#8222,#8223,#8244,#8245));
#8222 = ORIENTED_EDGE('',*,*,#8161,.F.);
#8223 = ORIENTED_EDGE('',*,*,#8224,.F.);
#8224 = EDGE_CURVE('',#8197,#8162,#8225,.T.);
#8225 = SEAM_CURVE('',#8226,(#8230,#8237),.PCURVE_S1.);
#8226 = LINE('',#8227,#8228);
#8227 = CARTESIAN_POINT('',(4.898587196589E-16,44.5,-18.));
#8228 = VECTOR('',#8229,1.);
#8229 = DIRECTION('',(0.,0.,1.));
#8230 = PCURVE('',#8178,#8231);
#8231 = DEFINITIONAL_REPRESENTATION('',(#8232),#8236);
#8232 = LINE('',#8233,#8234);
#8233 = CARTESIAN_POINT('',(6.28318530718,-0.));
#8234 = VECTOR('',#8235,1.);
#8235 = DIRECTION('',(0.,1.));
#8236 = ( GEOMETRIC_REPRESENTATION_CONTEXT(2) 
PARAMETRIC_REPRESENTATION_CONTEXT() REPRESENTATION_CONTEXT('2D SPACE',''
  ) );
#8237 = PCURVE('',#8178,#8238);
#8238 = DEFINITIONAL_REPRESENTATION('',(#8239),#8243);
#8239 = LINE('',#8240,#8241);
#8240 = CARTESIAN_POINT('',(0.,-0.));
#8241 = VECTOR('',#8242,1.);
#8242 = DIRECTION('',(0.,1.));
#8243 = ( GEOMETRIC_REPRESENTATION_CONTEXT(2) 
PARAMETRIC_REPRESENTATION_CONTEXT() REPRESENTATION_CONTEXT('2D SPACE',''
  ) );
#8244 = ORIENTED_EDGE('',*,*,#8196,.T.);
#8245 = ORIENTED_EDGE('',*,*,#8224,.T.);
#8246 = MANIFOLD_SOLID_BREP('',#8247);
#8247 = CLOSED_SHELL('',(#8248,#8336,#8371,#8401));
#8248 = ADVANCED_FACE('',(#8249),#8262,.T.);
#8249 = FACE_BOUND('',#8250,.T.);
#8250 = EDGE_LOOP('',(#8251,#8285,#8308,#8335));
#8251 = ORIENTED_EDGE('',*,*,#8252,.F.);
#8252 = EDGE_CURVE('',#8253,#8253,#8255,.T.);
#8253 = VERTEX_POINT('',#8254);
#8254 = CARTESIAN_POINT('',(-1.130479156833E-14,-46.5,31.));
#8255 = SURFACE_CURVE('',#8256,(#8261,#8273),.PCURVE_S1.);
#8256 = CIRCLE('',#8257,4.);
#8257 = AXIS2_PLACEMENT_3D('',#8258,#8259,#8260);
#8258 = CARTESIAN_POINT('',(-9.436895709314E-15,-42.5,31.));
#8259 = DIRECTION('',(0.,0.,1.));
#8260 = DIRECTION('',(-2.22044604925E-16,-1.,0.));
#8261 = PCURVE('',#8262,#8267);
#8262 = CYLINDRICAL_SURFACE('',#8263,4.);
#8263 = AXIS2_PLACEMENT_3D('',#8264,#8265,#8266);
#8264 = CARTESIAN_POINT('',(-9.436895709314E-15,-42.5,-18.));
#8265 = DIRECTION('',(0.,0.,1.));
#8266 = DIRECTION('',(-2.22044604925E-16,-1.,0.));
#8267 = DEFINITIONAL_REPRESENTATION('',(#8268),#8272);
#8268 = LINE('',#8269,#8270);
#8269 = CARTESIAN_POINT('',(0.,49.));
#8270 = VECTOR('',#8271,1.);
#8271 = DIRECTION('',(1.,0.));
#8272 = ( GEOMETRIC_REPRESENTATION_CONTEXT(2) 
PARAMETRIC_REPRESENTATION_CONTEXT() REPRESENTATION_CONTEXT('2D SPACE',''
  ) );
#8273 = PCURVE('',#8274,#8279);
#8274 = PLANE('',#8275);
#8275 = AXIS2_PLACEMENT_3D('',#8276,#8277,#8278);
#8276 = CARTESIAN_POINT('',(-9.436895709314E-15,-42.5,31.));
#8277 = DIRECTION('',(0.,0.,1.));
#8278 = DIRECTION('',(-2.22044604925E-16,-1.,0.));
#8279 = DEFINITIONAL_REPRESENTATION('',(#8280),#8284);
#8280 = CIRCLE('',#8281,4.);
#8281 = AXIS2_PLACEMENT_2D('',#8282,#8283);
#8282 = CARTESIAN_POINT('',(0.,0.));
#8283 = DIRECTION('',(1.,0.));
#8284 = ( GEOMETRIC_REPRESENTATION_CONTEXT(2) 
PARAMETRIC_REPRESENTATION_CONTEXT() REPRESENTATION_CONTEXT('2D SPACE',''
  ) );
#8285 = ORIENTED_EDGE('',*,*,#8286,.F.);
#8286 = EDGE_CURVE('',#8287,#8253,#8289,.T.);
#8287 = VERTEX_POINT('',#8288);
#8288 = CARTESIAN_POINT('',(-1.130479156833E-14,-46.5,-18.));
#8289 = SEAM_CURVE('',#8290,(#8294,#8301),.PCURVE_S1.);
#8290 = LINE('',#8291,#8292);
#8291 = CARTESIAN_POINT('',(-1.130479156833E-14,-46.5,-18.));
#8292 = VECTOR('',#8293,1.);
#8293 = DIRECTION('',(0.,0.,1.));
#8294 = PCURVE('',#8262,#8295);
#8295 = DEFINITIONAL_REPRESENTATION('',(#8296),#8300);
#8296 = LINE('',#8297,#8298);
#8297 = CARTESIAN_POINT('',(6.28318530718,-0.));
#8298 = VECTOR('',#8299,1.);
#8299 = DIRECTION('',(0.,1.));
#8300 = ( GEOMETRIC_REPRESENTATION_CONTEXT(2) 
PARAMETRIC_REPRESENTATION_CONTEXT() REPRESENTATION_CONTEXT('2D SPACE',''
  ) );
#8301 = PCURVE('',#8262,#8302);
#8302 = DEFINITIONAL_REPRESENTATION('',(#8303),#8307);
#8303 = LINE('',#8304,#8305);
#8304 = CARTESIAN_POINT('',(0.,-0.));
#8305 = VECTOR('',#8306,1.);
#8306 = DIRECTION('',(0.,1.));
#8307 = ( GEOMETRIC_REPRESENTATION_CONTEXT(2) 
PARAMETRIC_REPRESENTATION_CONTEXT() REPRESENTATION_CONTEXT('2D SPACE',''
  ) );
#8308 = ORIENTED_EDGE('',*,*,#8309,.T.);
#8309 = EDGE_CURVE('',#8287,#8287,#8310,.T.);
#8310 = SURFACE_CURVE('',#8311,(#8316,#8323),.PCURVE_S1.);
#8311 = CIRCLE('',#8312,4.);
#8312 = AXIS2_PLACEMENT_3D('',#8313,#8314,#8315);
#8313 = CARTESIAN_POINT('',(-9.436895709314E-15,-42.5,-18.));
#8314 = DIRECTION('',(0.,0.,1.));
#8315 = DIRECTION('',(-2.22044604925E-16,-1.,0.));
#8316 = PCURVE('',#8262,#8317);
#8317 = DEFINITIONAL_REPRESENTATION('',(#8318),#8322);
#8318 = LINE('',#8319,#8320);
#8319 = CARTESIAN_POINT('',(0.,0.));
#8320 = VECTOR('',#8321,1.);
#8321 = DIRECTION('',(1.,0.));
#8322 = ( GEOMETRIC_REPRESENTATION_CONTEXT(2) 
PARAMETRIC_REPRESENTATION_CONTEXT() REPRESENTATION_CONTEXT('2D SPACE',''
  ) );
#8323 = PCURVE('',#8324,#8329);
#8324 = PLANE('',#8325);
#8325 = AXIS2_PLACEMENT_3D('',#8326,#8327,#8328);
#8326 = CARTESIAN_POINT('',(-9.436895709314E-15,-42.5,-18.));
#8327 = DIRECTION('',(0.,0.,1.));
#8328 = DIRECTION('',(-2.22044604925E-16,-1.,0.));
#8329 = DEFINITIONAL_REPRESENTATION('',(#8330),#8334);
#8330 = CIRCLE('',#8331,4.);
#8331 = AXIS2_PLACEMENT_2D('',#8332,#8333);
#8332 = CARTESIAN_POINT('',(0.,0.));
#8333 = DIRECTION('',(1.,0.));
#8334 = ( GEOMETRIC_REPRESENTATION_CONTEXT(2) 
PARAMETRIC_REPRESENTATION_CONTEXT() REPRESENTATION_CONTEXT('2D SPACE',''
  ) );
#8335 = ORIENTED_EDGE('',*,*,#8286,.T.);
#8336 = ADVANCED_FACE('',(#8337,#8340),#8274,.T.);
#8337 = FACE_BOUND('',#8338,.T.);
#8338 = EDGE_LOOP('',(#8339));
#8339 = ORIENTED_EDGE('',*,*,#8252,.T.);
#8340 = FACE_BOUND('',#8341,.T.);
#8341 = EDGE_LOOP('',(#8342));
#8342 = ORIENTED_EDGE('',*,*,#8343,.F.);
#8343 = EDGE_CURVE('',#8344,#8344,#8346,.T.);
#8344 = VERTEX_POINT('',#8345);
#8345 = CARTESIAN_POINT('',(-1.037084363882E-14,-44.5,31.));
#8346 = SURFACE_CURVE('',#8347,(#8352,#8359),.PCURVE_S1.);
#8347 = CIRCLE('',#8348,2.);
#8348 = AXIS2_PLACEMENT_3D('',#8349,#8350,#8351);
#8349 = CARTESIAN_POINT('',(-9.436895709314E-15,-42.5,31.));
#8350 = DIRECTION('',(0.,0.,1.));
#8351 = DIRECTION('',(-2.22044604925E-16,-1.,0.));
#8352 = PCURVE('',#8274,#8353);
#8353 = DEFINITIONAL_REPRESENTATION('',(#8354),#8358);
#8354 = CIRCLE('',#8355,2.);
#8355 = AXIS2_PLACEMENT_2D('',#8356,#8357);
#8356 = CARTESIAN_POINT('',(0.,0.));
#8357 = DIRECTION('',(1.,0.));
#8358 = ( GEOMETRIC_REPRESENTATION_CONTEXT(2) 
PARAMETRIC_REPRESENTATION_CONTEXT() REPRESENTATION_CONTEXT('2D SPACE',''
  ) );
#8359 = PCURVE('',#8360,#8365);
#8360 = CYLINDRICAL_SURFACE('',#8361,2.);
#8361 = AXIS2_PLACEMENT_3D('',#8362,#8363,#8364);
#8362 = CARTESIAN_POINT('',(-9.436895709314E-15,-42.5,-18.));
#8363 = DIRECTION('',(0.,0.,1.));
#8364 = DIRECTION('',(-2.22044604925E-16,-1.,0.));
#8365 = DEFINITIONAL_REPRESENTATION('',(#8366),#8370);
#8366 = LINE('',#8367,#8368);
#8367 = CARTESIAN_POINT('',(0.,49.));
#8368 = VECTOR('',#8369,1.);
#8369 = DIRECTION('',(1.,0.));
#8370 = ( GEOMETRIC_REPRESENTATION_CONTEXT(2) 
PARAMETRIC_REPRESENTATION_CONTEXT() REPRESENTATION_CONTEXT('2D SPACE',''
  ) );
#8371 = ADVANCED_FACE('',(#8372,#8375),#8324,.F.);
#8372 = FACE_BOUND('',#8373,.F.);
#8373 = EDGE_LOOP('',(#8374));
#8374 = ORIENTED_EDGE('',*,*,#8309,.T.);
#8375 = FACE_BOUND('',#8376,.F.);
#8376 = EDGE_LOOP('',(#8377));
#8377 = ORIENTED_EDGE('',*,*,#8378,.F.);
#8378 = EDGE_CURVE('',#8379,#8379,#8381,.T.);
#8379 = VERTEX_POINT('',#8380);
#8380 = CARTESIAN_POINT('',(-1.037084363882E-14,-44.5,-18.));
#8381 = SURFACE_CURVE('',#8382,(#8387,#8394),.PCURVE_S1.);
#8382 = CIRCLE('',#8383,2.);
#8383 = AXIS2_PLACEMENT_3D('',#8384,#8385,#8386);
#8384 = CARTESIAN_POINT('',(-9.436895709314E-15,-42.5,-18.));
#8385 = DIRECTION('',(0.,0.,1.));
#8386 = DIRECTION('',(-2.22044604925E-16,-1.,0.));
#8387 = PCURVE('',#8324,#8388);
#8388 = DEFINITIONAL_REPRESENTATION('',(#8389),#8393);
#8389 = CIRCLE('',#8390,2.);
#8390 = AXIS2_PLACEMENT_2D('',#8391,#8392);
#8391 = CARTESIAN_POINT('',(0.,0.));
#8392 = DIRECTION('',(1.,0.));
#8393 = ( GEOMETRIC_REPRESENTATION_CONTEXT(2) 
PARAMETRIC_REPRESENTATION_CONTEXT() REPRESENTATION_CONTEXT('2D SPACE',''
  ) );
#8394 = PCURVE('',#8360,#8395);
#8395 = DEFINITIONAL_REPRESENTATION('',(#8396),#8400);
#8396 = LINE('',#8397,#8398);
#8397 = CARTESIAN_POINT('',(0.,0.));
#8398 = VECTOR('',#8399,1.);
#8399 = DIRECTION('',(1.,0.));
#8400 = ( GEOMETRIC_REPRESENTATION_CONTEXT(2) 
PARAMETRIC_REPRESENTATION_CONTEXT() REPRESENTATION_CONTEXT('2D SPACE',''
  ) );
#8401 = ADVANCED_FACE('',(#8402),#8360,.F.);
#8402 = FACE_BOUND('',#8403,.F.);
#8403 = EDGE_LOOP('',(#8404,#8405,#8426,#8427));
#8404 = ORIENTED_EDGE('',*,*,#8343,.F.);
#8405 = ORIENTED_EDGE('',*,*,#8406,.F.);
#8406 = EDGE_CURVE('',#8379,#8344,#8407,.T.);
#8407 = SEAM_CURVE('',#8408,(#8412,#8419),.PCURVE_S1.);
#8408 = LINE('',#8409,#8410);
#8409 = CARTESIAN_POINT('',(-1.037084363882E-14,-44.5,-18.));
#8410 = VECTOR('',#8411,1.);
#8411 = DIRECTION('',(0.,0.,1.));
#8412 = PCURVE('',#8360,#8413);
#8413 = DEFINITIONAL_REPRESENTATION('',(#8414),#8418);
#8414 = LINE('',#8415,#8416);
#8415 = CARTESIAN_POINT('',(6.28318530718,-0.));
#8416 = VECTOR('',#8417,1.);
#8417 = DIRECTION('',(0.,1.));
#8418 = ( GEOMETRIC_REPRESENTATION_CONTEXT(2) 
PARAMETRIC_REPRESENTATION_CONTEXT() REPRESENTATION_CONTEXT('2D SPACE',''
  ) );
#8419 = PCURVE('',#8360,#8420);
#8420 = DEFINITIONAL_REPRESENTATION('',(#8421),#8425);
#8421 = LINE('',#8422,#8423);
#8422 = CARTESIAN_POINT('',(0.,-0.));
#8423 = VECTOR('',#8424,1.);
#8424 = DIRECTION('',(0.,1.));
#8425 = ( GEOMETRIC_REPRESENTATION_CONTEXT(2) 
PARAMETRIC_REPRESENTATION_CONTEXT() REPRESENTATION_CONTEXT('2D SPACE',''
  ) );
#8426 = ORIENTED_EDGE('',*,*,#8378,.T.);
#8427 = ORIENTED_EDGE('',*,*,#8406,.T.);
#8428 = ( GEOMETRIC_REPRESENTATION_CONTEXT(3) 
GLOBAL_UNCERTAINTY_ASSIGNED_CONTEXT((#8432)) 
GLOBAL_UNIT_ASSIGNED_CONTEXT((#8429,#8430,#8431)) REPRESENTATION_CONTEXT
('Context #1','3D Context with UNIT and UNCERTAINTY') );
#8429 = ( LENGTH_UNIT() NAMED_UNIT(*) SI_UNIT(.MILLI.,.METRE.) );
#8430 = ( NAMED_UNIT(*) PLANE_ANGLE_UNIT() SI_UNIT($,.RADIAN.) );
#8431 = ( NAMED_UNIT(*) SI_UNIT($,.STERADIAN.) SOLID_ANGLE_UNIT() );
#8432 = UNCERTAINTY_MEASURE_WITH_UNIT(LENGTH_MEASURE(1.E-07),#8429,
  'distance_accuracy_value','confusion accuracy');
#8433 = CONTEXT_DEPENDENT_SHAPE_REPRESENTATION(#8434,#8436);
#8434 = ( REPRESENTATION_RELATIONSHIP('','',#8063,#10) 
REPRESENTATION_RELATIONSHIP_WITH_TRANSFORMATION(#8435) 
SHAPE_REPRESENTATION_RELATIONSHIP() );
#8435 = ITEM_DEFINED_TRANSFORMATION('','',#11,#43);
#8436 = PRODUCT_DEFINITION_SHAPE('Placement','Placement of an item',
  #8437);
#8437 = NEXT_ASSEMBLY_USAGE_OCCURRENCE('8','Propellant_Feed','',#5,#8058
  ,$);
#8438 = PRODUCT_RELATED_PRODUCT_CATEGORY('part',$,(#8060));
#8439 = SHAPE_DEFINITION_REPRESENTATION(#8440,#8446);
#8440 = PRODUCT_DEFINITION_SHAPE('','',#8441);
#8441 = PRODUCT_DEFINITION('design','',#8442,#8445);
#8442 = PRODUCT_DEFINITION_FORMATION('','',#8443);
#8443 = PRODUCT('Cathode_Neutralizer','Cathode_Neutralizer','',(#8444));
#8444 = PRODUCT_CONTEXT('',#2,'mechanical');
#8445 = PRODUCT_DEFINITION_CONTEXT('part definition',#2,'design');
#8446 = ADVANCED_BREP_SHAPE_REPRESENTATION('',(#11,#8447),#8743);
#8447 = MANIFOLD_SOLID_BREP('',#8448);
#8448 = CLOSED_SHELL('',(#8449,#8536,#8590,#8594,#8649,#8684,#8739));
#8449 = ADVANCED_FACE('',(#8450),#8463,.T.);
#8450 = FACE_BOUND('',#8451,.T.);
#8451 = EDGE_LOOP('',(#8452,#8485,#8508,#8535));
#8452 = ORIENTED_EDGE('',*,*,#8453,.F.);
#8453 = EDGE_CURVE('',#8454,#8454,#8456,.T.);
#8454 = VERTEX_POINT('',#8455);
#8455 = CARTESIAN_POINT('',(9.,124.,113.));
#8456 = SURFACE_CURVE('',#8457,(#8462,#8474),.PCURVE_S1.);
#8457 = CIRCLE('',#8458,9.);
#8458 = AXIS2_PLACEMENT_3D('',#8459,#8460,#8461);
#8459 = CARTESIAN_POINT('',(0.,124.,113.));
#8460 = DIRECTION('',(0.,0.,1.));
#8461 = DIRECTION('',(1.,0.,-0.));
#8462 = PCURVE('',#8463,#8468);
#8463 = CYLINDRICAL_SURFACE('',#8464,9.);
#8464 = AXIS2_PLACEMENT_3D('',#8465,#8466,#8467);
#8465 = CARTESIAN_POINT('',(0.,124.,76.));
#8466 = DIRECTION('',(0.,0.,1.));
#8467 = DIRECTION('',(1.,0.,-0.));
#8468 = DEFINITIONAL_REPRESENTATION('',(#8469),#8473);
#8469 = LINE('',#8470,#8471);
#8470 = CARTESIAN_POINT('',(0.,37.));
#8471 = VECTOR('',#8472,1.);
#8472 = DIRECTION('',(1.,0.));
#8473 = ( GEOMETRIC_REPRESENTATION_CONTEXT(2) 
PARAMETRIC_REPRESENTATION_CONTEXT() REPRESENTATION_CONTEXT('2D SPACE',''
  ) );
#8474 = PCURVE('',#8475,#8480);
#8475 = CONICAL_SURFACE('',#8476,9.,0.463647609001);
#8476 = AXIS2_PLACEMENT_3D('',#8477,#8478,#8479);
#8477 = CARTESIAN_POINT('',(0.,124.,113.));
#8478 = DIRECTION('',(-0.,-0.,-1.));
#8479 = DIRECTION('',(1.,0.,-0.));
#8480 = DEFINITIONAL_REPRESENTATION('',(#8481),#8484);
#8481 = B_SPLINE_CURVE_WITH_KNOTS('',1,(#8482,#8483),.UNSPECIFIED.,.F.,
  .F.,(2,2),(0.,6.28318530718),.PIECEWISE_BEZIER_KNOTS.);
#8482 = CARTESIAN_POINT('',(0.,0.));
#8483 = CARTESIAN_POINT('',(-6.28318530718,0.));
#8484 = ( GEOMETRIC_REPRESENTATION_CONTEXT(2) 
PARAMETRIC_REPRESENTATION_CONTEXT() REPRESENTATION_CONTEXT('2D SPACE',''
  ) );
#8485 = ORIENTED_EDGE('',*,*,#8486,.F.);
#8486 = EDGE_CURVE('',#8487,#8454,#8489,.T.);
#8487 = VERTEX_POINT('',#8488);
#8488 = CARTESIAN_POINT('',(9.,124.,76.));
#8489 = SEAM_CURVE('',#8490,(#8494,#8501),.PCURVE_S1.);
#8490 = LINE('',#8491,#8492);
#8491 = CARTESIAN_POINT('',(9.,124.,76.));
#8492 = VECTOR('',#8493,1.);
#8493 = DIRECTION('',(0.,0.,1.));
#8494 = PCURVE('',#8463,#8495);
#8495 = DEFINITIONAL_REPRESENTATION('',(#8496),#8500);
#8496 = LINE('',#8497,#8498);
#8497 = CARTESIAN_POINT('',(6.28318530718,-0.));
#8498 = VECTOR('',#8499,1.);
#8499 = DIRECTION('',(0.,1.));
#8500 = ( GEOMETRIC_REPRESENTATION_CONTEXT(2) 
PARAMETRIC_REPRESENTATION_CONTEXT() REPRESENTATION_CONTEXT('2D SPACE',''
  ) );
#8501 = PCURVE('',#8463,#8502);
#8502 = DEFINITIONAL_REPRESENTATION('',(#8503),#8507);
#8503 = LINE('',#8504,#8505);
#8504 = CARTESIAN_POINT('',(0.,-0.));
#8505 = VECTOR('',#8506,1.);
#8506 = DIRECTION('',(0.,1.));
#8507 = ( GEOMETRIC_REPRESENTATION_CONTEXT(2) 
PARAMETRIC_REPRESENTATION_CONTEXT() REPRESENTATION_CONTEXT('2D SPACE',''
  ) );
#8508 = ORIENTED_EDGE('',*,*,#8509,.T.);
#8509 = EDGE_CURVE('',#8487,#8487,#8510,.T.);
#8510 = SURFACE_CURVE('',#8511,(#8516,#8523),.PCURVE_S1.);
#8511 = CIRCLE('',#8512,9.);
#8512 = AXIS2_PLACEMENT_3D('',#8513,#8514,#8515);
#8513 = CARTESIAN_POINT('',(0.,124.,76.));
#8514 = DIRECTION('',(0.,0.,1.));
#8515 = DIRECTION('',(1.,0.,-0.));
#8516 = PCURVE('',#8463,#8517);
#8517 = DEFINITIONAL_REPRESENTATION('',(#8518),#8522);
#8518 = LINE('',#8519,#8520);
#8519 = CARTESIAN_POINT('',(0.,0.));
#8520 = VECTOR('',#8521,1.);
#8521 = DIRECTION('',(1.,0.));
#8522 = ( GEOMETRIC_REPRESENTATION_CONTEXT(2) 
PARAMETRIC_REPRESENTATION_CONTEXT() REPRESENTATION_CONTEXT('2D SPACE',''
  ) );
#8523 = PCURVE('',#8524,#8529);
#8524 = PLANE('',#8525);
#8525 = AXIS2_PLACEMENT_3D('',#8526,#8527,#8528);
#8526 = CARTESIAN_POINT('',(0.,124.,76.));
#8527 = DIRECTION('',(0.,0.,1.));
#8528 = DIRECTION('',(1.,0.,-0.));
#8529 = DEFINITIONAL_REPRESENTATION('',(#8530),#8534);
#8530 = CIRCLE('',#8531,9.);
#8531 = AXIS2_PLACEMENT_2D('',#8532,#8533);
#8532 = CARTESIAN_POINT('',(0.,0.));
#8533 = DIRECTION('',(1.,0.));
#8534 = ( GEOMETRIC_REPRESENTATION_CONTEXT(2) 
PARAMETRIC_REPRESENTATION_CONTEXT() REPRESENTATION_CONTEXT('2D SPACE',''
  ) );
#8535 = ORIENTED_EDGE('',*,*,#8486,.T.);
#8536 = ADVANCED_FACE('',(#8537),#8475,.T.);
#8537 = FACE_BOUND('',#8538,.T.);
#8538 = EDGE_LOOP('',(#8539,#8567,#8588,#8589));
#8539 = ORIENTED_EDGE('',*,*,#8540,.F.);
#8540 = EDGE_CURVE('',#8541,#8541,#8543,.T.);
#8541 = VERTEX_POINT('',#8542);
#8542 = CARTESIAN_POINT('',(5.,124.,121.));
#8543 = SURFACE_CURVE('',#8544,(#8549,#8556),.PCURVE_S1.);
#8544 = CIRCLE('',#8545,5.);
#8545 = AXIS2_PLACEMENT_3D('',#8546,#8547,#8548);
#8546 = CARTESIAN_POINT('',(0.,124.,121.));
#8547 = DIRECTION('',(0.,0.,1.));
#8548 = DIRECTION('',(1.,0.,-0.));
#8549 = PCURVE('',#8475,#8550);
#8550 = DEFINITIONAL_REPRESENTATION('',(#8551),#8555);
#8551 = LINE('',#8552,#8553);
#8552 = CARTESIAN_POINT('',(-0.,-8.));
#8553 = VECTOR('',#8554,1.);
#8554 = DIRECTION('',(-1.,-0.));
#8555 = ( GEOMETRIC_REPRESENTATION_CONTEXT(2) 
PARAMETRIC_REPRESENTATION_CONTEXT() REPRESENTATION_CONTEXT('2D SPACE',''
  ) );
#8556 = PCURVE('',#8557,#8562);
#8557 = CYLINDRICAL_SURFACE('',#8558,5.);
#8558 = AXIS2_PLACEMENT_3D('',#8559,#8560,#8561);
#8559 = CARTESIAN_POINT('',(0.,124.,121.));
#8560 = DIRECTION('',(0.,0.,1.));
#8561 = DIRECTION('',(1.,0.,-0.));
#8562 = DEFINITIONAL_REPRESENTATION('',(#8563),#8566);
#8563 = B_SPLINE_CURVE_WITH_KNOTS('',1,(#8564,#8565),.UNSPECIFIED.,.F.,
  .F.,(2,2),(0.,6.28318530718),.PIECEWISE_BEZIER_KNOTS.);
#8564 = CARTESIAN_POINT('',(0.,0.));
#8565 = CARTESIAN_POINT('',(6.28318530718,0.));
#8566 = ( GEOMETRIC_REPRESENTATION_CONTEXT(2) 
PARAMETRIC_REPRESENTATION_CONTEXT() REPRESENTATION_CONTEXT('2D SPACE',''
  ) );
#8567 = ORIENTED_EDGE('',*,*,#8568,.F.);
#8568 = EDGE_CURVE('',#8454,#8541,#8569,.T.);
#8569 = SEAM_CURVE('',#8570,(#8574,#8581),.PCURVE_S1.);
#8570 = LINE('',#8571,#8572);
#8571 = CARTESIAN_POINT('',(9.,124.,113.));
#8572 = VECTOR('',#8573,1.);
#8573 = DIRECTION('',(-0.4472135955,1.095357396528E-16,0.894427191));
#8574 = PCURVE('',#8475,#8575);
#8575 = DEFINITIONAL_REPRESENTATION('',(#8576),#8580);
#8576 = LINE('',#8577,#8578);
#8577 = CARTESIAN_POINT('',(-6.28318530718,0.));
#8578 = VECTOR('',#8579,1.);
#8579 = DIRECTION('',(-0.,-1.));
#8580 = ( GEOMETRIC_REPRESENTATION_CONTEXT(2) 
PARAMETRIC_REPRESENTATION_CONTEXT() REPRESENTATION_CONTEXT('2D SPACE',''
  ) );
#8581 = PCURVE('',#8475,#8582);
#8582 = DEFINITIONAL_REPRESENTATION('',(#8583),#8587);
#8583 = LINE('',#8584,#8585);
#8584 = CARTESIAN_POINT('',(0.,-0.));
#8585 = VECTOR('',#8586,1.);
#8586 = DIRECTION('',(-0.,-1.));
#8587 = ( GEOMETRIC_REPRESENTATION_CONTEXT(2) 
PARAMETRIC_REPRESENTATION_CONTEXT() REPRESENTATION_CONTEXT('2D SPACE',''
  ) );
#8588 = ORIENTED_EDGE('',*,*,#8453,.T.);
#8589 = ORIENTED_EDGE('',*,*,#8568,.T.);
#8590 = ADVANCED_FACE('',(#8591),#8524,.F.);
#8591 = FACE_BOUND('',#8592,.T.);
#8592 = EDGE_LOOP('',(#8593));
#8593 = ORIENTED_EDGE('',*,*,#8509,.F.);
#8594 = ADVANCED_FACE('',(#8595),#8557,.T.);
#8595 = FACE_BOUND('',#8596,.T.);
#8596 = EDGE_LOOP('',(#8597,#8626,#8647,#8648));
#8597 = ORIENTED_EDGE('',*,*,#8598,.F.);
#8598 = EDGE_CURVE('',#8599,#8599,#8601,.T.);
#8599 = VERTEX_POINT('',#8600);
#8600 = CARTESIAN_POINT('',(5.,124.,135.));
#8601 = SURFACE_CURVE('',#8602,(#8607,#8614),.PCURVE_S1.);
#8602 = CIRCLE('',#8603,5.);
#8603 = AXIS2_PLACEMENT_3D('',#8604,#8605,#8606);
#8604 = CARTESIAN_POINT('',(0.,124.,135.));
#8605 = DIRECTION('',(0.,0.,1.));
#8606 = DIRECTION('',(1.,0.,-0.));
#8607 = PCURVE('',#8557,#8608);
#8608 = DEFINITIONAL_REPRESENTATION('',(#8609),#8613);
#8609 = LINE('',#8610,#8611);
#8610 = CARTESIAN_POINT('',(0.,14.));
#8611 = VECTOR('',#8612,1.);
#8612 = DIRECTION('',(1.,0.));
#8613 = ( GEOMETRIC_REPRESENTATION_CONTEXT(2) 
PARAMETRIC_REPRESENTATION_CONTEXT() REPRESENTATION_CONTEXT('2D SPACE',''
  ) );
#8614 = PCURVE('',#8615,#8620);
#8615 = PLANE('',#8616);
#8616 = AXIS2_PLACEMENT_3D('',#8617,#8618,#8619);
#8617 = CARTESIAN_POINT('',(0.,124.,135.));
#8618 = DIRECTION('',(0.,0.,1.));
#8619 = DIRECTION('',(1.,0.,-0.));
#8620 = DEFINITIONAL_REPRESENTATION('',(#8621),#8625);
#8621 = CIRCLE('',#8622,5.);
#8622 = AXIS2_PLACEMENT_2D('',#8623,#8624);
#8623 = CARTESIAN_POINT('',(0.,0.));
#8624 = DIRECTION('',(1.,0.));
#8625 = ( GEOMETRIC_REPRESENTATION_CONTEXT(2) 
PARAMETRIC_REPRESENTATION_CONTEXT() REPRESENTATION_CONTEXT('2D SPACE',''
  ) );
#8626 = ORIENTED_EDGE('',*,*,#8627,.F.);
#8627 = EDGE_CURVE('',#8541,#8599,#8628,.T.);
#8628 = SEAM_CURVE('',#8629,(#8633,#8640),.PCURVE_S1.);
#8629 = LINE('',#8630,#8631);
#8630 = CARTESIAN_POINT('',(5.,124.,121.));
#8631 = VECTOR('',#8632,1.);
#8632 = DIRECTION('',(0.,0.,1.));
#8633 = PCURVE('',#8557,#8634);
#8634 = DEFINITIONAL_REPRESENTATION('',(#8635),#8639);
#8635 = LINE('',#8636,#8637);
#8636 = CARTESIAN_POINT('',(6.28318530718,-0.));
#8637 = VECTOR('',#8638,1.);
#8638 = DIRECTION('',(0.,1.));
#8639 = ( GEOMETRIC_REPRESENTATION_CONTEXT(2) 
PARAMETRIC_REPRESENTATION_CONTEXT() REPRESENTATION_CONTEXT('2D SPACE',''
  ) );
#8640 = PCURVE('',#8557,#8641);
#8641 = DEFINITIONAL_REPRESENTATION('',(#8642),#8646);
#8642 = LINE('',#8643,#8644);
#8643 = CARTESIAN_POINT('',(0.,-0.));
#8644 = VECTOR('',#8645,1.);
#8645 = DIRECTION('',(0.,1.));
#8646 = ( GEOMETRIC_REPRESENTATION_CONTEXT(2) 
PARAMETRIC_REPRESENTATION_CONTEXT() REPRESENTATION_CONTEXT('2D SPACE',''
  ) );
#8647 = ORIENTED_EDGE('',*,*,#8540,.T.);
#8648 = ORIENTED_EDGE('',*,*,#8627,.T.);
#8649 = ADVANCED_FACE('',(#8650,#8653),#8615,.T.);
#8650 = FACE_BOUND('',#8651,.T.);
#8651 = EDGE_LOOP('',(#8652));
#8652 = ORIENTED_EDGE('',*,*,#8598,.T.);
#8653 = FACE_BOUND('',#8654,.T.);
#8654 = EDGE_LOOP('',(#8655));
#8655 = ORIENTED_EDGE('',*,*,#8656,.F.);
#8656 = EDGE_CURVE('',#8657,#8657,#8659,.T.);
#8657 = VERTEX_POINT('',#8658);
#8658 = CARTESIAN_POINT('',(2.4,124.,135.));
#8659 = SURFACE_CURVE('',#8660,(#8665,#8672),.PCURVE_S1.);
#8660 = CIRCLE('',#8661,2.4);
#8661 = AXIS2_PLACEMENT_3D('',#8662,#8663,#8664);
#8662 = CARTESIAN_POINT('',(0.,124.,135.));
#8663 = DIRECTION('',(0.,0.,1.));
#8664 = DIRECTION('',(1.,0.,-0.));
#8665 = PCURVE('',#8615,#8666);
#8666 = DEFINITIONAL_REPRESENTATION('',(#8667),#8671);
#8667 = CIRCLE('',#8668,2.4);
#8668 = AXIS2_PLACEMENT_2D('',#8669,#8670);
#8669 = CARTESIAN_POINT('',(0.,0.));
#8670 = DIRECTION('',(1.,0.));
#8671 = ( GEOMETRIC_REPRESENTATION_CONTEXT(2) 
PARAMETRIC_REPRESENTATION_CONTEXT() REPRESENTATION_CONTEXT('2D SPACE',''
  ) );
#8672 = PCURVE('',#8673,#8678);
#8673 = CYLINDRICAL_SURFACE('',#8674,2.4);
#8674 = AXIS2_PLACEMENT_3D('',#8675,#8676,#8677);
#8675 = CARTESIAN_POINT('',(0.,124.,125.));
#8676 = DIRECTION('',(0.,0.,1.));
#8677 = DIRECTION('',(1.,0.,-0.));
#8678 = DEFINITIONAL_REPRESENTATION('',(#8679),#8683);
#8679 = LINE('',#8680,#8681);
#8680 = CARTESIAN_POINT('',(0.,10.));
#8681 = VECTOR('',#8682,1.);
#8682 = DIRECTION('',(1.,0.));
#8683 = ( GEOMETRIC_REPRESENTATION_CONTEXT(2) 
PARAMETRIC_REPRESENTATION_CONTEXT() REPRESENTATION_CONTEXT('2D SPACE',''
  ) );
#8684 = ADVANCED_FACE('',(#8685),#8673,.F.);
#8685 = FACE_BOUND('',#8686,.F.);
#8686 = EDGE_LOOP('',(#8687,#8688,#8711,#8738));
#8687 = ORIENTED_EDGE('',*,*,#8656,.F.);
#8688 = ORIENTED_EDGE('',*,*,#8689,.F.);
#8689 = EDGE_CURVE('',#8690,#8657,#8692,.T.);
#8690 = VERTEX_POINT('',#8691);
#8691 = CARTESIAN_POINT('',(2.4,124.,125.));
#8692 = SEAM_CURVE('',#8693,(#8697,#8704),.PCURVE_S1.);
#8693 = LINE('',#8694,#8695);
#8694 = CARTESIAN_POINT('',(2.4,124.,125.));
#8695 = VECTOR('',#8696,1.);
#8696 = DIRECTION('',(0.,0.,1.));
#8697 = PCURVE('',#8673,#8698);
#8698 = DEFINITIONAL_REPRESENTATION('',(#8699),#8703);
#8699 = LINE('',#8700,#8701);
#8700 = CARTESIAN_POINT('',(6.28318530718,-0.));
#8701 = VECTOR('',#8702,1.);
#8702 = DIRECTION('',(0.,1.));
#8703 = ( GEOMETRIC_REPRESENTATION_CONTEXT(2) 
PARAMETRIC_REPRESENTATION_CONTEXT() REPRESENTATION_CONTEXT('2D SPACE',''
  ) );
#8704 = PCURVE('',#8673,#8705);
#8705 = DEFINITIONAL_REPRESENTATION('',(#8706),#8710);
#8706 = LINE('',#8707,#8708);
#8707 = CARTESIAN_POINT('',(0.,-0.));
#8708 = VECTOR('',#8709,1.);
#8709 = DIRECTION('',(0.,1.));
#8710 = ( GEOMETRIC_REPRESENTATION_CONTEXT(2) 
PARAMETRIC_REPRESENTATION_CONTEXT() REPRESENTATION_CONTEXT('2D SPACE',''
  ) );
#8711 = ORIENTED_EDGE('',*,*,#8712,.T.);
#8712 = EDGE_CURVE('',#8690,#8690,#8713,.T.);
#8713 = SURFACE_CURVE('',#8714,(#8719,#8726),.PCURVE_S1.);
#8714 = CIRCLE('',#8715,2.4);
#8715 = AXIS2_PLACEMENT_3D('',#8716,#8717,#8718);
#8716 = CARTESIAN_POINT('',(0.,124.,125.));
#8717 = DIRECTION('',(0.,0.,1.));
#8718 = DIRECTION('',(1.,0.,-0.));
#8719 = PCURVE('',#8673,#8720);
#8720 = DEFINITIONAL_REPRESENTATION('',(#8721),#8725);
#8721 = LINE('',#8722,#8723);
#8722 = CARTESIAN_POINT('',(0.,0.));
#8723 = VECTOR('',#8724,1.);
#8724 = DIRECTION('',(1.,0.));
#8725 = ( GEOMETRIC_REPRESENTATION_CONTEXT(2) 
PARAMETRIC_REPRESENTATION_CONTEXT() REPRESENTATION_CONTEXT('2D SPACE',''
  ) );
#8726 = PCURVE('',#8727,#8732);
#8727 = PLANE('',#8728);
#8728 = AXIS2_PLACEMENT_3D('',#8729,#8730,#8731);
#8729 = CARTESIAN_POINT('',(0.,124.,125.));
#8730 = DIRECTION('',(0.,0.,1.));
#8731 = DIRECTION('',(1.,0.,-0.));
#8732 = DEFINITIONAL_REPRESENTATION('',(#8733),#8737);
#8733 = CIRCLE('',#8734,2.4);
#8734 = AXIS2_PLACEMENT_2D('',#8735,#8736);
#8735 = CARTESIAN_POINT('',(0.,0.));
#8736 = DIRECTION('',(1.,0.));
#8737 = ( GEOMETRIC_REPRESENTATION_CONTEXT(2) 
PARAMETRIC_REPRESENTATION_CONTEXT() REPRESENTATION_CONTEXT('2D SPACE',''
  ) );
#8738 = ORIENTED_EDGE('',*,*,#8689,.T.);
#8739 = ADVANCED_FACE('',(#8740),#8727,.T.);
#8740 = FACE_BOUND('',#8741,.F.);
#8741 = EDGE_LOOP('',(#8742));
#8742 = ORIENTED_EDGE('',*,*,#8712,.F.);
#8743 = ( GEOMETRIC_REPRESENTATION_CONTEXT(3) 
GLOBAL_UNCERTAINTY_ASSIGNED_CONTEXT((#8747)) 
GLOBAL_UNIT_ASSIGNED_CONTEXT((#8744,#8745,#8746)) REPRESENTATION_CONTEXT
('Context #1','3D Context with UNIT and UNCERTAINTY') );
#8744 = ( LENGTH_UNIT() NAMED_UNIT(*) SI_UNIT(.MILLI.,.METRE.) );
#8745 = ( NAMED_UNIT(*) PLANE_ANGLE_UNIT() SI_UNIT($,.RADIAN.) );
#8746 = ( NAMED_UNIT(*) SI_UNIT($,.STERADIAN.) SOLID_ANGLE_UNIT() );
#8747 = UNCERTAINTY_MEASURE_WITH_UNIT(LENGTH_MEASURE(1.E-07),#8744,
  'distance_accuracy_value','confusion accuracy');
#8748 = CONTEXT_DEPENDENT_SHAPE_REPRESENTATION(#8749,#8751);
#8749 = ( REPRESENTATION_RELATIONSHIP('','',#8446,#10) 
REPRESENTATION_RELATIONSHIP_WITH_TRANSFORMATION(#8750) 
SHAPE_REPRESENTATION_RELATIONSHIP() );
#8750 = ITEM_DEFINED_TRANSFORMATION('','',#11,#47);
#8751 = PRODUCT_DEFINITION_SHAPE('Placement','Placement of an item',
  #8752);
#8752 = NEXT_ASSEMBLY_USAGE_OCCURRENCE('9','Cathode_Neutralizer','',#5,
  #8441,$);
#8753 = PRODUCT_RELATED_PRODUCT_CATEGORY('part',$,(#8443));
#8754 = SHAPE_DEFINITION_REPRESENTATION(#8755,#8761);
#8755 = PRODUCT_DEFINITION_SHAPE('','',#8756);
#8756 = PRODUCT_DEFINITION('design','',#8757,#8760);
#8757 = PRODUCT_DEFINITION_FORMATION('','',#8758);
#8758 = PRODUCT('Neutralizer_Housing','Neutralizer_Housing','',(#8759));
#8759 = PRODUCT_CONTEXT('',#2,'mechanical');
#8760 = PRODUCT_DEFINITION_CONTEXT('part definition',#2,'design');
#8761 = ADVANCED_BREP_SHAPE_REPRESENTATION('',(#11,#8762),#9818);
#8762 = MANIFOLD_SOLID_BREP('',#8763);
#8763 = CLOSED_SHELL('',(#8764,#8884,#9066,#9146,#9195,#9222,#9229,#9305
    ,#9354,#9403,#9430,#9485,#9492,#9610,#9686,#9735,#9784,#9811));
#8764 = ADVANCED_FACE('',(#8765),#8779,.F.);
#8765 = FACE_BOUND('',#8766,.F.);
#8766 = EDGE_LOOP('',(#8767,#8802,#8830,#8858));
#8767 = ORIENTED_EDGE('',*,*,#8768,.F.);
#8768 = EDGE_CURVE('',#8769,#8771,#8773,.T.);
#8769 = VERTEX_POINT('',#8770);
#8770 = CARTESIAN_POINT('',(-12.,112.,73.));
#8771 = VERTEX_POINT('',#8772);
#8772 = CARTESIAN_POINT('',(-12.,112.,118.));
#8773 = SURFACE_CURVE('',#8774,(#8778,#8790),.PCURVE_S1.);
#8774 = LINE('',#8775,#8776);
#8775 = CARTESIAN_POINT('',(-12.,112.,73.));
#8776 = VECTOR('',#8777,1.);
#8777 = DIRECTION('',(0.,0.,1.));
#8778 = PCURVE('',#8779,#8784);
#8779 = PLANE('',#8780);
#8780 = AXIS2_PLACEMENT_3D('',#8781,#8782,#8783);
#8781 = CARTESIAN_POINT('',(-12.,112.,73.));
#8782 = DIRECTION('',(1.,0.,-0.));
#8783 = DIRECTION('',(0.,0.,1.));
#8784 = DEFINITIONAL_REPRESENTATION('',(#8785),#8789);
#8785 = LINE('',#8786,#8787);
#8786 = CARTESIAN_POINT('',(0.,0.));
#8787 = VECTOR('',#8788,1.);
#8788 = DIRECTION('',(1.,0.));
#8789 = ( GEOMETRIC_REPRESENTATION_CONTEXT(2) 
PARAMETRIC_REPRESENTATION_CONTEXT() REPRESENTATION_CONTEXT('2D SPACE',''
  ) );
#8790 = PCURVE('',#8791,#8796);
#8791 = PLANE('',#8792);
#8792 = AXIS2_PLACEMENT_3D('',#8793,#8794,#8795);
#8793 = CARTESIAN_POINT('',(-12.,112.,73.));
#8794 = DIRECTION('',(-0.,1.,0.));
#8795 = DIRECTION('',(0.,0.,1.));
#8796 = DEFINITIONAL_REPRESENTATION('',(#8797),#8801);
#8797 = LINE('',#8798,#8799);
#8798 = CARTESIAN_POINT('',(0.,0.));
#8799 = VECTOR('',#8800,1.);
#8800 = DIRECTION('',(1.,0.));
#8801 = ( GEOMETRIC_REPRESENTATION_CONTEXT(2) 
PARAMETRIC_REPRESENTATION_CONTEXT() REPRESENTATION_CONTEXT('2D SPACE',''
  ) );
#8802 = ORIENTED_EDGE('',*,*,#8803,.T.);
#8803 = EDGE_CURVE('',#8769,#8804,#8806,.T.);
#8804 = VERTEX_POINT('',#8805);
#8805 = CARTESIAN_POINT('',(-12.,136.,73.));
#8806 = SURFACE_CURVE('',#8807,(#8811,#8818),.PCURVE_S1.);
#8807 = LINE('',#8808,#8809);
#8808 = CARTESIAN_POINT('',(-12.,112.,73.));
#8809 = VECTOR('',#8810,1.);
#8810 = DIRECTION('',(-0.,1.,0.));
#8811 = PCURVE('',#8779,#8812);
#8812 = DEFINITIONAL_REPRESENTATION('',(#8813),#8817);
#8813 = LINE('',#8814,#8815);
#8814 = CARTESIAN_POINT('',(0.,0.));
#8815 = VECTOR('',#8816,1.);
#8816 = DIRECTION('',(0.,-1.));
#8817 = ( GEOMETRIC_REPRESENTATION_CONTEXT(2) 
PARAMETRIC_REPRESENTATION_CONTEXT() REPRESENTATION_CONTEXT('2D SPACE',''
  ) );
#8818 = PCURVE('',#8819,#8824);
#8819 = PLANE('',#8820);
#8820 = AXIS2_PLACEMENT_3D('',#8821,#8822,#8823);
#8821 = CARTESIAN_POINT('',(-12.,112.,73.));
#8822 = DIRECTION('',(0.,0.,1.));
#8823 = DIRECTION('',(1.,0.,-0.));
#8824 = DEFINITIONAL_REPRESENTATION('',(#8825),#8829);
#8825 = LINE('',#8826,#8827);
#8826 = CARTESIAN_POINT('',(0.,0.));
#8827 = VECTOR('',#8828,1.);
#8828 = DIRECTION('',(0.,1.));
#8829 = ( GEOMETRIC_REPRESENTATION_CONTEXT(2) 
PARAMETRIC_REPRESENTATION_CONTEXT() REPRESENTATION_CONTEXT('2D SPACE',''
  ) );
#8830 = ORIENTED_EDGE('',*,*,#8831,.T.);
#8831 = EDGE_CURVE('',#8804,#8832,#8834,.T.);
#8832 = VERTEX_POINT('',#8833);
#8833 = CARTESIAN_POINT('',(-12.,136.,118.));
#8834 = SURFACE_CURVE('',#8835,(#8839,#8846),.PCURVE_S1.);
#8835 = LINE('',#8836,#8837);
#8836 = CARTESIAN_POINT('',(-12.,136.,73.));
#8837 = VECTOR('',#8838,1.);
#8838 = DIRECTION('',(0.,0.,1.));
#8839 = PCURVE('',#8779,#8840);
#8840 = DEFINITIONAL_REPRESENTATION('',(#8841),#8845);
#8841 = LINE('',#8842,#8843);
#8842 = CARTESIAN_POINT('',(0.,-24.));
#8843 = VECTOR('',#8844,1.);
#8844 = DIRECTION('',(1.,0.));
#8845 = ( GEOMETRIC_REPRESENTATION_CONTEXT(2) 
PARAMETRIC_REPRESENTATION_CONTEXT() REPRESENTATION_CONTEXT('2D SPACE',''
  ) );
#8846 = PCURVE('',#8847,#8852);
#8847 = PLANE('',#8848);
#8848 = AXIS2_PLACEMENT_3D('',#8849,#8850,#8851);
#8849 = CARTESIAN_POINT('',(-12.,136.,73.));
#8850 = DIRECTION('',(-0.,1.,0.));
#8851 = DIRECTION('',(0.,0.,1.));
#8852 = DEFINITIONAL_REPRESENTATION('',(#8853),#8857);
#8853 = LINE('',#8854,#8855);
#8854 = CARTESIAN_POINT('',(0.,0.));
#8855 = VECTOR('',#8856,1.);
#8856 = DIRECTION('',(1.,0.));
#8857 = ( GEOMETRIC_REPRESENTATION_CONTEXT(2) 
PARAMETRIC_REPRESENTATION_CONTEXT() REPRESENTATION_CONTEXT('2D SPACE',''
  ) );
#8858 = ORIENTED_EDGE('',*,*,#8859,.F.);
#8859 = EDGE_CURVE('',#8771,#8832,#8860,.T.);
#8860 = SURFACE_CURVE('',#8861,(#8865,#8872),.PCURVE_S1.);
#8861 = LINE('',#8862,#8863);
#8862 = CARTESIAN_POINT('',(-12.,112.,118.));
#8863 = VECTOR('',#8864,1.);
#8864 = DIRECTION('',(-0.,1.,0.));
#8865 = PCURVE('',#8779,#8866);
#8866 = DEFINITIONAL_REPRESENTATION('',(#8867),#8871);
#8867 = LINE('',#8868,#8869);
#8868 = CARTESIAN_POINT('',(45.,0.));
#8869 = VECTOR('',#8870,1.);
#8870 = DIRECTION('',(0.,-1.));
#8871 = ( GEOMETRIC_REPRESENTATION_CONTEXT(2) 
PARAMETRIC_REPRESENTATION_CONTEXT() REPRESENTATION_CONTEXT('2D SPACE',''
  ) );
#8872 = PCURVE('',#8873,#8878);
#8873 = PLANE('',#8874);
#8874 = AXIS2_PLACEMENT_3D('',#8875,#8876,#8877);
#8875 = CARTESIAN_POINT('',(-12.,112.,118.));
#8876 = DIRECTION('',(0.,0.,1.));
#8877 = DIRECTION('',(1.,0.,-0.));
#8878 = DEFINITIONAL_REPRESENTATION('',(#8879),#8883);
#8879 = LINE('',#8880,#8881);
#8880 = CARTESIAN_POINT('',(0.,0.));
#8881 = VECTOR('',#8882,1.);
#8882 = DIRECTION('',(0.,1.));
#8883 = ( GEOMETRIC_REPRESENTATION_CONTEXT(2) 
PARAMETRIC_REPRESENTATION_CONTEXT() REPRESENTATION_CONTEXT('2D SPACE',''
  ) );
#8884 = ADVANCED_FACE('',(#8885,#8960),#8791,.F.);
#8885 = FACE_BOUND('',#8886,.F.);
#8886 = EDGE_LOOP('',(#8887,#8910,#8911,#8934));
#8887 = ORIENTED_EDGE('',*,*,#8888,.F.);
#8888 = EDGE_CURVE('',#8769,#8889,#8891,.T.);
#8889 = VERTEX_POINT('',#8890);
#8890 = CARTESIAN_POINT('',(12.,112.,73.));
#8891 = SURFACE_CURVE('',#8892,(#8896,#8903),.PCURVE_S1.);
#8892 = LINE('',#8893,#8894);
#8893 = CARTESIAN_POINT('',(-12.,112.,73.));
#8894 = VECTOR('',#8895,1.);
#8895 = DIRECTION('',(1.,0.,-0.));
#8896 = PCURVE('',#8791,#8897);
#8897 = DEFINITIONAL_REPRESENTATION('',(#8898),#8902);
#8898 = LINE('',#8899,#8900);
#8899 = CARTESIAN_POINT('',(0.,0.));
#8900 = VECTOR('',#8901,1.);
#8901 = DIRECTION('',(0.,1.));
#8902 = ( GEOMETRIC_REPRESENTATION_CONTEXT(2) 
PARAMETRIC_REPRESENTATION_CONTEXT() REPRESENTATION_CONTEXT('2D SPACE',''
  ) );
#8903 = PCURVE('',#8819,#8904);
#8904 = DEFINITIONAL_REPRESENTATION('',(#8905),#8909);
#8905 = LINE('',#8906,#8907);
#8906 = CARTESIAN_POINT('',(0.,0.));
#8907 = VECTOR('',#8908,1.);
#8908 = DIRECTION('',(1.,0.));
#8909 = ( GEOMETRIC_REPRESENTATION_CONTEXT(2) 
PARAMETRIC_REPRESENTATION_CONTEXT() REPRESENTATION_CONTEXT('2D SPACE',''
  ) );
#8910 = ORIENTED_EDGE('',*,*,#8768,.T.);
#8911 = ORIENTED_EDGE('',*,*,#8912,.T.);
#8912 = EDGE_CURVE('',#8771,#8913,#8915,.T.);
#8913 = VERTEX_POINT('',#8914);
#8914 = CARTESIAN_POINT('',(12.,112.,118.));
#8915 = SURFACE_CURVE('',#8916,(#8920,#8927),.PCURVE_S1.);
#8916 = LINE('',#8917,#8918);
#8917 = CARTESIAN_POINT('',(-12.,112.,118.));
#8918 = VECTOR('',#8919,1.);
#8919 = DIRECTION('',(1.,0.,-0.));
#8920 = PCURVE('',#8791,#8921);
#8921 = DEFINITIONAL_REPRESENTATION('',(#8922),#8926);
#8922 = LINE('',#8923,#8924);
#8923 = CARTESIAN_POINT('',(45.,0.));
#8924 = VECTOR('',#8925,1.);
#8925 = DIRECTION('',(0.,1.));
#8926 = ( GEOMETRIC_REPRESENTATION_CONTEXT(2) 
PARAMETRIC_REPRESENTATION_CONTEXT() REPRESENTATION_CONTEXT('2D SPACE',''
  ) );
#8927 = PCURVE('',#8873,#8928);
#8928 = DEFINITIONAL_REPRESENTATION('',(#8929),#8933);
#8929 = LINE('',#8930,#8931);
#8930 = CARTESIAN_POINT('',(0.,0.));
#8931 = VECTOR('',#8932,1.);
#8932 = DIRECTION('',(1.,0.));
#8933 = ( GEOMETRIC_REPRESENTATION_CONTEXT(2) 
PARAMETRIC_REPRESENTATION_CONTEXT() REPRESENTATION_CONTEXT('2D SPACE',''
  ) );
#8934 = ORIENTED_EDGE('',*,*,#8935,.F.);
#8935 = EDGE_CURVE('',#8889,#8913,#8936,.T.);
#8936 = SURFACE_CURVE('',#8937,(#8941,#8948),.PCURVE_S1.);
#8937 = LINE('',#8938,#8939);
#8938 = CARTESIAN_POINT('',(12.,112.,73.));
#8939 = VECTOR('',#8940,1.);
#8940 = DIRECTION('',(0.,0.,1.));
#8941 = PCURVE('',#8791,#8942);
#8942 = DEFINITIONAL_REPRESENTATION('',(#8943),#8947);
#8943 = LINE('',#8944,#8945);
#8944 = CARTESIAN_POINT('',(0.,24.));
#8945 = VECTOR('',#8946,1.);
#8946 = DIRECTION('',(1.,0.));
#8947 = ( GEOMETRIC_REPRESENTATION_CONTEXT(2) 
PARAMETRIC_REPRESENTATION_CONTEXT() REPRESENTATION_CONTEXT('2D SPACE',''
  ) );
#8948 = PCURVE('',#8949,#8954);
#8949 = PLANE('',#8950);
#8950 = AXIS2_PLACEMENT_3D('',#8951,#8952,#8953);
#8951 = CARTESIAN_POINT('',(12.,112.,73.));
#8952 = DIRECTION('',(1.,0.,-0.));
#8953 = DIRECTION('',(0.,0.,1.));
#8954 = DEFINITIONAL_REPRESENTATION('',(#8955),#8959);
#8955 = LINE('',#8956,#8957);
#8956 = CARTESIAN_POINT('',(0.,0.));
#8957 = VECTOR('',#8958,1.);
#8958 = DIRECTION('',(1.,0.));
#8959 = ( GEOMETRIC_REPRESENTATION_CONTEXT(2) 
PARAMETRIC_REPRESENTATION_CONTEXT() REPRESENTATION_CONTEXT('2D SPACE',''
  ) );
#8960 = FACE_BOUND('',#8961,.F.);
#8961 = EDGE_LOOP('',(#8962,#8990,#9016,#9042));
#8962 = ORIENTED_EDGE('',*,*,#8963,.F.);
#8963 = EDGE_CURVE('',#8964,#8966,#8968,.T.);
#8964 = VERTEX_POINT('',#8965);
#8965 = CARTESIAN_POINT('',(-9.,112.,110.));
#8966 = VERTEX_POINT('',#8967);
#8967 = CARTESIAN_POINT('',(9.,112.,110.));
#8968 = SURFACE_CURVE('',#8969,(#8973,#8979),.PCURVE_S1.);
#8969 = LINE('',#8970,#8971);
#8970 = CARTESIAN_POINT('',(-10.5,112.,110.));
#8971 = VECTOR('',#8972,1.);
#8972 = DIRECTION('',(1.,0.,-0.));
#8973 = PCURVE('',#8791,#8974);
#8974 = DEFINITIONAL_REPRESENTATION('',(#8975),#8978);
#8975 = B_SPLINE_CURVE_WITH_KNOTS('',1,(#8976,#8977),.UNSPECIFIED.,.F.,
  .F.,(2,2),(1.5,19.5),.PIECEWISE_BEZIER_KNOTS.);
#8976 = CARTESIAN_POINT('',(37.,3.));
#8977 = CARTESIAN_POINT('',(37.,21.));
#8978 = ( GEOMETRIC_REPRESENTATION_CONTEXT(2) 
PARAMETRIC_REPRESENTATION_CONTEXT() REPRESENTATION_CONTEXT('2D SPACE',''
  ) );
#8979 = PCURVE('',#8980,#8985);
#8980 = PLANE('',#8981);
#8981 = AXIS2_PLACEMENT_3D('',#8982,#8983,#8984);
#8982 = CARTESIAN_POINT('',(-9.,102.,110.));
#8983 = DIRECTION('',(0.,0.,1.));
#8984 = DIRECTION('',(1.,0.,-0.));
#8985 = DEFINITIONAL_REPRESENTATION('',(#8986),#8989);
#8986 = B_SPLINE_CURVE_WITH_KNOTS('',1,(#8987,#8988),.UNSPECIFIED.,.F.,
  .F.,(2,2),(1.5,19.5),.PIECEWISE_BEZIER_KNOTS.);
#8987 = CARTESIAN_POINT('',(0.,10.));
#8988 = CARTESIAN_POINT('',(18.,10.));
#8989 = ( GEOMETRIC_REPRESENTATION_CONTEXT(2) 
PARAMETRIC_REPRESENTATION_CONTEXT() REPRESENTATION_CONTEXT('2D SPACE',''
  ) );
#8990 = ORIENTED_EDGE('',*,*,#8991,.T.);
#8991 = EDGE_CURVE('',#8964,#8992,#8994,.T.);
#8992 = VERTEX_POINT('',#8993);
#8993 = CARTESIAN_POINT('',(-9.,112.,80.));
#8994 = SURFACE_CURVE('',#8995,(#8999,#9005),.PCURVE_S1.);
#8995 = LINE('',#8996,#8997);
#8996 = CARTESIAN_POINT('',(-9.,112.,76.5));
#8997 = VECTOR('',#8998,1.);
#8998 = DIRECTION('',(-0.,0.,-1.));
#8999 = PCURVE('',#8791,#9000);
#9000 = DEFINITIONAL_REPRESENTATION('',(#9001),#9004);
#9001 = B_SPLINE_CURVE_WITH_KNOTS('',1,(#9002,#9003),.UNSPECIFIED.,.F.,
  .F.,(2,2),(-33.5,-3.5),.PIECEWISE_BEZIER_KNOTS.);
#9002 = CARTESIAN_POINT('',(37.,3.));
#9003 = CARTESIAN_POINT('',(7.,3.));
#9004 = ( GEOMETRIC_REPRESENTATION_CONTEXT(2) 
PARAMETRIC_REPRESENTATION_CONTEXT() REPRESENTATION_CONTEXT('2D SPACE',''
  ) );
#9005 = PCURVE('',#9006,#9011);
#9006 = PLANE('',#9007);
#9007 = AXIS2_PLACEMENT_3D('',#9008,#9009,#9010);
#9008 = CARTESIAN_POINT('',(-9.,102.,80.));
#9009 = DIRECTION('',(1.,0.,-0.));
#9010 = DIRECTION('',(0.,0.,1.));
#9011 = DEFINITIONAL_REPRESENTATION('',(#9012),#9015);
#9012 = B_SPLINE_CURVE_WITH_KNOTS('',1,(#9013,#9014),.UNSPECIFIED.,.F.,
  .F.,(2,2),(-33.5,-3.5),.PIECEWISE_BEZIER_KNOTS.);
#9013 = CARTESIAN_POINT('',(30.,-10.));
#9014 = CARTESIAN_POINT('',(0.,-10.));
#9015 = ( GEOMETRIC_REPRESENTATION_CONTEXT(2) 
PARAMETRIC_REPRESENTATION_CONTEXT() REPRESENTATION_CONTEXT('2D SPACE',''
  ) );
#9016 = ORIENTED_EDGE('',*,*,#9017,.T.);
#9017 = EDGE_CURVE('',#8992,#9018,#9020,.T.);
#9018 = VERTEX_POINT('',#9019);
#9019 = CARTESIAN_POINT('',(9.,112.,80.));
#9020 = SURFACE_CURVE('',#9021,(#9025,#9031),.PCURVE_S1.);
#9021 = LINE('',#9022,#9023);
#9022 = CARTESIAN_POINT('',(-10.5,112.,80.));
#9023 = VECTOR('',#9024,1.);
#9024 = DIRECTION('',(1.,0.,-0.));
#9025 = PCURVE('',#8791,#9026);
#9026 = DEFINITIONAL_REPRESENTATION('',(#9027),#9030);
#9027 = B_SPLINE_CURVE_WITH_KNOTS('',1,(#9028,#9029),.UNSPECIFIED.,.F.,
  .F.,(2,2),(1.5,19.5),.PIECEWISE_BEZIER_KNOTS.);
#9028 = CARTESIAN_POINT('',(7.,3.));
#9029 = CARTESIAN_POINT('',(7.,21.));
#9030 = ( GEOMETRIC_REPRESENTATION_CONTEXT(2) 
PARAMETRIC_REPRESENTATION_CONTEXT() REPRESENTATION_CONTEXT('2D SPACE',''
  ) );
#9031 = PCURVE('',#9032,#9037);
#9032 = PLANE('',#9033);
#9033 = AXIS2_PLACEMENT_3D('',#9034,#9035,#9036);
#9034 = CARTESIAN_POINT('',(-9.,102.,80.));
#9035 = DIRECTION('',(0.,0.,1.));
#9036 = DIRECTION('',(1.,0.,-0.));
#9037 = DEFINITIONAL_REPRESENTATION('',(#9038),#9041);
#9038 = B_SPLINE_CURVE_WITH_KNOTS('',1,(#9039,#9040),.UNSPECIFIED.,.F.,
  .F.,(2,2),(1.5,19.5),.PIECEWISE_BEZIER_KNOTS.);
#9039 = CARTESIAN_POINT('',(0.,10.));
#9040 = CARTESIAN_POINT('',(18.,10.));
#9041 = ( GEOMETRIC_REPRESENTATION_CONTEXT(2) 
PARAMETRIC_REPRESENTATION_CONTEXT() REPRESENTATION_CONTEXT('2D SPACE',''
  ) );
#9042 = ORIENTED_EDGE('',*,*,#9043,.F.);
#9043 = EDGE_CURVE('',#8966,#9018,#9044,.T.);
#9044 = SURFACE_CURVE('',#9045,(#9049,#9055),.PCURVE_S1.);
#9045 = LINE('',#9046,#9047);
#9046 = CARTESIAN_POINT('',(9.,112.,76.5));
#9047 = VECTOR('',#9048,1.);
#9048 = DIRECTION('',(-0.,0.,-1.));
#9049 = PCURVE('',#8791,#9050);
#9050 = DEFINITIONAL_REPRESENTATION('',(#9051),#9054);
#9051 = B_SPLINE_CURVE_WITH_KNOTS('',1,(#9052,#9053),.UNSPECIFIED.,.F.,
  .F.,(2,2),(-33.5,-3.5),.PIECEWISE_BEZIER_KNOTS.);
#9052 = CARTESIAN_POINT('',(37.,21.));
#9053 = CARTESIAN_POINT('',(7.,21.));
#9054 = ( GEOMETRIC_REPRESENTATION_CONTEXT(2) 
PARAMETRIC_REPRESENTATION_CONTEXT() REPRESENTATION_CONTEXT('2D SPACE',''
  ) );
#9055 = PCURVE('',#9056,#9061);
#9056 = PLANE('',#9057);
#9057 = AXIS2_PLACEMENT_3D('',#9058,#9059,#9060);
#9058 = CARTESIAN_POINT('',(9.,102.,80.));
#9059 = DIRECTION('',(1.,0.,-0.));
#9060 = DIRECTION('',(0.,0.,1.));
#9061 = DEFINITIONAL_REPRESENTATION('',(#9062),#9065);
#9062 = B_SPLINE_CURVE_WITH_KNOTS('',1,(#9063,#9064),.UNSPECIFIED.,.F.,
  .F.,(2,2),(-33.5,-3.5),.PIECEWISE_BEZIER_KNOTS.);
#9063 = CARTESIAN_POINT('',(30.,-10.));
#9064 = CARTESIAN_POINT('',(0.,-10.));
#9065 = ( GEOMETRIC_REPRESENTATION_CONTEXT(2) 
PARAMETRIC_REPRESENTATION_CONTEXT() REPRESENTATION_CONTEXT('2D SPACE',''
  ) );
#9066 = ADVANCED_FACE('',(#9067,#9115),#8873,.T.);
#9067 = FACE_BOUND('',#9068,.T.);
#9068 = EDGE_LOOP('',(#9069,#9070,#9071,#9094));
#9069 = ORIENTED_EDGE('',*,*,#8859,.F.);
#9070 = ORIENTED_EDGE('',*,*,#8912,.T.);
#9071 = ORIENTED_EDGE('',*,*,#9072,.T.);
#9072 = EDGE_CURVE('',#8913,#9073,#9075,.T.);
#9073 = VERTEX_POINT('',#9074);
#9074 = CARTESIAN_POINT('',(12.,136.,118.));
#9075 = SURFACE_CURVE('',#9076,(#9080,#9087),.PCURVE_S1.);
#9076 = LINE('',#9077,#9078);
#9077 = CARTESIAN_POINT('',(12.,112.,118.));
#9078 = VECTOR('',#9079,1.);
#9079 = DIRECTION('',(-0.,1.,0.));
#9080 = PCURVE('',#8873,#9081);
#9081 = DEFINITIONAL_REPRESENTATION('',(#9082),#9086);
#9082 = LINE('',#9083,#9084);
#9083 = CARTESIAN_POINT('',(24.,0.));
#9084 = VECTOR('',#9085,1.);
#9085 = DIRECTION('',(0.,1.));
#9086 = ( GEOMETRIC_REPRESENTATION_CONTEXT(2) 
PARAMETRIC_REPRESENTATION_CONTEXT() REPRESENTATION_CONTEXT('2D SPACE',''
  ) );
#9087 = PCURVE('',#8949,#9088);
#9088 = DEFINITIONAL_REPRESENTATION('',(#9089),#9093);
#9089 = LINE('',#9090,#9091);
#9090 = CARTESIAN_POINT('',(45.,0.));
#9091 = VECTOR('',#9092,1.);
#9092 = DIRECTION('',(0.,-1.));
#9093 = ( GEOMETRIC_REPRESENTATION_CONTEXT(2) 
PARAMETRIC_REPRESENTATION_CONTEXT() REPRESENTATION_CONTEXT('2D SPACE',''
  ) );
#9094 = ORIENTED_EDGE('',*,*,#9095,.F.);
#9095 = EDGE_CURVE('',#8832,#9073,#9096,.T.);
#9096 = SURFACE_CURVE('',#9097,(#9101,#9108),.PCURVE_S1.);
#9097 = LINE('',#9098,#9099);
#9098 = CARTESIAN_POINT('',(-12.,136.,118.));
#9099 = VECTOR('',#9100,1.);
#9100 = DIRECTION('',(1.,0.,-0.));
#9101 = PCURVE('',#8873,#9102);
#9102 = DEFINITIONAL_REPRESENTATION('',(#9103),#9107);
#9103 = LINE('',#9104,#9105);
#9104 = CARTESIAN_POINT('',(0.,24.));
#9105 = VECTOR('',#9106,1.);
#9106 = DIRECTION('',(1.,0.));
#9107 = ( GEOMETRIC_REPRESENTATION_CONTEXT(2) 
PARAMETRIC_REPRESENTATION_CONTEXT() REPRESENTATION_CONTEXT('2D SPACE',''
  ) );
#9108 = PCURVE('',#8847,#9109);
#9109 = DEFINITIONAL_REPRESENTATION('',(#9110),#9114);
#9110 = LINE('',#9111,#9112);
#9111 = CARTESIAN_POINT('',(45.,0.));
#9112 = VECTOR('',#9113,1.);
#9113 = DIRECTION('',(0.,1.));
#9114 = ( GEOMETRIC_REPRESENTATION_CONTEXT(2) 
PARAMETRIC_REPRESENTATION_CONTEXT() REPRESENTATION_CONTEXT('2D SPACE',''
  ) );
#9115 = FACE_BOUND('',#9116,.T.);
#9116 = EDGE_LOOP('',(#9117));
#9117 = ORIENTED_EDGE('',*,*,#9118,.F.);
#9118 = EDGE_CURVE('',#9119,#9119,#9121,.T.);
#9119 = VERTEX_POINT('',#9120);
#9120 = CARTESIAN_POINT('',(8.,124.,118.));
#9121 = SURFACE_CURVE('',#9122,(#9127,#9134),.PCURVE_S1.);
#9122 = CIRCLE('',#9123,8.);
#9123 = AXIS2_PLACEMENT_3D('',#9124,#9125,#9126);
#9124 = CARTESIAN_POINT('',(0.,124.,118.));
#9125 = DIRECTION('',(0.,0.,1.));
#9126 = DIRECTION('',(1.,0.,-0.));
#9127 = PCURVE('',#8873,#9128);
#9128 = DEFINITIONAL_REPRESENTATION('',(#9129),#9133);
#9129 = CIRCLE('',#9130,8.);
#9130 = AXIS2_PLACEMENT_2D('',#9131,#9132);
#9131 = CARTESIAN_POINT('',(12.,12.));
#9132 = DIRECTION('',(1.,0.));
#9133 = ( GEOMETRIC_REPRESENTATION_CONTEXT(2) 
PARAMETRIC_REPRESENTATION_CONTEXT() REPRESENTATION_CONTEXT('2D SPACE',''
  ) );
#9134 = PCURVE('',#9135,#9140);
#9135 = CYLINDRICAL_SURFACE('',#9136,8.);
#9136 = AXIS2_PLACEMENT_3D('',#9137,#9138,#9139);
#9137 = CARTESIAN_POINT('',(0.,124.,115.));
#9138 = DIRECTION('',(0.,0.,1.));
#9139 = DIRECTION('',(1.,0.,-0.));
#9140 = DEFINITIONAL_REPRESENTATION('',(#9141),#9145);
#9141 = LINE('',#9142,#9143);
#9142 = CARTESIAN_POINT('',(0.,3.));
#9143 = VECTOR('',#9144,1.);
#9144 = DIRECTION('',(1.,0.));
#9145 = ( GEOMETRIC_REPRESENTATION_CONTEXT(2) 
PARAMETRIC_REPRESENTATION_CONTEXT() REPRESENTATION_CONTEXT('2D SPACE',''
  ) );
#9146 = ADVANCED_FACE('',(#9147),#8847,.T.);
#9147 = FACE_BOUND('',#9148,.T.);
#9148 = EDGE_LOOP('',(#9149,#9172,#9173,#9174));
#9149 = ORIENTED_EDGE('',*,*,#9150,.F.);
#9150 = EDGE_CURVE('',#8804,#9151,#9153,.T.);
#9151 = VERTEX_POINT('',#9152);
#9152 = CARTESIAN_POINT('',(12.,136.,73.));
#9153 = SURFACE_CURVE('',#9154,(#9158,#9165),.PCURVE_S1.);
#9154 = LINE('',#9155,#9156);
#9155 = CARTESIAN_POINT('',(-12.,136.,73.));
#9156 = VECTOR('',#9157,1.);
#9157 = DIRECTION('',(1.,0.,-0.));
#9158 = PCURVE('',#8847,#9159);
#9159 = DEFINITIONAL_REPRESENTATION('',(#9160),#9164);
#9160 = LINE('',#9161,#9162);
#9161 = CARTESIAN_POINT('',(0.,0.));
#9162 = VECTOR('',#9163,1.);
#9163 = DIRECTION('',(0.,1.));
#9164 = ( GEOMETRIC_REPRESENTATION_CONTEXT(2) 
PARAMETRIC_REPRESENTATION_CONTEXT() REPRESENTATION_CONTEXT('2D SPACE',''
  ) );
#9165 = PCURVE('',#8819,#9166);
#9166 = DEFINITIONAL_REPRESENTATION('',(#9167),#9171);
#9167 = LINE('',#9168,#9169);
#9168 = CARTESIAN_POINT('',(0.,24.));
#9169 = VECTOR('',#9170,1.);
#9170 = DIRECTION('',(1.,0.));
#9171 = ( GEOMETRIC_REPRESENTATION_CONTEXT(2) 
PARAMETRIC_REPRESENTATION_CONTEXT() REPRESENTATION_CONTEXT('2D SPACE',''
  ) );
#9172 = ORIENTED_EDGE('',*,*,#8831,.T.);
#9173 = ORIENTED_EDGE('',*,*,#9095,.T.);
#9174 = ORIENTED_EDGE('',*,*,#9175,.F.);
#9175 = EDGE_CURVE('',#9151,#9073,#9176,.T.);
#9176 = SURFACE_CURVE('',#9177,(#9181,#9188),.PCURVE_S1.);
#9177 = LINE('',#9178,#9179);
#9178 = CARTESIAN_POINT('',(12.,136.,73.));
#9179 = VECTOR('',#9180,1.);
#9180 = DIRECTION('',(0.,0.,1.));
#9181 = PCURVE('',#8847,#9182);
#9182 = DEFINITIONAL_REPRESENTATION('',(#9183),#9187);
#9183 = LINE('',#9184,#9185);
#9184 = CARTESIAN_POINT('',(0.,24.));
#9185 = VECTOR('',#9186,1.);
#9186 = DIRECTION('',(1.,0.));
#9187 = ( GEOMETRIC_REPRESENTATION_CONTEXT(2) 
PARAMETRIC_REPRESENTATION_CONTEXT() REPRESENTATION_CONTEXT('2D SPACE',''
  ) );
#9188 = PCURVE('',#8949,#9189);
#9189 = DEFINITIONAL_REPRESENTATION('',(#9190),#9194);
#9190 = LINE('',#9191,#9192);
#9191 = CARTESIAN_POINT('',(0.,-24.));
#9192 = VECTOR('',#9193,1.);
#9193 = DIRECTION('',(1.,0.));
#9194 = ( GEOMETRIC_REPRESENTATION_CONTEXT(2) 
PARAMETRIC_REPRESENTATION_CONTEXT() REPRESENTATION_CONTEXT('2D SPACE',''
  ) );
#9195 = ADVANCED_FACE('',(#9196),#8819,.F.);
#9196 = FACE_BOUND('',#9197,.F.);
#9197 = EDGE_LOOP('',(#9198,#9199,#9200,#9221));
#9198 = ORIENTED_EDGE('',*,*,#8803,.F.);
#9199 = ORIENTED_EDGE('',*,*,#8888,.T.);
#9200 = ORIENTED_EDGE('',*,*,#9201,.T.);
#9201 = EDGE_CURVE('',#8889,#9151,#9202,.T.);
#9202 = SURFACE_CURVE('',#9203,(#9207,#9214),.PCURVE_S1.);
#9203 = LINE('',#9204,#9205);
#9204 = CARTESIAN_POINT('',(12.,112.,73.));
#9205 = VECTOR('',#9206,1.);
#9206 = DIRECTION('',(-0.,1.,0.));
#9207 = PCURVE('',#8819,#9208);
#9208 = DEFINITIONAL_REPRESENTATION('',(#9209),#9213);
#9209 = LINE('',#9210,#9211);
#9210 = CARTESIAN_POINT('',(24.,0.));
#9211 = VECTOR('',#9212,1.);
#9212 = DIRECTION('',(0.,1.));
#9213 = ( GEOMETRIC_REPRESENTATION_CONTEXT(2) 
PARAMETRIC_REPRESENTATION_CONTEXT() REPRESENTATION_CONTEXT('2D SPACE',''
  ) );
#9214 = PCURVE('',#8949,#9215);
#9215 = DEFINITIONAL_REPRESENTATION('',(#9216),#9220);
#9216 = LINE('',#9217,#9218);
#9217 = CARTESIAN_POINT('',(0.,0.));
#9218 = VECTOR('',#9219,1.);
#9219 = DIRECTION('',(0.,-1.));
#9220 = ( GEOMETRIC_REPRESENTATION_CONTEXT(2) 
PARAMETRIC_REPRESENTATION_CONTEXT() REPRESENTATION_CONTEXT('2D SPACE',''
  ) );
#9221 = ORIENTED_EDGE('',*,*,#9150,.F.);
#9222 = ADVANCED_FACE('',(#9223),#8949,.T.);
#9223 = FACE_BOUND('',#9224,.T.);
#9224 = EDGE_LOOP('',(#9225,#9226,#9227,#9228));
#9225 = ORIENTED_EDGE('',*,*,#8935,.F.);
#9226 = ORIENTED_EDGE('',*,*,#9201,.T.);
#9227 = ORIENTED_EDGE('',*,*,#9175,.T.);
#9228 = ORIENTED_EDGE('',*,*,#9072,.F.);
#9229 = ADVANCED_FACE('',(#9230),#8980,.T.);
#9230 = FACE_BOUND('',#9231,.T.);
#9231 = EDGE_LOOP('',(#9232,#9255,#9283,#9304));
#9232 = ORIENTED_EDGE('',*,*,#9233,.F.);
#9233 = EDGE_CURVE('',#9234,#8964,#9236,.T.);
#9234 = VERTEX_POINT('',#9235);
#9235 = CARTESIAN_POINT('',(-9.,102.,110.));
#9236 = SURFACE_CURVE('',#9237,(#9241,#9248),.PCURVE_S1.);
#9237 = LINE('',#9238,#9239);
#9238 = CARTESIAN_POINT('',(-9.,102.,110.));
#9239 = VECTOR('',#9240,1.);
#9240 = DIRECTION('',(-0.,1.,0.));
#9241 = PCURVE('',#8980,#9242);
#9242 = DEFINITIONAL_REPRESENTATION('',(#9243),#9247);
#9243 = LINE('',#9244,#9245);
#9244 = CARTESIAN_POINT('',(0.,0.));
#9245 = VECTOR('',#9246,1.);
#9246 = DIRECTION('',(0.,1.));
#9247 = ( GEOMETRIC_REPRESENTATION_CONTEXT(2) 
PARAMETRIC_REPRESENTATION_CONTEXT() REPRESENTATION_CONTEXT('2D SPACE',''
  ) );
#9248 = PCURVE('',#9006,#9249);
#9249 = DEFINITIONAL_REPRESENTATION('',(#9250),#9254);
#9250 = LINE('',#9251,#9252);
#9251 = CARTESIAN_POINT('',(30.,0.));
#9252 = VECTOR('',#9253,1.);
#9253 = DIRECTION('',(0.,-1.));
#9254 = ( GEOMETRIC_REPRESENTATION_CONTEXT(2) 
PARAMETRIC_REPRESENTATION_CONTEXT() REPRESENTATION_CONTEXT('2D SPACE',''
  ) );
#9255 = ORIENTED_EDGE('',*,*,#9256,.T.);
#9256 = EDGE_CURVE('',#9234,#9257,#9259,.T.);
#9257 = VERTEX_POINT('',#9258);
#9258 = CARTESIAN_POINT('',(9.,102.,110.));
#9259 = SURFACE_CURVE('',#9260,(#9264,#9271),.PCURVE_S1.);
#9260 = LINE('',#9261,#9262);
#9261 = CARTESIAN_POINT('',(-9.,102.,110.));
#9262 = VECTOR('',#9263,1.);
#9263 = DIRECTION('',(1.,0.,-0.));
#9264 = PCURVE('',#8980,#9265);
#9265 = DEFINITIONAL_REPRESENTATION('',(#9266),#9270);
#9266 = LINE('',#9267,#9268);
#9267 = CARTESIAN_POINT('',(0.,0.));
#9268 = VECTOR('',#9269,1.);
#9269 = DIRECTION('',(1.,0.));
#9270 = ( GEOMETRIC_REPRESENTATION_CONTEXT(2) 
PARAMETRIC_REPRESENTATION_CONTEXT() REPRESENTATION_CONTEXT('2D SPACE',''
  ) );
#9271 = PCURVE('',#9272,#9277);
#9272 = PLANE('',#9273);
#9273 = AXIS2_PLACEMENT_3D('',#9274,#9275,#9276);
#9274 = CARTESIAN_POINT('',(-9.,102.,80.));
#9275 = DIRECTION('',(-0.,1.,0.));
#9276 = DIRECTION('',(0.,0.,1.));
#9277 = DEFINITIONAL_REPRESENTATION('',(#9278),#9282);
#9278 = LINE('',#9279,#9280);
#9279 = CARTESIAN_POINT('',(30.,0.));
#9280 = VECTOR('',#9281,1.);
#9281 = DIRECTION('',(0.,1.));
#9282 = ( GEOMETRIC_REPRESENTATION_CONTEXT(2) 
PARAMETRIC_REPRESENTATION_CONTEXT() REPRESENTATION_CONTEXT('2D SPACE',''
  ) );
#9283 = ORIENTED_EDGE('',*,*,#9284,.T.);
#9284 = EDGE_CURVE('',#9257,#8966,#9285,.T.);
#9285 = SURFACE_CURVE('',#9286,(#9290,#9297),.PCURVE_S1.);
#9286 = LINE('',#9287,#9288);
#9287 = CARTESIAN_POINT('',(9.,102.,110.));
#9288 = VECTOR('',#9289,1.);
#9289 = DIRECTION('',(-0.,1.,0.));
#9290 = PCURVE('',#8980,#9291);
#9291 = DEFINITIONAL_REPRESENTATION('',(#9292),#9296);
#9292 = LINE('',#9293,#9294);
#9293 = CARTESIAN_POINT('',(18.,0.));
#9294 = VECTOR('',#9295,1.);
#9295 = DIRECTION('',(0.,1.));
#9296 = ( GEOMETRIC_REPRESENTATION_CONTEXT(2) 
PARAMETRIC_REPRESENTATION_CONTEXT() REPRESENTATION_CONTEXT('2D SPACE',''
  ) );
#9297 = PCURVE('',#9056,#9298);
#9298 = DEFINITIONAL_REPRESENTATION('',(#9299),#9303);
#9299 = LINE('',#9300,#9301);
#9300 = CARTESIAN_POINT('',(30.,0.));
#9301 = VECTOR('',#9302,1.);
#9302 = DIRECTION('',(0.,-1.));
#9303 = ( GEOMETRIC_REPRESENTATION_CONTEXT(2) 
PARAMETRIC_REPRESENTATION_CONTEXT() REPRESENTATION_CONTEXT('2D SPACE',''
  ) );
#9304 = ORIENTED_EDGE('',*,*,#8963,.F.);
#9305 = ADVANCED_FACE('',(#9306),#9056,.T.);
#9306 = FACE_BOUND('',#9307,.T.);
#9307 = EDGE_LOOP('',(#9308,#9309,#9332,#9353));
#9308 = ORIENTED_EDGE('',*,*,#9284,.F.);
#9309 = ORIENTED_EDGE('',*,*,#9310,.F.);
#9310 = EDGE_CURVE('',#9311,#9257,#9313,.T.);
#9311 = VERTEX_POINT('',#9312);
#9312 = CARTESIAN_POINT('',(9.,102.,80.));
#9313 = SURFACE_CURVE('',#9314,(#9318,#9325),.PCURVE_S1.);
#9314 = LINE('',#9315,#9316);
#9315 = CARTESIAN_POINT('',(9.,102.,80.));
#9316 = VECTOR('',#9317,1.);
#9317 = DIRECTION('',(0.,0.,1.));
#9318 = PCURVE('',#9056,#9319);
#9319 = DEFINITIONAL_REPRESENTATION('',(#9320),#9324);
#9320 = LINE('',#9321,#9322);
#9321 = CARTESIAN_POINT('',(0.,0.));
#9322 = VECTOR('',#9323,1.);
#9323 = DIRECTION('',(1.,0.));
#9324 = ( GEOMETRIC_REPRESENTATION_CONTEXT(2) 
PARAMETRIC_REPRESENTATION_CONTEXT() REPRESENTATION_CONTEXT('2D SPACE',''
  ) );
#9325 = PCURVE('',#9272,#9326);
#9326 = DEFINITIONAL_REPRESENTATION('',(#9327),#9331);
#9327 = LINE('',#9328,#9329);
#9328 = CARTESIAN_POINT('',(0.,18.));
#9329 = VECTOR('',#9330,1.);
#9330 = DIRECTION('',(1.,0.));
#9331 = ( GEOMETRIC_REPRESENTATION_CONTEXT(2) 
PARAMETRIC_REPRESENTATION_CONTEXT() REPRESENTATION_CONTEXT('2D SPACE',''
  ) );
#9332 = ORIENTED_EDGE('',*,*,#9333,.T.);
#9333 = EDGE_CURVE('',#9311,#9018,#9334,.T.);
#9334 = SURFACE_CURVE('',#9335,(#9339,#9346),.PCURVE_S1.);
#9335 = LINE('',#9336,#9337);
#9336 = CARTESIAN_POINT('',(9.,102.,80.));
#9337 = VECTOR('',#9338,1.);
#9338 = DIRECTION('',(-0.,1.,0.));
#9339 = PCURVE('',#9056,#9340);
#9340 = DEFINITIONAL_REPRESENTATION('',(#9341),#9345);
#9341 = LINE('',#9342,#9343);
#9342 = CARTESIAN_POINT('',(0.,0.));
#9343 = VECTOR('',#9344,1.);
#9344 = DIRECTION('',(0.,-1.));
#9345 = ( GEOMETRIC_REPRESENTATION_CONTEXT(2) 
PARAMETRIC_REPRESENTATION_CONTEXT() REPRESENTATION_CONTEXT('2D SPACE',''
  ) );
#9346 = PCURVE('',#9032,#9347);
#9347 = DEFINITIONAL_REPRESENTATION('',(#9348),#9352);
#9348 = LINE('',#9349,#9350);
#9349 = CARTESIAN_POINT('',(18.,0.));
#9350 = VECTOR('',#9351,1.);
#9351 = DIRECTION('',(0.,1.));
#9352 = ( GEOMETRIC_REPRESENTATION_CONTEXT(2) 
PARAMETRIC_REPRESENTATION_CONTEXT() REPRESENTATION_CONTEXT('2D SPACE',''
  ) );
#9353 = ORIENTED_EDGE('',*,*,#9043,.F.);
#9354 = ADVANCED_FACE('',(#9355),#9032,.F.);
#9355 = FACE_BOUND('',#9356,.F.);
#9356 = EDGE_LOOP('',(#9357,#9380,#9401,#9402));
#9357 = ORIENTED_EDGE('',*,*,#9358,.F.);
#9358 = EDGE_CURVE('',#9359,#8992,#9361,.T.);
#9359 = VERTEX_POINT('',#9360);
#9360 = CARTESIAN_POINT('',(-9.,102.,80.));
#9361 = SURFACE_CURVE('',#9362,(#9366,#9373),.PCURVE_S1.);
#9362 = LINE('',#9363,#9364);
#9363 = CARTESIAN_POINT('',(-9.,102.,80.));
#9364 = VECTOR('',#9365,1.);
#9365 = DIRECTION('',(-0.,1.,0.));
#9366 = PCURVE('',#9032,#9367);
#9367 = DEFINITIONAL_REPRESENTATION('',(#9368),#9372);
#9368 = LINE('',#9369,#9370);
#9369 = CARTESIAN_POINT('',(0.,0.));
#9370 = VECTOR('',#9371,1.);
#9371 = DIRECTION('',(0.,1.));
#9372 = ( GEOMETRIC_REPRESENTATION_CONTEXT(2) 
PARAMETRIC_REPRESENTATION_CONTEXT() REPRESENTATION_CONTEXT('2D SPACE',''
  ) );
#9373 = PCURVE('',#9006,#9374);
#9374 = DEFINITIONAL_REPRESENTATION('',(#9375),#9379);
#9375 = LINE('',#9376,#9377);
#9376 = CARTESIAN_POINT('',(0.,0.));
#9377 = VECTOR('',#9378,1.);
#9378 = DIRECTION('',(0.,-1.));
#9379 = ( GEOMETRIC_REPRESENTATION_CONTEXT(2) 
PARAMETRIC_REPRESENTATION_CONTEXT() REPRESENTATION_CONTEXT('2D SPACE',''
  ) );
#9380 = ORIENTED_EDGE('',*,*,#9381,.T.);
#9381 = EDGE_CURVE('',#9359,#9311,#9382,.T.);
#9382 = SURFACE_CURVE('',#9383,(#9387,#9394),.PCURVE_S1.);
#9383 = LINE('',#9384,#9385);
#9384 = CARTESIAN_POINT('',(-9.,102.,80.));
#9385 = VECTOR('',#9386,1.);
#9386 = DIRECTION('',(1.,0.,-0.));
#9387 = PCURVE('',#9032,#9388);
#9388 = DEFINITIONAL_REPRESENTATION('',(#9389),#9393);
#9389 = LINE('',#9390,#9391);
#9390 = CARTESIAN_POINT('',(0.,0.));
#9391 = VECTOR('',#9392,1.);
#9392 = DIRECTION('',(1.,0.));
#9393 = ( GEOMETRIC_REPRESENTATION_CONTEXT(2) 
PARAMETRIC_REPRESENTATION_CONTEXT() REPRESENTATION_CONTEXT('2D SPACE',''
  ) );
#9394 = PCURVE('',#9272,#9395);
#9395 = DEFINITIONAL_REPRESENTATION('',(#9396),#9400);
#9396 = LINE('',#9397,#9398);
#9397 = CARTESIAN_POINT('',(0.,0.));
#9398 = VECTOR('',#9399,1.);
#9399 = DIRECTION('',(0.,1.));
#9400 = ( GEOMETRIC_REPRESENTATION_CONTEXT(2) 
PARAMETRIC_REPRESENTATION_CONTEXT() REPRESENTATION_CONTEXT('2D SPACE',''
  ) );
#9401 = ORIENTED_EDGE('',*,*,#9333,.T.);
#9402 = ORIENTED_EDGE('',*,*,#9017,.F.);
#9403 = ADVANCED_FACE('',(#9404),#9006,.F.);
#9404 = FACE_BOUND('',#9405,.F.);
#9405 = EDGE_LOOP('',(#9406,#9407,#9428,#9429));
#9406 = ORIENTED_EDGE('',*,*,#9233,.F.);
#9407 = ORIENTED_EDGE('',*,*,#9408,.F.);
#9408 = EDGE_CURVE('',#9359,#9234,#9409,.T.);
#9409 = SURFACE_CURVE('',#9410,(#9414,#9421),.PCURVE_S1.);
#9410 = LINE('',#9411,#9412);
#9411 = CARTESIAN_POINT('',(-9.,102.,80.));
#9412 = VECTOR('',#9413,1.);
#9413 = DIRECTION('',(0.,0.,1.));
#9414 = PCURVE('',#9006,#9415);
#9415 = DEFINITIONAL_REPRESENTATION('',(#9416),#9420);
#9416 = LINE('',#9417,#9418);
#9417 = CARTESIAN_POINT('',(0.,0.));
#9418 = VECTOR('',#9419,1.);
#9419 = DIRECTION('',(1.,0.));
#9420 = ( GEOMETRIC_REPRESENTATION_CONTEXT(2) 
PARAMETRIC_REPRESENTATION_CONTEXT() REPRESENTATION_CONTEXT('2D SPACE',''
  ) );
#9421 = PCURVE('',#9272,#9422);
#9422 = DEFINITIONAL_REPRESENTATION('',(#9423),#9427);
#9423 = LINE('',#9424,#9425);
#9424 = CARTESIAN_POINT('',(0.,0.));
#9425 = VECTOR('',#9426,1.);
#9426 = DIRECTION('',(1.,0.));
#9427 = ( GEOMETRIC_REPRESENTATION_CONTEXT(2) 
PARAMETRIC_REPRESENTATION_CONTEXT() REPRESENTATION_CONTEXT('2D SPACE',''
  ) );
#9428 = ORIENTED_EDGE('',*,*,#9358,.T.);
#9429 = ORIENTED_EDGE('',*,*,#8991,.F.);
#9430 = ADVANCED_FACE('',(#9431),#9135,.F.);
#9431 = FACE_BOUND('',#9432,.F.);
#9432 = EDGE_LOOP('',(#9433,#9434,#9457,#9484));
#9433 = ORIENTED_EDGE('',*,*,#9118,.F.);
#9434 = ORIENTED_EDGE('',*,*,#9435,.F.);
#9435 = EDGE_CURVE('',#9436,#9119,#9438,.T.);
#9436 = VERTEX_POINT('',#9437);
#9437 = CARTESIAN_POINT('',(8.,124.,115.));
#9438 = SEAM_CURVE('',#9439,(#9443,#9450),.PCURVE_S1.);
#9439 = LINE('',#9440,#9441);
#9440 = CARTESIAN_POINT('',(8.,124.,115.));
#9441 = VECTOR('',#9442,1.);
#9442 = DIRECTION('',(0.,0.,1.));
#9443 = PCURVE('',#9135,#9444);
#9444 = DEFINITIONAL_REPRESENTATION('',(#9445),#9449);
#9445 = LINE('',#9446,#9447);
#9446 = CARTESIAN_POINT('',(6.28318530718,-0.));
#9447 = VECTOR('',#9448,1.);
#9448 = DIRECTION('',(0.,1.));
#9449 = ( GEOMETRIC_REPRESENTATION_CONTEXT(2) 
PARAMETRIC_REPRESENTATION_CONTEXT() REPRESENTATION_CONTEXT('2D SPACE',''
  ) );
#9450 = PCURVE('',#9135,#9451);
#9451 = DEFINITIONAL_REPRESENTATION('',(#9452),#9456);
#9452 = LINE('',#9453,#9454);
#9453 = CARTESIAN_POINT('',(0.,-0.));
#9454 = VECTOR('',#9455,1.);
#9455 = DIRECTION('',(0.,1.));
#9456 = ( GEOMETRIC_REPRESENTATION_CONTEXT(2) 
PARAMETRIC_REPRESENTATION_CONTEXT() REPRESENTATION_CONTEXT('2D SPACE',''
  ) );
#9457 = ORIENTED_EDGE('',*,*,#9458,.T.);
#9458 = EDGE_CURVE('',#9436,#9436,#9459,.T.);
#9459 = SURFACE_CURVE('',#9460,(#9465,#9472),.PCURVE_S1.);
#9460 = CIRCLE('',#9461,8.);
#9461 = AXIS2_PLACEMENT_3D('',#9462,#9463,#9464);
#9462 = CARTESIAN_POINT('',(0.,124.,115.));
#9463 = DIRECTION('',(0.,0.,1.));
#9464 = DIRECTION('',(1.,0.,-0.));
#9465 = PCURVE('',#9135,#9466);
#9466 = DEFINITIONAL_REPRESENTATION('',(#9467),#9471);
#9467 = LINE('',#9468,#9469);
#9468 = CARTESIAN_POINT('',(0.,0.));
#9469 = VECTOR('',#9470,1.);
#9470 = DIRECTION('',(1.,0.));
#9471 = ( GEOMETRIC_REPRESENTATION_CONTEXT(2) 
PARAMETRIC_REPRESENTATION_CONTEXT() REPRESENTATION_CONTEXT('2D SPACE',''
  ) );
#9472 = PCURVE('',#9473,#9478);
#9473 = PLANE('',#9474);
#9474 = AXIS2_PLACEMENT_3D('',#9475,#9476,#9477);
#9475 = CARTESIAN_POINT('',(-9.,115.,115.));
#9476 = DIRECTION('',(0.,0.,1.));
#9477 = DIRECTION('',(1.,0.,-0.));
#9478 = DEFINITIONAL_REPRESENTATION('',(#9479),#9483);
#9479 = CIRCLE('',#9480,8.);
#9480 = AXIS2_PLACEMENT_2D('',#9481,#9482);
#9481 = CARTESIAN_POINT('',(9.,9.));
#9482 = DIRECTION('',(1.,0.));
#9483 = ( GEOMETRIC_REPRESENTATION_CONTEXT(2) 
PARAMETRIC_REPRESENTATION_CONTEXT() REPRESENTATION_CONTEXT('2D SPACE',''
  ) );
#9484 = ORIENTED_EDGE('',*,*,#9435,.T.);
#9485 = ADVANCED_FACE('',(#9486),#9272,.F.);
#9486 = FACE_BOUND('',#9487,.F.);
#9487 = EDGE_LOOP('',(#9488,#9489,#9490,#9491));
#9488 = ORIENTED_EDGE('',*,*,#9381,.F.);
#9489 = ORIENTED_EDGE('',*,*,#9408,.T.);
#9490 = ORIENTED_EDGE('',*,*,#9256,.T.);
#9491 = ORIENTED_EDGE('',*,*,#9310,.F.);
#9492 = ADVANCED_FACE('',(#9493,#9607),#9473,.F.);
#9493 = FACE_BOUND('',#9494,.F.);
#9494 = EDGE_LOOP('',(#9495,#9525,#9553,#9581));
#9495 = ORIENTED_EDGE('',*,*,#9496,.F.);
#9496 = EDGE_CURVE('',#9497,#9499,#9501,.T.);
#9497 = VERTEX_POINT('',#9498);
#9498 = CARTESIAN_POINT('',(-9.,115.,115.));
#9499 = VERTEX_POINT('',#9500);
#9500 = CARTESIAN_POINT('',(-9.,133.,115.));
#9501 = SURFACE_CURVE('',#9502,(#9506,#9513),.PCURVE_S1.);
#9502 = LINE('',#9503,#9504);
#9503 = CARTESIAN_POINT('',(-9.,115.,115.));
#9504 = VECTOR('',#9505,1.);
#9505 = DIRECTION('',(-0.,1.,0.));
#9506 = PCURVE('',#9473,#9507);
#9507 = DEFINITIONAL_REPRESENTATION('',(#9508),#9512);
#9508 = LINE('',#9509,#9510);
#9509 = CARTESIAN_POINT('',(0.,0.));
#9510 = VECTOR('',#9511,1.);
#9511 = DIRECTION('',(0.,1.));
#9512 = ( GEOMETRIC_REPRESENTATION_CONTEXT(2) 
PARAMETRIC_REPRESENTATION_CONTEXT() REPRESENTATION_CONTEXT('2D SPACE',''
  ) );
#9513 = PCURVE('',#9514,#9519);
#9514 = PLANE('',#9515);
#9515 = AXIS2_PLACEMENT_3D('',#9516,#9517,#9518);
#9516 = CARTESIAN_POINT('',(-9.,115.,76.));
#9517 = DIRECTION('',(1.,0.,-0.));
#9518 = DIRECTION('',(0.,0.,1.));
#9519 = DEFINITIONAL_REPRESENTATION('',(#9520),#9524);
#9520 = LINE('',#9521,#9522);
#9521 = CARTESIAN_POINT('',(39.,0.));
#9522 = VECTOR('',#9523,1.);
#9523 = DIRECTION('',(0.,-1.));
#9524 = ( GEOMETRIC_REPRESENTATION_CONTEXT(2) 
PARAMETRIC_REPRESENTATION_CONTEXT() REPRESENTATION_CONTEXT('2D SPACE',''
  ) );
#9525 = ORIENTED_EDGE('',*,*,#9526,.T.);
#9526 = EDGE_CURVE('',#9497,#9527,#9529,.T.);
#9527 = VERTEX_POINT('',#9528);
#9528 = CARTESIAN_POINT('',(9.,115.,115.));
#9529 = SURFACE_CURVE('',#9530,(#9534,#9541),.PCURVE_S1.);
#9530 = LINE('',#9531,#9532);
#9531 = CARTESIAN_POINT('',(-9.,115.,115.));
#9532 = VECTOR('',#9533,1.);
#9533 = DIRECTION('',(1.,0.,-0.));
#9534 = PCURVE('',#9473,#9535);
#9535 = DEFINITIONAL_REPRESENTATION('',(#9536),#9540);
#9536 = LINE('',#9537,#9538);
#9537 = CARTESIAN_POINT('',(0.,0.));
#9538 = VECTOR('',#9539,1.);
#9539 = DIRECTION('',(1.,0.));
#9540 = ( GEOMETRIC_REPRESENTATION_CONTEXT(2) 
PARAMETRIC_REPRESENTATION_CONTEXT() REPRESENTATION_CONTEXT('2D SPACE',''
  ) );
#9541 = PCURVE('',#9542,#9547);
#9542 = PLANE('',#9543);
#9543 = AXIS2_PLACEMENT_3D('',#9544,#9545,#9546);
#9544 = CARTESIAN_POINT('',(-9.,115.,76.));
#9545 = DIRECTION('',(-0.,1.,0.));
#9546 = DIRECTION('',(0.,0.,1.));
#9547 = DEFINITIONAL_REPRESENTATION('',(#9548),#9552);
#9548 = LINE('',#9549,#9550);
#9549 = CARTESIAN_POINT('',(39.,0.));
#9550 = VECTOR('',#9551,1.);
#9551 = DIRECTION('',(0.,1.));
#9552 = ( GEOMETRIC_REPRESENTATION_CONTEXT(2) 
PARAMETRIC_REPRESENTATION_CONTEXT() REPRESENTATION_CONTEXT('2D SPACE',''
  ) );
#9553 = ORIENTED_EDGE('',*,*,#9554,.T.);
#9554 = EDGE_CURVE('',#9527,#9555,#9557,.T.);
#9555 = VERTEX_POINT('',#9556);
#9556 = CARTESIAN_POINT('',(9.,133.,115.));
#9557 = SURFACE_CURVE('',#9558,(#9562,#9569),.PCURVE_S1.);
#9558 = LINE('',#9559,#9560);
#9559 = CARTESIAN_POINT('',(9.,115.,115.));
#9560 = VECTOR('',#9561,1.);
#9561 = DIRECTION('',(-0.,1.,0.));
#9562 = PCURVE('',#9473,#9563);
#9563 = DEFINITIONAL_REPRESENTATION('',(#9564),#9568);
#9564 = LINE('',#9565,#9566);
#9565 = CARTESIAN_POINT('',(18.,0.));
#9566 = VECTOR('',#9567,1.);
#9567 = DIRECTION('',(0.,1.));
#9568 = ( GEOMETRIC_REPRESENTATION_CONTEXT(2) 
PARAMETRIC_REPRESENTATION_CONTEXT() REPRESENTATION_CONTEXT('2D SPACE',''
  ) );
#9569 = PCURVE('',#9570,#9575);
#9570 = PLANE('',#9571);
#9571 = AXIS2_PLACEMENT_3D('',#9572,#9573,#9574);
#9572 = CARTESIAN_POINT('',(9.,115.,76.));
#9573 = DIRECTION('',(1.,0.,-0.));
#9574 = DIRECTION('',(0.,0.,1.));
#9575 = DEFINITIONAL_REPRESENTATION('',(#9576),#9580);
#9576 = LINE('',#9577,#9578);
#9577 = CARTESIAN_POINT('',(39.,0.));
#9578 = VECTOR('',#9579,1.);
#9579 = DIRECTION('',(0.,-1.));
#9580 = ( GEOMETRIC_REPRESENTATION_CONTEXT(2) 
PARAMETRIC_REPRESENTATION_CONTEXT() REPRESENTATION_CONTEXT('2D SPACE',''
  ) );
#9581 = ORIENTED_EDGE('',*,*,#9582,.F.);
#9582 = EDGE_CURVE('',#9499,#9555,#9583,.T.);
#9583 = SURFACE_CURVE('',#9584,(#9588,#9595),.PCURVE_S1.);
#9584 = LINE('',#9585,#9586);
#9585 = CARTESIAN_POINT('',(-9.,133.,115.));
#9586 = VECTOR('',#9587,1.);
#9587 = DIRECTION('',(1.,0.,-0.));
#9588 = PCURVE('',#9473,#9589);
#9589 = DEFINITIONAL_REPRESENTATION('',(#9590),#9594);
#9590 = LINE('',#9591,#9592);
#9591 = CARTESIAN_POINT('',(0.,18.));
#9592 = VECTOR('',#9593,1.);
#9593 = DIRECTION('',(1.,0.));
#9594 = ( GEOMETRIC_REPRESENTATION_CONTEXT(2) 
PARAMETRIC_REPRESENTATION_CONTEXT() REPRESENTATION_CONTEXT('2D SPACE',''
  ) );
#9595 = PCURVE('',#9596,#9601);
#9596 = PLANE('',#9597);
#9597 = AXIS2_PLACEMENT_3D('',#9598,#9599,#9600);
#9598 = CARTESIAN_POINT('',(-9.,133.,76.));
#9599 = DIRECTION('',(-0.,1.,0.));
#9600 = DIRECTION('',(0.,0.,1.));
#9601 = DEFINITIONAL_REPRESENTATION('',(#9602),#9606);
#9602 = LINE('',#9603,#9604);
#9603 = CARTESIAN_POINT('',(39.,0.));
#9604 = VECTOR('',#9605,1.);
#9605 = DIRECTION('',(0.,1.));
#9606 = ( GEOMETRIC_REPRESENTATION_CONTEXT(2) 
PARAMETRIC_REPRESENTATION_CONTEXT() REPRESENTATION_CONTEXT('2D SPACE',''
  ) );
#9607 = FACE_BOUND('',#9608,.F.);
#9608 = EDGE_LOOP('',(#9609));
#9609 = ORIENTED_EDGE('',*,*,#9458,.F.);
#9610 = ADVANCED_FACE('',(#9611),#9514,.T.);
#9611 = FACE_BOUND('',#9612,.T.);
#9612 = EDGE_LOOP('',(#9613,#9636,#9664,#9685));
#9613 = ORIENTED_EDGE('',*,*,#9614,.F.);
#9614 = EDGE_CURVE('',#9615,#9497,#9617,.T.);
#9615 = VERTEX_POINT('',#9616);
#9616 = CARTESIAN_POINT('',(-9.,115.,76.));
#9617 = SURFACE_CURVE('',#9618,(#9622,#9629),.PCURVE_S1.);
#9618 = LINE('',#9619,#9620);
#9619 = CARTESIAN_POINT('',(-9.,115.,76.));
#9620 = VECTOR('',#9621,1.);
#9621 = DIRECTION('',(0.,0.,1.));
#9622 = PCURVE('',#9514,#9623);
#9623 = DEFINITIONAL_REPRESENTATION('',(#9624),#9628);
#9624 = LINE('',#9625,#9626);
#9625 = CARTESIAN_POINT('',(0.,0.));
#9626 = VECTOR('',#9627,1.);
#9627 = DIRECTION('',(1.,0.));
#9628 = ( GEOMETRIC_REPRESENTATION_CONTEXT(2) 
PARAMETRIC_REPRESENTATION_CONTEXT() REPRESENTATION_CONTEXT('2D SPACE',''
  ) );
#9629 = PCURVE('',#9542,#9630);
#9630 = DEFINITIONAL_REPRESENTATION('',(#9631),#9635);
#9631 = LINE('',#9632,#9633);
#9632 = CARTESIAN_POINT('',(0.,0.));
#9633 = VECTOR('',#9634,1.);
#9634 = DIRECTION('',(1.,0.));
#9635 = ( GEOMETRIC_REPRESENTATION_CONTEXT(2) 
PARAMETRIC_REPRESENTATION_CONTEXT() REPRESENTATION_CONTEXT('2D SPACE',''
  ) );
#9636 = ORIENTED_EDGE('',*,*,#9637,.T.);
#9637 = EDGE_CURVE('',#9615,#9638,#9640,.T.);
#9638 = VERTEX_POINT('',#9639);
#9639 = CARTESIAN_POINT('',(-9.,133.,76.));
#9640 = SURFACE_CURVE('',#9641,(#9645,#9652),.PCURVE_S1.);
#9641 = LINE('',#9642,#9643);
#9642 = CARTESIAN_POINT('',(-9.,115.,76.));
#9643 = VECTOR('',#9644,1.);
#9644 = DIRECTION('',(-0.,1.,0.));
#9645 = PCURVE('',#9514,#9646);
#9646 = DEFINITIONAL_REPRESENTATION('',(#9647),#9651);
#9647 = LINE('',#9648,#9649);
#9648 = CARTESIAN_POINT('',(0.,0.));
#9649 = VECTOR('',#9650,1.);
#9650 = DIRECTION('',(0.,-1.));
#9651 = ( GEOMETRIC_REPRESENTATION_CONTEXT(2) 
PARAMETRIC_REPRESENTATION_CONTEXT() REPRESENTATION_CONTEXT('2D SPACE',''
  ) );
#9652 = PCURVE('',#9653,#9658);
#9653 = PLANE('',#9654);
#9654 = AXIS2_PLACEMENT_3D('',#9655,#9656,#9657);
#9655 = CARTESIAN_POINT('',(-9.,115.,76.));
#9656 = DIRECTION('',(0.,0.,1.));
#9657 = DIRECTION('',(1.,0.,-0.));
#9658 = DEFINITIONAL_REPRESENTATION('',(#9659),#9663);
#9659 = LINE('',#9660,#9661);
#9660 = CARTESIAN_POINT('',(0.,0.));
#9661 = VECTOR('',#9662,1.);
#9662 = DIRECTION('',(0.,1.));
#9663 = ( GEOMETRIC_REPRESENTATION_CONTEXT(2) 
PARAMETRIC_REPRESENTATION_CONTEXT() REPRESENTATION_CONTEXT('2D SPACE',''
  ) );
#9664 = ORIENTED_EDGE('',*,*,#9665,.T.);
#9665 = EDGE_CURVE('',#9638,#9499,#9666,.T.);
#9666 = SURFACE_CURVE('',#9667,(#9671,#9678),.PCURVE_S1.);
#9667 = LINE('',#9668,#9669);
#9668 = CARTESIAN_POINT('',(-9.,133.,76.));
#9669 = VECTOR('',#9670,1.);
#9670 = DIRECTION('',(0.,0.,1.));
#9671 = PCURVE('',#9514,#9672);
#9672 = DEFINITIONAL_REPRESENTATION('',(#9673),#9677);
#9673 = LINE('',#9674,#9675);
#9674 = CARTESIAN_POINT('',(0.,-18.));
#9675 = VECTOR('',#9676,1.);
#9676 = DIRECTION('',(1.,0.));
#9677 = ( GEOMETRIC_REPRESENTATION_CONTEXT(2) 
PARAMETRIC_REPRESENTATION_CONTEXT() REPRESENTATION_CONTEXT('2D SPACE',''
  ) );
#9678 = PCURVE('',#9596,#9679);
#9679 = DEFINITIONAL_REPRESENTATION('',(#9680),#9684);
#9680 = LINE('',#9681,#9682);
#9681 = CARTESIAN_POINT('',(0.,0.));
#9682 = VECTOR('',#9683,1.);
#9683 = DIRECTION('',(1.,0.));
#9684 = ( GEOMETRIC_REPRESENTATION_CONTEXT(2) 
PARAMETRIC_REPRESENTATION_CONTEXT() REPRESENTATION_CONTEXT('2D SPACE',''
  ) );
#9685 = ORIENTED_EDGE('',*,*,#9496,.F.);
#9686 = ADVANCED_FACE('',(#9687),#9596,.F.);
#9687 = FACE_BOUND('',#9688,.F.);
#9688 = EDGE_LOOP('',(#9689,#9712,#9713,#9714));
#9689 = ORIENTED_EDGE('',*,*,#9690,.F.);
#9690 = EDGE_CURVE('',#9638,#9691,#9693,.T.);
#9691 = VERTEX_POINT('',#9692);
#9692 = CARTESIAN_POINT('',(9.,133.,76.));
#9693 = SURFACE_CURVE('',#9694,(#9698,#9705),.PCURVE_S1.);
#9694 = LINE('',#9695,#9696);
#9695 = CARTESIAN_POINT('',(-9.,133.,76.));
#9696 = VECTOR('',#9697,1.);
#9697 = DIRECTION('',(1.,0.,-0.));
#9698 = PCURVE('',#9596,#9699);
#9699 = DEFINITIONAL_REPRESENTATION('',(#9700),#9704);
#9700 = LINE('',#9701,#9702);
#9701 = CARTESIAN_POINT('',(0.,0.));
#9702 = VECTOR('',#9703,1.);
#9703 = DIRECTION('',(0.,1.));
#9704 = ( GEOMETRIC_REPRESENTATION_CONTEXT(2) 
PARAMETRIC_REPRESENTATION_CONTEXT() REPRESENTATION_CONTEXT('2D SPACE',''
  ) );
#9705 = PCURVE('',#9653,#9706);
#9706 = DEFINITIONAL_REPRESENTATION('',(#9707),#9711);
#9707 = LINE('',#9708,#9709);
#9708 = CARTESIAN_POINT('',(0.,18.));
#9709 = VECTOR('',#9710,1.);
#9710 = DIRECTION('',(1.,0.));
#9711 = ( GEOMETRIC_REPRESENTATION_CONTEXT(2) 
PARAMETRIC_REPRESENTATION_CONTEXT() REPRESENTATION_CONTEXT('2D SPACE',''
  ) );
#9712 = ORIENTED_EDGE('',*,*,#9665,.T.);
#9713 = ORIENTED_EDGE('',*,*,#9582,.T.);
#9714 = ORIENTED_EDGE('',*,*,#9715,.F.);
#9715 = EDGE_CURVE('',#9691,#9555,#9716,.T.);
#9716 = SURFACE_CURVE('',#9717,(#9721,#9728),.PCURVE_S1.);
#9717 = LINE('',#9718,#9719);
#9718 = CARTESIAN_POINT('',(9.,133.,76.));
#9719 = VECTOR('',#9720,1.);
#9720 = DIRECTION('',(0.,0.,1.));
#9721 = PCURVE('',#9596,#9722);
#9722 = DEFINITIONAL_REPRESENTATION('',(#9723),#9727);
#9723 = LINE('',#9724,#9725);
#9724 = CARTESIAN_POINT('',(0.,18.));
#9725 = VECTOR('',#9726,1.);
#9726 = DIRECTION('',(1.,0.));
#9727 = ( GEOMETRIC_REPRESENTATION_CONTEXT(2) 
PARAMETRIC_REPRESENTATION_CONTEXT() REPRESENTATION_CONTEXT('2D SPACE',''
  ) );
#9728 = PCURVE('',#9570,#9729);
#9729 = DEFINITIONAL_REPRESENTATION('',(#9730),#9734);
#9730 = LINE('',#9731,#9732);
#9731 = CARTESIAN_POINT('',(0.,-18.));
#9732 = VECTOR('',#9733,1.);
#9733 = DIRECTION('',(1.,0.));
#9734 = ( GEOMETRIC_REPRESENTATION_CONTEXT(2) 
PARAMETRIC_REPRESENTATION_CONTEXT() REPRESENTATION_CONTEXT('2D SPACE',''
  ) );
#9735 = ADVANCED_FACE('',(#9736),#9542,.T.);
#9736 = FACE_BOUND('',#9737,.T.);
#9737 = EDGE_LOOP('',(#9738,#9761,#9762,#9763));
#9738 = ORIENTED_EDGE('',*,*,#9739,.F.);
#9739 = EDGE_CURVE('',#9615,#9740,#9742,.T.);
#9740 = VERTEX_POINT('',#9741);
#9741 = CARTESIAN_POINT('',(9.,115.,76.));
#9742 = SURFACE_CURVE('',#9743,(#9747,#9754),.PCURVE_S1.);
#9743 = LINE('',#9744,#9745);
#9744 = CARTESIAN_POINT('',(-9.,115.,76.));
#9745 = VECTOR('',#9746,1.);
#9746 = DIRECTION('',(1.,0.,-0.));
#9747 = PCURVE('',#9542,#9748);
#9748 = DEFINITIONAL_REPRESENTATION('',(#9749),#9753);
#9749 = LINE('',#9750,#9751);
#9750 = CARTESIAN_POINT('',(0.,0.));
#9751 = VECTOR('',#9752,1.);
#9752 = DIRECTION('',(0.,1.));
#9753 = ( GEOMETRIC_REPRESENTATION_CONTEXT(2) 
PARAMETRIC_REPRESENTATION_CONTEXT() REPRESENTATION_CONTEXT('2D SPACE',''
  ) );
#9754 = PCURVE('',#9653,#9755);
#9755 = DEFINITIONAL_REPRESENTATION('',(#9756),#9760);
#9756 = LINE('',#9757,#9758);
#9757 = CARTESIAN_POINT('',(0.,0.));
#9758 = VECTOR('',#9759,1.);
#9759 = DIRECTION('',(1.,0.));
#9760 = ( GEOMETRIC_REPRESENTATION_CONTEXT(2) 
PARAMETRIC_REPRESENTATION_CONTEXT() REPRESENTATION_CONTEXT('2D SPACE',''
  ) );
#9761 = ORIENTED_EDGE('',*,*,#9614,.T.);
#9762 = ORIENTED_EDGE('',*,*,#9526,.T.);
#9763 = ORIENTED_EDGE('',*,*,#9764,.F.);
#9764 = EDGE_CURVE('',#9740,#9527,#9765,.T.);
#9765 = SURFACE_CURVE('',#9766,(#9770,#9777),.PCURVE_S1.);
#9766 = LINE('',#9767,#9768);
#9767 = CARTESIAN_POINT('',(9.,115.,76.));
#9768 = VECTOR('',#9769,1.);
#9769 = DIRECTION('',(0.,0.,1.));
#9770 = PCURVE('',#9542,#9771);
#9771 = DEFINITIONAL_REPRESENTATION('',(#9772),#9776);
#9772 = LINE('',#9773,#9774);
#9773 = CARTESIAN_POINT('',(0.,18.));
#9774 = VECTOR('',#9775,1.);
#9775 = DIRECTION('',(1.,0.));
#9776 = ( GEOMETRIC_REPRESENTATION_CONTEXT(2) 
PARAMETRIC_REPRESENTATION_CONTEXT() REPRESENTATION_CONTEXT('2D SPACE',''
  ) );
#9777 = PCURVE('',#9570,#9778);
#9778 = DEFINITIONAL_REPRESENTATION('',(#9779),#9783);
#9779 = LINE('',#9780,#9781);
#9780 = CARTESIAN_POINT('',(0.,0.));
#9781 = VECTOR('',#9782,1.);
#9782 = DIRECTION('',(1.,0.));
#9783 = ( GEOMETRIC_REPRESENTATION_CONTEXT(2) 
PARAMETRIC_REPRESENTATION_CONTEXT() REPRESENTATION_CONTEXT('2D SPACE',''
  ) );
#9784 = ADVANCED_FACE('',(#9785),#9570,.F.);
#9785 = FACE_BOUND('',#9786,.F.);
#9786 = EDGE_LOOP('',(#9787,#9788,#9809,#9810));
#9787 = ORIENTED_EDGE('',*,*,#9764,.F.);
#9788 = ORIENTED_EDGE('',*,*,#9789,.T.);
#9789 = EDGE_CURVE('',#9740,#9691,#9790,.T.);
#9790 = SURFACE_CURVE('',#9791,(#9795,#9802),.PCURVE_S1.);
#9791 = LINE('',#9792,#9793);
#9792 = CARTESIAN_POINT('',(9.,115.,76.));
#9793 = VECTOR('',#9794,1.);
#9794 = DIRECTION('',(-0.,1.,0.));
#9795 = PCURVE('',#9570,#9796);
#9796 = DEFINITIONAL_REPRESENTATION('',(#9797),#9801);
#9797 = LINE('',#9798,#9799);
#9798 = CARTESIAN_POINT('',(0.,0.));
#9799 = VECTOR('',#9800,1.);
#9800 = DIRECTION('',(0.,-1.));
#9801 = ( GEOMETRIC_REPRESENTATION_CONTEXT(2) 
PARAMETRIC_REPRESENTATION_CONTEXT() REPRESENTATION_CONTEXT('2D SPACE',''
  ) );
#9802 = PCURVE('',#9653,#9803);
#9803 = DEFINITIONAL_REPRESENTATION('',(#9804),#9808);
#9804 = LINE('',#9805,#9806);
#9805 = CARTESIAN_POINT('',(18.,0.));
#9806 = VECTOR('',#9807,1.);
#9807 = DIRECTION('',(0.,1.));
#9808 = ( GEOMETRIC_REPRESENTATION_CONTEXT(2) 
PARAMETRIC_REPRESENTATION_CONTEXT() REPRESENTATION_CONTEXT('2D SPACE',''
  ) );
#9809 = ORIENTED_EDGE('',*,*,#9715,.T.);
#9810 = ORIENTED_EDGE('',*,*,#9554,.F.);
#9811 = ADVANCED_FACE('',(#9812),#9653,.T.);
#9812 = FACE_BOUND('',#9813,.T.);
#9813 = EDGE_LOOP('',(#9814,#9815,#9816,#9817));
#9814 = ORIENTED_EDGE('',*,*,#9637,.F.);
#9815 = ORIENTED_EDGE('',*,*,#9739,.T.);
#9816 = ORIENTED_EDGE('',*,*,#9789,.T.);
#9817 = ORIENTED_EDGE('',*,*,#9690,.F.);
#9818 = ( GEOMETRIC_REPRESENTATION_CONTEXT(3) 
GLOBAL_UNCERTAINTY_ASSIGNED_CONTEXT((#9822)) 
GLOBAL_UNIT_ASSIGNED_CONTEXT((#9819,#9820,#9821)) REPRESENTATION_CONTEXT
('Context #1','3D Context with UNIT and UNCERTAINTY') );
#9819 = ( LENGTH_UNIT() NAMED_UNIT(*) SI_UNIT(.MILLI.,.METRE.) );
#9820 = ( NAMED_UNIT(*) PLANE_ANGLE_UNIT() SI_UNIT($,.RADIAN.) );
#9821 = ( NAMED_UNIT(*) SI_UNIT($,.STERADIAN.) SOLID_ANGLE_UNIT() );
#9822 = UNCERTAINTY_MEASURE_WITH_UNIT(LENGTH_MEASURE(1.E-07),#9819,
  'distance_accuracy_value','confusion accuracy');
#9823 = CONTEXT_DEPENDENT_SHAPE_REPRESENTATION(#9824,#9826);
#9824 = ( REPRESENTATION_RELATIONSHIP('','',#8761,#10) 
REPRESENTATION_RELATIONSHIP_WITH_TRANSFORMATION(#9825) 
SHAPE_REPRESENTATION_RELATIONSHIP() );
#9825 = ITEM_DEFINED_TRANSFORMATION('','',#11,#51);
#9826 = PRODUCT_DEFINITION_SHAPE('Placement','Placement of an item',
  #9827);
#9827 = NEXT_ASSEMBLY_USAGE_OCCURRENCE('10','Neutralizer_Housing','',#5,
  #8756,$);
#9828 = PRODUCT_RELATED_PRODUCT_CATEGORY('part',$,(#8758));
#9829 = SHAPE_DEFINITION_REPRESENTATION(#259,#9830);
#9830 = SHAPE_REPRESENTATION('',(#15),#251);
#9831 = SHAPE_DEFINITION_REPRESENTATION(#1060,#9832);
#9832 = SHAPE_REPRESENTATION('',(#19),#1052);
#9833 = SHAPE_DEFINITION_REPRESENTATION(#1267,#9834);
#9834 = SHAPE_REPRESENTATION('',(#23),#1259);
#9835 = SHAPE_DEFINITION_REPRESENTATION(#4326,#9836);
#9836 = SHAPE_REPRESENTATION('',(#27),#4318);
#9837 = SHAPE_DEFINITION_REPRESENTATION(#5105,#9838);
#9838 = SHAPE_REPRESENTATION('',(#31),#5097);
#9839 = SHAPE_DEFINITION_REPRESENTATION(#5488,#9840);
#9840 = SHAPE_REPRESENTATION('',(#35),#5480);
#9841 = SHAPE_DEFINITION_REPRESENTATION(#8053,#9842);
#9842 = SHAPE_REPRESENTATION('',(#39),#8045);
#9843 = SHAPE_DEFINITION_REPRESENTATION(#8436,#9844);
#9844 = SHAPE_REPRESENTATION('',(#43),#8428);
#9845 = SHAPE_DEFINITION_REPRESENTATION(#8751,#9846);
#9846 = SHAPE_REPRESENTATION('',(#47),#8743);
#9847 = SHAPE_DEFINITION_REPRESENTATION(#9826,#9848);
#9848 = SHAPE_REPRESENTATION('',(#51),#9818);
#9849 = SHAPE_DEFINITION_REPRESENTATION(#259,#9850);
#9850 = SHAPE_REPRESENTATION('',(#15),#251);
#9851 = SHAPE_DEFINITION_REPRESENTATION(#1060,#9852);
#9852 = SHAPE_REPRESENTATION('',(#19),#1052);
#9853 = SHAPE_DEFINITION_REPRESENTATION(#1267,#9854);
#9854 = SHAPE_REPRESENTATION('',(#23),#1259);
#9855 = SHAPE_DEFINITION_REPRESENTATION(#4326,#9856);
#9856 = SHAPE_REPRESENTATION('',(#27),#4318);
#9857 = SHAPE_DEFINITION_REPRESENTATION(#5105,#9858);
#9858 = SHAPE_REPRESENTATION('',(#31),#5097);
#9859 = SHAPE_DEFINITION_REPRESENTATION(#5488,#9860);
#9860 = SHAPE_REPRESENTATION('',(#35),#5480);
#9861 = SHAPE_DEFINITION_REPRESENTATION(#8053,#9862);
#9862 = SHAPE_REPRESENTATION('',(#39),#8045);
#9863 = SHAPE_DEFINITION_REPRESENTATION(#8436,#9864);
#9864 = SHAPE_REPRESENTATION('',(#43),#8428);
#9865 = SHAPE_DEFINITION_REPRESENTATION(#8751,#9866);
#9866 = SHAPE_REPRESENTATION('',(#47),#8743);
#9867 = SHAPE_DEFINITION_REPRESENTATION(#9826,#9868);
#9868 = SHAPE_REPRESENTATION('',(#51),#9818);
#9869 = MECHANICAL_DESIGN_GEOMETRIC_PRESENTATION_REPRESENTATION('',(
    #9870,#9880),#9818);
#9870 = STYLED_ITEM('color',(#9871),#8762);
#9871 = PRESENTATION_STYLE_ASSIGNMENT((#9872,#9878));
#9872 = SURFACE_STYLE_USAGE(.BOTH.,#9873);
#9873 = SURFACE_SIDE_STYLE('',(#9874));
#9874 = SURFACE_STYLE_FILL_AREA(#9875);
#9875 = FILL_AREA_STYLE('',(#9876));
#9876 = FILL_AREA_STYLE_COLOUR('',#9877);
#9877 = COLOUR_RGB('',0.83529410346,0.847058829703,0.894117649055);
#9878 = CURVE_STYLE('',#9879,POSITIVE_LENGTH_MEASURE(0.1),#9877);
#9879 = DRAUGHTING_PRE_DEFINED_CURVE_FONT('continuous');
#9880 = OVER_RIDING_STYLED_ITEM('overriding color',(#9881),#8762,#9870);
#9881 = PRESENTATION_STYLE_BY_CONTEXT((#9882,#9888),#9868);
#9882 = SURFACE_STYLE_USAGE(.BOTH.,#9883);
#9883 = SURFACE_SIDE_STYLE('',(#9884));
#9884 = SURFACE_STYLE_FILL_AREA(#9885);
#9885 = FILL_AREA_STYLE('',(#9886));
#9886 = FILL_AREA_STYLE_COLOUR('',#9887);
#9887 = COLOUR_RGB('',0.83529410346,0.847058829703,0.894117649055);
#9888 = CURVE_STYLE('',#9889,POSITIVE_LENGTH_MEASURE(0.1),#9887);
#9889 = DRAUGHTING_PRE_DEFINED_CURVE_FONT('continuous');
#9890 = MECHANICAL_DESIGN_GEOMETRIC_PRESENTATION_REPRESENTATION('',(
    #9891,#9901),#1052);
#9891 = STYLED_ITEM('color',(#9892),#270);
#9892 = PRESENTATION_STYLE_ASSIGNMENT((#9893,#9899));
#9893 = SURFACE_STYLE_USAGE(.BOTH.,#9894);
#9894 = SURFACE_SIDE_STYLE('',(#9895));
#9895 = SURFACE_STYLE_FILL_AREA(#9896);
#9896 = FILL_AREA_STYLE('',(#9897));
#9897 = FILL_AREA_STYLE_COLOUR('',#9898);
#9898 = COLOUR_RGB('',0.478431380801,0.501960785193,0.545098039737);
#9899 = CURVE_STYLE('',#9900,POSITIVE_LENGTH_MEASURE(0.1),#9898);
#9900 = DRAUGHTING_PRE_DEFINED_CURVE_FONT('continuous');
#9901 = OVER_RIDING_STYLED_ITEM('overriding color',(#9902),#270,#9891);
#9902 = PRESENTATION_STYLE_BY_CONTEXT((#9903,#9909),#9852);
#9903 = SURFACE_STYLE_USAGE(.BOTH.,#9904);
#9904 = SURFACE_SIDE_STYLE('',(#9905));
#9905 = SURFACE_STYLE_FILL_AREA(#9906);
#9906 = FILL_AREA_STYLE('',(#9907));
#9907 = FILL_AREA_STYLE_COLOUR('',#9908);
#9908 = COLOUR_RGB('',0.478431380801,0.501960785193,0.545098039737);
#9909 = CURVE_STYLE('',#9910,POSITIVE_LENGTH_MEASURE(0.1),#9908);
#9910 = DRAUGHTING_PRE_DEFINED_CURVE_FONT('continuous');
#9911 = MECHANICAL_DESIGN_GEOMETRIC_PRESENTATION_REPRESENTATION('',(
    #9912,#9921),#251);
#9912 = STYLED_ITEM('color',(#9913),#69);
#9913 = PRESENTATION_STYLE_ASSIGNMENT((#9914,#9919));
#9914 = SURFACE_STYLE_USAGE(.BOTH.,#9915);
#9915 = SURFACE_SIDE_STYLE('',(#9916));
#9916 = SURFACE_STYLE_FILL_AREA(#9917);
#9917 = FILL_AREA_STYLE('',(#9918));
#9918 = FILL_AREA_STYLE_COLOUR('',#9877);
#9919 = CURVE_STYLE('',#9920,POSITIVE_LENGTH_MEASURE(0.1),#9877);
#9920 = DRAUGHTING_PRE_DEFINED_CURVE_FONT('continuous');
#9921 = OVER_RIDING_STYLED_ITEM('overriding color',(#9922),#69,#9912);
#9922 = PRESENTATION_STYLE_BY_CONTEXT((#9923,#9928),#9850);
#9923 = SURFACE_STYLE_USAGE(.BOTH.,#9924);
#9924 = SURFACE_SIDE_STYLE('',(#9925));
#9925 = SURFACE_STYLE_FILL_AREA(#9926);
#9926 = FILL_AREA_STYLE('',(#9927));
#9927 = FILL_AREA_STYLE_COLOUR('',#9887);
#9928 = CURVE_STYLE('',#9929,POSITIVE_LENGTH_MEASURE(0.1),#9887);
#9929 = DRAUGHTING_PRE_DEFINED_CURVE_FONT('continuous');
#9930 = MECHANICAL_DESIGN_GEOMETRIC_PRESENTATION_REPRESENTATION('',(
    #9931,#9941),#5097);
#9931 = STYLED_ITEM('color',(#9932),#4337);
#9932 = PRESENTATION_STYLE_ASSIGNMENT((#9933,#9939));
#9933 = SURFACE_STYLE_USAGE(.BOTH.,#9934);
#9934 = SURFACE_SIDE_STYLE('',(#9935));
#9935 = SURFACE_STYLE_FILL_AREA(#9936);
#9936 = FILL_AREA_STYLE('',(#9937));
#9937 = FILL_AREA_STYLE_COLOUR('',#9938);
#9938 = COLOUR_RGB('',0.725490202603,0.466666661095,0.227450982423);
#9939 = CURVE_STYLE('',#9940,POSITIVE_LENGTH_MEASURE(0.1),#9938);
#9940 = DRAUGHTING_PRE_DEFINED_CURVE_FONT('continuous');
#9941 = OVER_RIDING_STYLED_ITEM('overriding color',(#9942),#4337,#9931);
#9942 = PRESENTATION_STYLE_BY_CONTEXT((#9943,#9949),#9858);
#9943 = SURFACE_STYLE_USAGE(.BOTH.,#9944);
#9944 = SURFACE_SIDE_STYLE('',(#9945));
#9945 = SURFACE_STYLE_FILL_AREA(#9946);
#9946 = FILL_AREA_STYLE('',(#9947));
#9947 = FILL_AREA_STYLE_COLOUR('',#9948);
#9948 = COLOUR_RGB('',0.725490202603,0.466666661095,0.227450982423);
#9949 = CURVE_STYLE('',#9950,POSITIVE_LENGTH_MEASURE(0.1),#9948);
#9950 = DRAUGHTING_PRE_DEFINED_CURVE_FONT('continuous');
#9951 = MECHANICAL_DESIGN_GEOMETRIC_PRESENTATION_REPRESENTATION('',(
    #9952,#9962),#8743);
#9952 = STYLED_ITEM('color',(#9953),#8447);
#9953 = PRESENTATION_STYLE_ASSIGNMENT((#9954,#9960));
#9954 = SURFACE_STYLE_USAGE(.BOTH.,#9955);
#9955 = SURFACE_SIDE_STYLE('',(#9956));
#9956 = SURFACE_STYLE_FILL_AREA(#9957);
#9957 = FILL_AREA_STYLE('',(#9958));
#9958 = FILL_AREA_STYLE_COLOUR('',#9959);
#9959 = COLOUR_RGB('',0.847058829703,0.713725498821,0.18039215679);
#9960 = CURVE_STYLE('',#9961,POSITIVE_LENGTH_MEASURE(0.1),#9959);
#9961 = DRAUGHTING_PRE_DEFINED_CURVE_FONT('continuous');
#9962 = OVER_RIDING_STYLED_ITEM('overriding color',(#9963),#8447,#9952);
#9963 = PRESENTATION_STYLE_BY_CONTEXT((#9964,#9970),#9866);
#9964 = SURFACE_STYLE_USAGE(.BOTH.,#9965);
#9965 = SURFACE_SIDE_STYLE('',(#9966));
#9966 = SURFACE_STYLE_FILL_AREA(#9967);
#9967 = FILL_AREA_STYLE('',(#9968));
#9968 = FILL_AREA_STYLE_COLOUR('',#9969);
#9969 = COLOUR_RGB('',0.847058829703,0.713725498821,0.18039215679);
#9970 = CURVE_STYLE('',#9971,POSITIVE_LENGTH_MEASURE(0.1),#9969);
#9971 = DRAUGHTING_PRE_DEFINED_CURVE_FONT('continuous');
#9972 = MECHANICAL_DESIGN_GEOMETRIC_PRESENTATION_REPRESENTATION('',(
    #9973,#9982,#9991,#10000),#8428);
#9973 = STYLED_ITEM('color',(#9974),#8064);
#9974 = PRESENTATION_STYLE_ASSIGNMENT((#9975,#9980));
#9975 = SURFACE_STYLE_USAGE(.BOTH.,#9976);
#9976 = SURFACE_SIDE_STYLE('',(#9977));
#9977 = SURFACE_STYLE_FILL_AREA(#9978);
#9978 = FILL_AREA_STYLE('',(#9979));
#9979 = FILL_AREA_STYLE_COLOUR('',#9877);
#9980 = CURVE_STYLE('',#9981,POSITIVE_LENGTH_MEASURE(0.1),#9877);
#9981 = DRAUGHTING_PRE_DEFINED_CURVE_FONT('continuous');
#9982 = STYLED_ITEM('color',(#9983),#8246);
#9983 = PRESENTATION_STYLE_ASSIGNMENT((#9984,#9989));
#9984 = SURFACE_STYLE_USAGE(.BOTH.,#9985);
#9985 = SURFACE_SIDE_STYLE('',(#9986));
#9986 = SURFACE_STYLE_FILL_AREA(#9987);
#9987 = FILL_AREA_STYLE('',(#9988));
#9988 = FILL_AREA_STYLE_COLOUR('',#9877);
#9989 = CURVE_STYLE('',#9990,POSITIVE_LENGTH_MEASURE(0.1),#9877);
#9990 = DRAUGHTING_PRE_DEFINED_CURVE_FONT('continuous');
#9991 = OVER_RIDING_STYLED_ITEM('overriding color',(#9992),#8064,#9973);
#9992 = PRESENTATION_STYLE_BY_CONTEXT((#9993,#9998),#9864);
#9993 = SURFACE_STYLE_USAGE(.BOTH.,#9994);
#9994 = SURFACE_SIDE_STYLE('',(#9995));
#9995 = SURFACE_STYLE_FILL_AREA(#9996);
#9996 = FILL_AREA_STYLE('',(#9997));
#9997 = FILL_AREA_STYLE_COLOUR('',#9887);
#9998 = CURVE_STYLE('',#9999,POSITIVE_LENGTH_MEASURE(0.1),#9887);
#9999 = DRAUGHTING_PRE_DEFINED_CURVE_FONT('continuous');
#10000 = OVER_RIDING_STYLED_ITEM('overriding color',(#10001),#8246,#9973
  );
#10001 = PRESENTATION_STYLE_BY_CONTEXT((#10002,#10007),#9864);
#10002 = SURFACE_STYLE_USAGE(.BOTH.,#10003);
#10003 = SURFACE_SIDE_STYLE('',(#10004));
#10004 = SURFACE_STYLE_FILL_AREA(#10005);
#10005 = FILL_AREA_STYLE('',(#10006));
#10006 = FILL_AREA_STYLE_COLOUR('',#9887);
#10007 = CURVE_STYLE('',#10008,POSITIVE_LENGTH_MEASURE(0.1),#9887);
#10008 = DRAUGHTING_PRE_DEFINED_CURVE_FONT('continuous');
#10009 = MECHANICAL_DESIGN_GEOMETRIC_PRESENTATION_REPRESENTATION('',(
    #10010,#10020,#10029,#10039),#5480);
#10010 = STYLED_ITEM('color',(#10011),#5116);
#10011 = PRESENTATION_STYLE_ASSIGNMENT((#10012,#10018));
#10012 = SURFACE_STYLE_USAGE(.BOTH.,#10013);
#10013 = SURFACE_SIDE_STYLE('',(#10014));
#10014 = SURFACE_STYLE_FILL_AREA(#10015);
#10015 = FILL_AREA_STYLE('',(#10016));
#10016 = FILL_AREA_STYLE_COLOUR('',#10017);
#10017 = COLOUR_RGB('',0.933333342953,0.941176459967,0.917647049334);
#10018 = CURVE_STYLE('',#10019,POSITIVE_LENGTH_MEASURE(0.1),#10017);
#10019 = DRAUGHTING_PRE_DEFINED_CURVE_FONT('continuous');
#10020 = STYLED_ITEM('color',(#10021),#5298);
#10021 = PRESENTATION_STYLE_ASSIGNMENT((#10022,#10027));
#10022 = SURFACE_STYLE_USAGE(.BOTH.,#10023);
#10023 = SURFACE_SIDE_STYLE('',(#10024));
#10024 = SURFACE_STYLE_FILL_AREA(#10025);
#10025 = FILL_AREA_STYLE('',(#10026));
#10026 = FILL_AREA_STYLE_COLOUR('',#10017);
#10027 = CURVE_STYLE('',#10028,POSITIVE_LENGTH_MEASURE(0.1),#10017);
#10028 = DRAUGHTING_PRE_DEFINED_CURVE_FONT('continuous');
#10029 = OVER_RIDING_STYLED_ITEM('overriding color',(#10030),#5116,
  #10010);
#10030 = PRESENTATION_STYLE_BY_CONTEXT((#10031,#10037),#9860);
#10031 = SURFACE_STYLE_USAGE(.BOTH.,#10032);
#10032 = SURFACE_SIDE_STYLE('',(#10033));
#10033 = SURFACE_STYLE_FILL_AREA(#10034);
#10034 = FILL_AREA_STYLE('',(#10035));
#10035 = FILL_AREA_STYLE_COLOUR('',#10036);
#10036 = COLOUR_RGB('',0.933333342953,0.941176459967,0.917647049334);
#10037 = CURVE_STYLE('',#10038,POSITIVE_LENGTH_MEASURE(0.1),#10036);
#10038 = DRAUGHTING_PRE_DEFINED_CURVE_FONT('continuous');
#10039 = OVER_RIDING_STYLED_ITEM('overriding color',(#10040),#5298,
  #10010);
#10040 = PRESENTATION_STYLE_BY_CONTEXT((#10041,#10046),#9860);
#10041 = SURFACE_STYLE_USAGE(.BOTH.,#10042);
#10042 = SURFACE_SIDE_STYLE('',(#10043));
#10043 = SURFACE_STYLE_FILL_AREA(#10044);
#10044 = FILL_AREA_STYLE('',(#10045));
#10045 = FILL_AREA_STYLE_COLOUR('',#10036);
#10046 = CURVE_STYLE('',#10047,POSITIVE_LENGTH_MEASURE(0.1),#10036);
#10047 = DRAUGHTING_PRE_DEFINED_CURVE_FONT('continuous');
#10048 = MECHANICAL_DESIGN_GEOMETRIC_PRESENTATION_REPRESENTATION('',(
    #10049,#10058,#10067,#10076,#10085,#10094,#10103,#10112),#4318);
#10049 = STYLED_ITEM('color',(#10050),#1278);
#10050 = PRESENTATION_STYLE_ASSIGNMENT((#10051,#10056));
#10051 = SURFACE_STYLE_USAGE(.BOTH.,#10052);
#10052 = SURFACE_SIDE_STYLE('',(#10053));
#10053 = SURFACE_STYLE_FILL_AREA(#10054);
#10054 = FILL_AREA_STYLE('',(#10055));
#10055 = FILL_AREA_STYLE_COLOUR('',#9938);
#10056 = CURVE_STYLE('',#10057,POSITIVE_LENGTH_MEASURE(0.1),#9938);
#10057 = DRAUGHTING_PRE_DEFINED_CURVE_FONT('continuous');
#10058 = STYLED_ITEM('color',(#10059),#2038);
#10059 = PRESENTATION_STYLE_ASSIGNMENT((#10060,#10065));
#10060 = SURFACE_STYLE_USAGE(.BOTH.,#10061);
#10061 = SURFACE_SIDE_STYLE('',(#10062));
#10062 = SURFACE_STYLE_FILL_AREA(#10063);
#10063 = FILL_AREA_STYLE('',(#10064));
#10064 = FILL_AREA_STYLE_COLOUR('',#9938);
#10065 = CURVE_STYLE('',#10066,POSITIVE_LENGTH_MEASURE(0.1),#9938);
#10066 = DRAUGHTING_PRE_DEFINED_CURVE_FONT('continuous');
#10067 = STYLED_ITEM('color',(#10068),#2798);
#10068 = PRESENTATION_STYLE_ASSIGNMENT((#10069,#10074));
#10069 = SURFACE_STYLE_USAGE(.BOTH.,#10070);
#10070 = SURFACE_SIDE_STYLE('',(#10071));
#10071 = SURFACE_STYLE_FILL_AREA(#10072);
#10072 = FILL_AREA_STYLE('',(#10073));
#10073 = FILL_AREA_STYLE_COLOUR('',#9938);
#10074 = CURVE_STYLE('',#10075,POSITIVE_LENGTH_MEASURE(0.1),#9938);
#10075 = DRAUGHTING_PRE_DEFINED_CURVE_FONT('continuous');
#10076 = STYLED_ITEM('color',(#10077),#3558);
#10077 = PRESENTATION_STYLE_ASSIGNMENT((#10078,#10083));
#10078 = SURFACE_STYLE_USAGE(.BOTH.,#10079);
#10079 = SURFACE_SIDE_STYLE('',(#10080));
#10080 = SURFACE_STYLE_FILL_AREA(#10081);
#10081 = FILL_AREA_STYLE('',(#10082));
#10082 = FILL_AREA_STYLE_COLOUR('',#9938);
#10083 = CURVE_STYLE('',#10084,POSITIVE_LENGTH_MEASURE(0.1),#9938);
#10084 = DRAUGHTING_PRE_DEFINED_CURVE_FONT('continuous');
#10085 = OVER_RIDING_STYLED_ITEM('overriding color',(#10086),#1278,
  #10049);
#10086 = PRESENTATION_STYLE_BY_CONTEXT((#10087,#10092),#9856);
#10087 = SURFACE_STYLE_USAGE(.BOTH.,#10088);
#10088 = SURFACE_SIDE_STYLE('',(#10089));
#10089 = SURFACE_STYLE_FILL_AREA(#10090);
#10090 = FILL_AREA_STYLE('',(#10091));
#10091 = FILL_AREA_STYLE_COLOUR('',#9948);
#10092 = CURVE_STYLE('',#10093,POSITIVE_LENGTH_MEASURE(0.1),#9948);
#10093 = DRAUGHTING_PRE_DEFINED_CURVE_FONT('continuous');
#10094 = OVER_RIDING_STYLED_ITEM('overriding color',(#10095),#2038,
  #10049);
#10095 = PRESENTATION_STYLE_BY_CONTEXT((#10096,#10101),#9856);
#10096 = SURFACE_STYLE_USAGE(.BOTH.,#10097);
#10097 = SURFACE_SIDE_STYLE('',(#10098));
#10098 = SURFACE_STYLE_FILL_AREA(#10099);
#10099 = FILL_AREA_STYLE('',(#10100));
#10100 = FILL_AREA_STYLE_COLOUR('',#9948);
#10101 = CURVE_STYLE('',#10102,POSITIVE_LENGTH_MEASURE(0.1),#9948);
#10102 = DRAUGHTING_PRE_DEFINED_CURVE_FONT('continuous');
#10103 = OVER_RIDING_STYLED_ITEM('overriding color',(#10104),#2798,
  #10049);
#10104 = PRESENTATION_STYLE_BY_CONTEXT((#10105,#10110),#9856);
#10105 = SURFACE_STYLE_USAGE(.BOTH.,#10106);
#10106 = SURFACE_SIDE_STYLE('',(#10107));
#10107 = SURFACE_STYLE_FILL_AREA(#10108);
#10108 = FILL_AREA_STYLE('',(#10109));
#10109 = FILL_AREA_STYLE_COLOUR('',#9948);
#10110 = CURVE_STYLE('',#10111,POSITIVE_LENGTH_MEASURE(0.1),#9948);
#10111 = DRAUGHTING_PRE_DEFINED_CURVE_FONT('continuous');
#10112 = OVER_RIDING_STYLED_ITEM('overriding color',(#10113),#3558,
  #10049);
#10113 = PRESENTATION_STYLE_BY_CONTEXT((#10114,#10119),#9856);
#10114 = SURFACE_STYLE_USAGE(.BOTH.,#10115);
#10115 = SURFACE_SIDE_STYLE('',(#10116));
#10116 = SURFACE_STYLE_FILL_AREA(#10117);
#10117 = FILL_AREA_STYLE('',(#10118));
#10118 = FILL_AREA_STYLE_COLOUR('',#9948);
#10119 = CURVE_STYLE('',#10120,POSITIVE_LENGTH_MEASURE(0.1),#9948);
#10120 = DRAUGHTING_PRE_DEFINED_CURVE_FONT('continuous');
#10121 = MECHANICAL_DESIGN_GEOMETRIC_PRESENTATION_REPRESENTATION('',(
    #10122,#10132),#8045);
#10122 = STYLED_ITEM('color',(#10123),#5499);
#10123 = PRESENTATION_STYLE_ASSIGNMENT((#10124,#10130));
#10124 = SURFACE_STYLE_USAGE(.BOTH.,#10125);
#10125 = SURFACE_SIDE_STYLE('',(#10126));
#10126 = SURFACE_STYLE_FILL_AREA(#10127);
#10127 = FILL_AREA_STYLE('',(#10128));
#10128 = FILL_AREA_STYLE_COLOUR('',#10129);
#10129 = COLOUR_RGB('',0.227450982423,0.247058826301,0.282352937581);
#10130 = CURVE_STYLE('',#10131,POSITIVE_LENGTH_MEASURE(0.1),#10129);
#10131 = DRAUGHTING_PRE_DEFINED_CURVE_FONT('continuous');
#10132 = OVER_RIDING_STYLED_ITEM('overriding color',(#10133),#5499,
  #10122);
#10133 = PRESENTATION_STYLE_BY_CONTEXT((#10134,#10140),#9862);
#10134 = SURFACE_STYLE_USAGE(.BOTH.,#10135);
#10135 = SURFACE_SIDE_STYLE('',(#10136));
#10136 = SURFACE_STYLE_FILL_AREA(#10137);
#10137 = FILL_AREA_STYLE('',(#10138));
#10138 = FILL_AREA_STYLE_COLOUR('',#10139);
#10139 = COLOUR_RGB('',0.227450982423,0.247058826301,0.282352937581);
#10140 = CURVE_STYLE('',#10141,POSITIVE_LENGTH_MEASURE(0.1),#10139);
#10141 = DRAUGHTING_PRE_DEFINED_CURVE_FONT('continuous');
#10142 = MECHANICAL_DESIGN_GEOMETRIC_PRESENTATION_REPRESENTATION('',(
    #10143,#10153),#1259);
#10143 = STYLED_ITEM('color',(#10144),#1071);
#10144 = PRESENTATION_STYLE_ASSIGNMENT((#10145,#10151));
#10145 = SURFACE_STYLE_USAGE(.BOTH.,#10146);
#10146 = SURFACE_SIDE_STYLE('',(#10147));
#10147 = SURFACE_STYLE_FILL_AREA(#10148);
#10148 = FILL_AREA_STYLE('',(#10149));
#10149 = FILL_AREA_STYLE_COLOUR('',#10150);
#10150 = COLOUR_RGB('',0.541176465727,0.564705893417,0.599999994755);
#10151 = CURVE_STYLE('',#10152,POSITIVE_LENGTH_MEASURE(0.1),#10150);
#10152 = DRAUGHTING_PRE_DEFINED_CURVE_FONT('continuous');
#10153 = OVER_RIDING_STYLED_ITEM('overriding color',(#10154),#1071,
  #10143);
#10154 = PRESENTATION_STYLE_BY_CONTEXT((#10155,#10161),#9854);
#10155 = SURFACE_STYLE_USAGE(.BOTH.,#10156);
#10156 = SURFACE_SIDE_STYLE('',(#10157));
#10157 = SURFACE_STYLE_FILL_AREA(#10158);
#10158 = FILL_AREA_STYLE('',(#10159));
#10159 = FILL_AREA_STYLE_COLOUR('',#10160);
#10160 = COLOUR_RGB('',0.541176465727,0.564705893417,0.599999994755);
#10161 = CURVE_STYLE('',#10162,POSITIVE_LENGTH_MEASURE(0.1),#10160);
#10162 = DRAUGHTING_PRE_DEFINED_CURVE_FONT('continuous');
ENDSEC;
END-ISO-10303-21;
